,created_at,results
0,2025-04-24 00:48:48.746065+00:00,"{'sdk_element_id': 'ND-Root', 'sdk_element_title': None, 'sdk_element_xpath': '/*', 'test_data_xpaths': [{'test_data_suite_oid': '6809839e9090eed3decccd14', 'test_data_suite_id': 'sdk_examples_pin-1.3', 'test_data_oid': '6809839e9090eed3decccd15', 'test_data_id': 't01_PRT', 'xpaths': [{'xpath': 'PriorInformationNotice', 'value': None}]}, {'test_data_suite_oid': '6809839e9090eed3decccd14', 'test_data_suite_id': 'sdk_examples_pin-1.3', 'test_data_oid': '6809839e9090eed3decccd16', 'test_data_id': 'pin-buyer_24', 'xpaths': [{'xpath': 'PriorInformationNotice', 'value': None}]}, {'test_data_suite_oid': '6809839e9090eed3decccd14', 'test_data_suite_id': 'sdk_examples_pin-1.3', 'test_data_oid': '6809839e9090eed3decccd17', 'test_data_id': 'pin-buyer_24_published', 'xpaths': [{'xpath': 'PriorInformationNotice', 'value': None}]}, {'test_data_suite_oid': '6809839e9090eed3decccd14', 'test_data_suite_id': 'sdk_examples_pin-1.3', 'test_data_oid': '6809839e9090eed3decccd18', 'test_data_id': 'qu-sy_25', 'xpaths': [{'xpath': 'PriorInformationNotice', 'value': None}]}, {'test_data_suite_oid': '6809839e9090eed3decccd14', 'test_data_suite_id': 'sdk_examples_pin-1.3', 'test_data_oid': '6809839e9090eed3decccd19', 'test_data_id': 'CEI', 'xpaths': [{'xpath': 'PriorInformationNotice', 'value': None}]}, {'test_data_suite_oid': '6809839e9090eed3decccd14', 'test_data_suite_id': 'sdk_examples_pin-1.3', 'test_data_oid': '6809839e9090eed3decccd1a', 'test_data_id': 'pin-cfc_25', 'xpaths': [{'xpath': 'PriorInformationNotice', 'value': None}]}, {'test_data_suite_oid': '6809839e9090eed3decccd14', 'test_data_suite_id': 'sdk_examples_pin-1.3', 'test_data_oid': '6809839e9090eed3decccd1b', 'test_data_id': 'pin-only_81_FRA', 'xpaths': [{'xpath': 'PriorInformationNotice', 'value': None}]}, {'test_data_suite_oid': '6809839e9090eed3decccd14', 'test_data_suite_id': 'sdk_examples_pin-1.3', 'test_data_oid': '6809839e9090eed3decccd1c', 'test_data_id': 'pin-only_24_lots', 'xpaths': [{'xpath': 'PriorInformationNotice', 'value': None}]}, {'test_data_suite_oid': '6809839e9090eed3decccd14', 'test_data_suite_id': 'sdk_examples_pin-1.3', 'test_data_oid': '6809839e9090eed3decccd1d', 'test_data_id': 'pin-only_24_maximal', 'xpaths': [{'xpath': 'PriorInformationNotice', 'value': None}]}, {'test_data_suite_oid': '6809839e9090eed3decccd14', 'test_data_suite_id': 'sdk_examples_pin-1.3', 'test_data_oid': '6809839e9090eed3decccd1e', 'test_data_id': 'pin-only_fin-reg', 'xpaths': [{'xpath': 'PriorInformationNotice', 'value': None}]}, {'test_data_suite_oid': '6809839e9090eed3decccd14', 'test_data_suite_id': 'sdk_examples_pin-1.3', 'test_data_oid': '6809839e9090eed3decccd1f', 'test_data_id': 'pin-only_81', 'xpaths': [{'xpath': 'PriorInformationNotice', 'value': None}]}, {'test_data_suite_oid': '6809839e9090eed3decccd14', 'test_data_suite_id': 'sdk_examples_pin-1.3', 'test_data_oid': '6809839e9090eed3decccd20', 'test_data_id': 'pin-buyer_24_minimal', 'xpaths': [{'xpath': 'PriorInformationNotice', 'value': None}]}, {'test_data_suite_oid': '6809839e9090eed3decccd14', 'test_data_suite_id': 'sdk_examples_pin-1.3', 'test_data_oid': '6809839e9090eed3decccd21', 'test_data_id': 'pin-only_24', 'xpaths': [{'xpath': 'PriorInformationNotice', 'value': None}]}], 'is_covered': True, 'xpath_conditions': [{'xpath_condition': '', 'meets_xpath_condition': True}, {'xpath_condition': ""/*/cbc:NoticeTypeCode/@listName='competition' or (/*/cbc:NoticeTypeCode/@listName='change' and exists(/*/ext:UBLExtensions/ext:UBLExtension/ext:ExtensionContent/efext:EformsExtension/efac:NoticeSubType/cbc:SubTypeCode[contains('10 11 12 13 14 15 16 17 18 19 20 21 22 23 24 CEI', text())]))"", 'meets_xpath_condition': True}, {'xpath_condition': ""/*/cbc:NoticeTypeCode/@listName='result' or (/*/cbc:NoticeTypeCode/@listName='change' and exists(/*/ext:UBLExtensions/ext:UBLExtension/ext:ExtensionContent/efext:EformsExtension/efac:NoticeSubType/cbc:SubTypeCode[contains('29 30 31 32 33 34 35 36 37 T02', text())]))"", 'meets_xpath_condition': True}, {'xpath_condition': ""/*/cbc:NoticeTypeCode/@listName='planning' or (/*/cbc:NoticeTypeCode/@listName='change' and exists(/*/ext:UBLExtensions/ext:UBLExtension/ext:ExtensionContent/efext:EformsExtension/efac:NoticeSubType/cbc:SubTypeCode[contains('1 2 3 4 5 6 7 8 9 T01', text())]))"", 'meets_xpath_condition': True}, {'xpath_condition': ""/*/cbc:NoticeTypeCode/@listName='dir-awa-pre' or (/*/cbc:NoticeTypeCode/@listName='change' and exists(/*/ext:UBLExtensions/ext:UBLExtension/ext:ExtensionContent/efext:EformsExtension/efac:NoticeSubType/cbc:SubTypeCode[contains('25 26 27 28', text())]))"", 'meets_xpath_condition': True}, {'xpath_condition': ""/*/cbc:NoticeTypeCode/@listName='cont-modif' or (/*/cbc:NoticeTypeCode/@listName='change' and exists(/*/ext:UBLExtensions/ext:UBLExtension/ext:ExtensionContent/efext:EformsExtension/efac:NoticeSubType/cbc:SubTypeCode[contains('38 39 40', text())]))"", 'meets_xpath_condition': True}], 'message': None}"
1,2025-04-24 00:48:48.746065+00:00,"{'sdk_element_id': 'BT-02-notice', 'sdk_element_title': 'Notice Type', 'sdk_element_xpath': '/*/cbc:NoticeTypeCode', 'test_data_xpaths': [{'test_data_suite_oid': '6809839e9090eed3decccd14', 'test_data_suite_id': 'sdk_examples_pin-1.3', 'test_data_oid': '6809839e9090eed3decccd15', 'test_data_id': 't01_PRT', 'xpaths': [{'xpath': 'PriorInformationNotice/cbc:NoticeTypeCode', 'value': 'pin-tran'}]}, {'test_data_suite_oid': '6809839e9090eed3decccd14', 'test_data_suite_id': 'sdk_examples_pin-1.3', 'test_data_oid': '6809839e9090eed3decccd16', 'test_data_id': 'pin-buyer_24', 'xpaths': [{'xpath': 'PriorInformationNotice/cbc:NoticeTypeCode', 'value': 'pin-buyer'}]}, {'test_data_suite_oid': '6809839e9090eed3decccd14', 'test_data_suite_id': 'sdk_examples_pin-1.3', 'test_data_oid': '6809839e9090eed3decccd17', 'test_data_id': 'pin-buyer_24_published', 'xpaths': [{'xpath': 'PriorInformationNotice/cbc:NoticeTypeCode', 'value': 'pin-buyer'}]}, {'test_data_suite_oid': '6809839e9090eed3decccd14', 'test_data_suite_id': 'sdk_examples_pin-1.3', 'test_data_oid': '6809839e9090eed3decccd18', 'test_data_id': 'qu-sy_25', 'xpaths': [{'xpath': 'PriorInformationNotice/cbc:NoticeTypeCode', 'value': 'qu-sy'}]}, {'test_data_suite_oid': '6809839e9090eed3decccd14', 'test_data_suite_id': 'sdk_examples_pin-1.3', 'test_data_oid': '6809839e9090eed3decccd19', 'test_data_id': 'CEI', 'xpaths': [{'xpath': 'PriorInformationNotice/cbc:NoticeTypeCode', 'value': 'pin-cfc-standard'}]}, {'test_data_suite_oid': '6809839e9090eed3decccd14', 'test_data_suite_id': 'sdk_examples_pin-1.3', 'test_data_oid': '6809839e9090eed3decccd1a', 'test_data_id': 'pin-cfc_25', 'xpaths': [{'xpath': 'PriorInformationNotice/cbc:NoticeTypeCode', 'value': 'pin-cfc-standard'}]}, {'test_data_suite_oid': '6809839e9090eed3decccd14', 'test_data_suite_id': 'sdk_examples_pin-1.3', 'test_data_oid': '6809839e9090eed3decccd1b', 'test_data_id': 'pin-only_81_FRA', 'xpaths': [{'xpath': 'PriorInformationNotice/cbc:NoticeTypeCode', 'value': 'pin-only'}]}, {'test_data_suite_oid': '6809839e9090eed3decccd14', 'test_data_suite_id': 'sdk_examples_pin-1.3', 'test_data_oid': '6809839e9090eed3decccd1c', 'test_data_id': 'pin-only_24_lots', 'xpaths': [{'xpath': 'PriorInformationNotice/cbc:NoticeTypeCode', 'value': 'pin-only'}]}, {'test_data_suite_oid': '6809839e9090eed3decccd14', 'test_data_suite_id': 'sdk_examples_pin-1.3', 'test_data_oid': '6809839e9090eed3decccd1d', 'test_data_id': 'pin-only_24_maximal', 'xpaths': [{'xpath': 'PriorInformationNotice/cbc:NoticeTypeCode', 'value': 'pin-only'}]}, {'test_data_suite_oid': '6809839e9090eed3decccd14', 'test_data_suite_id': 'sdk_examples_pin-1.3', 'test_data_oid': '6809839e9090eed3decccd1e', 'test_data_id': 'pin-only_fin-reg', 'xpaths': [{'xpath': 'PriorInformationNotice/cbc:NoticeTypeCode', 'value': 'pin-only'}]}, {'test_data_suite_oid': '6809839e9090eed3decccd14', 'test_data_suite_id': 'sdk_examples_pin-1.3', 'test_data_oid': '6809839e9090eed3decccd1f', 'test_data_id': 'pin-only_81', 'xpaths': [{'xpath': 'PriorInformationNotice/cbc:NoticeTypeCode', 'value': 'pin-only'}]}, {'test_data_suite_oid': '6809839e9090eed3decccd14', 'test_data_suite_id': 'sdk_examples_pin-1.3', 'test_data_oid': '6809839e9090eed3decccd20', 'test_data_id': 'pin-buyer_24_minimal', 'xpaths': [{'xpath': 'PriorInformationNotice/cbc:NoticeTypeCode', 'value': 'pin-buyer'}]}, {'test_data_suite_oid': '6809839e9090eed3decccd14', 'test_data_suite_id': 'sdk_examples_pin-1.3', 'test_data_oid': '6809839e9090eed3decccd21', 'test_data_id': 'pin-only_24', 'xpaths': [{'xpath': 'PriorInformationNotice/cbc:NoticeTypeCode', 'value': 'pin-only'}]}], 'is_covered': True, 'xpath_conditions': [{'xpath_condition': '', 'meets_xpath_condition': True}], 'message': None}"
2,2025-04-24 00:48:48.746065+00:00,"{'sdk_element_id': 'BT-03-notice', 'sdk_element_title': 'Form Type', 'sdk_element_xpath': '/*/cbc:NoticeTypeCode/@listName', 'test_data_xpaths': [{'test_data_suite_oid': '6809839e9090eed3decccd14', 'test_data_suite_id': 'sdk_examples_pin-1.3', 'test_data_oid': '6809839e9090eed3decccd15', 'test_data_id': 't01_PRT', 'xpaths': [{'xpath': 'PriorInformationNotice/cbc:NoticeTypeCode/listName', 'value': 'planning'}]}, {'test_data_suite_oid': '6809839e9090eed3decccd14', 'test_data_suite_id': 'sdk_examples_pin-1.3', 'test_data_oid': '6809839e9090eed3decccd16', 'test_data_id': 'pin-buyer_24', 'xpaths': [{'xpath': 'PriorInformationNotice/cbc:NoticeTypeCode/listName', 'value': 'planning'}]}, {'test_data_suite_oid': '6809839e9090eed3decccd14', 'test_data_suite_id': 'sdk_examples_pin-1.3', 'test_data_oid': '6809839e9090eed3decccd17', 'test_data_id': 'pin-buyer_24_published', 'xpaths': [{'xpath': 'PriorInformationNotice/cbc:NoticeTypeCode/listName', 'value': 'planning'}]}, {'test_data_suite_oid': '6809839e9090eed3decccd14', 'test_data_suite_id': 'sdk_examples_pin-1.3', 'test_data_oid': '6809839e9090eed3decccd18', 'test_data_id': 'qu-sy_25', 'xpaths': [{'xpath': 'PriorInformationNotice/cbc:NoticeTypeCode/listName', 'value': 'competition'}]}, {'test_data_suite_oid': '6809839e9090eed3decccd14', 'test_data_suite_id': 'sdk_examples_pin-1.3', 'test_data_oid': '6809839e9090eed3decccd19', 'test_data_id': 'CEI', 'xpaths': [{'xpath': 'PriorInformationNotice/cbc:NoticeTypeCode/listName', 'value': 'competition'}]}, {'test_data_suite_oid': '6809839e9090eed3decccd14', 'test_data_suite_id': 'sdk_examples_pin-1.3', 'test_data_oid': '6809839e9090eed3decccd1a', 'test_data_id': 'pin-cfc_25', 'xpaths': [{'xpath': 'PriorInformationNotice/cbc:NoticeTypeCode/listName', 'value': 'competition'}]}, {'test_data_suite_oid': '6809839e9090eed3decccd14', 'test_data_suite_id': 'sdk_examples_pin-1.3', 'test_data_oid': '6809839e9090eed3decccd1b', 'test_data_id': 'pin-only_81_FRA', 'xpaths': [{'xpath': 'PriorInformationNotice/cbc:NoticeTypeCode/listName', 'value': 'planning'}]}, {'test_data_suite_oid': '6809839e9090eed3decccd14', 'test_data_suite_id': 'sdk_examples_pin-1.3', 'test_data_oid': '6809839e9090eed3decccd1c', 'test_data_id': 'pin-only_24_lots', 'xpaths': [{'xpath': 'PriorInformationNotice/cbc:NoticeTypeCode/listName', 'value': 'planning'}]}, {'test_data_suite_oid': '6809839e9090eed3decccd14', 'test_data_suite_id': 'sdk_examples_pin-1.3', 'test_data_oid': '6809839e9090eed3decccd1d', 'test_data_id': 'pin-only_24_maximal', 'xpaths': [{'xpath': 'PriorInformationNotice/cbc:NoticeTypeCode/listName', 'value': 'planning'}]}, {'test_data_suite_oid': '6809839e9090eed3decccd14', 'test_data_suite_id': 'sdk_examples_pin-1.3', 'test_data_oid': '6809839e9090eed3decccd1e', 'test_data_id': 'pin-only_fin-reg', 'xpaths': [{'xpath': 'PriorInformationNotice/cbc:NoticeTypeCode/listName', 'value': 'planning'}]}, {'test_data_suite_oid': '6809839e9090eed3decccd14', 'test_data_suite_id': 'sdk_examples_pin-1.3', 'test_data_oid': '6809839e9090eed3decccd1f', 'test_data_id': 'pin-only_81', 'xpaths': [{'xpath': 'PriorInformationNotice/cbc:NoticeTypeCode/listName', 'value': 'planning'}]}, {'test_data_suite_oid': '6809839e9090eed3decccd14', 'test_data_suite_id': 'sdk_examples_pin-1.3', 'test_data_oid': '6809839e9090eed3decccd20', 'test_data_id': 'pin-buyer_24_minimal', 'xpaths': [{'xpath': 'PriorInformationNotice/cbc:NoticeTypeCode/listName', 'value': 'planning'}]}, {'test_data_suite_oid': '6809839e9090eed3decccd14', 'test_data_suite_id': 'sdk_examples_pin-1.3', 'test_data_oid': '6809839e9090eed3decccd21', 'test_data_id': 'pin-only_24', 'xpaths': [{'xpath': 'PriorInformationNotice/cbc:NoticeTypeCode/listName', 'value': 'planning'}]}], 'is_covered': True, 'xpath_conditions': [{'xpath_condition': '', 'meets_xpath_condition': True}], 'message': None}"
3,2025-04-24 00:48:48.746065+00:00,"{'sdk_element_id': 'BT-04-notice', 'sdk_element_title': 'Procedure Identifier', 'sdk_element_xpath': '/*/cbc:ContractFolderID', 'test_data_xpaths': [{'test_data_suite_oid': '6809839e9090eed3decccd14', 'test_data_suite_id': 'sdk_examples_pin-1.3', 'test_data_oid': '6809839e9090eed3decccd18', 'test_data_id': 'qu-sy_25', 'xpaths': [{'xpath': 'PriorInformationNotice/cbc:ContractFolderID', 'value': '0bc9e721-7916-4b3d-bbd0-2350efc3f00e'}]}, {'test_data_suite_oid': '6809839e9090eed3decccd14', 'test_data_suite_id': 'sdk_examples_pin-1.3', 'test_data_oid': '6809839e9090eed3decccd19', 'test_data_id': 'CEI', 'xpaths': [{'xpath': 'PriorInformationNotice/cbc:ContractFolderID', 'value': '16c06d41-2232-4907-b836-07e0ee650c42'}]}, {'test_data_suite_oid': '6809839e9090eed3decccd14', 'test_data_suite_id': 'sdk_examples_pin-1.3', 'test_data_oid': '6809839e9090eed3decccd1a', 'test_data_id': 'pin-cfc_25', 'xpaths': [{'xpath': 'PriorInformationNotice/cbc:ContractFolderID', 'value': 'c2a0dcd1-4d17-4072-9252-38de16ead921'}]}], 'is_covered': True, 'xpath_conditions': [{'xpath_condition': '', 'meets_xpath_condition': True}, {'xpath_condition': ""/*/cbc:NoticeTypeCode/@listName='competition' or (/*/cbc:NoticeTypeCode/@listName='change' and exists(/*/ext:UBLExtensions/ext:UBLExtension/ext:ExtensionContent/efext:EformsExtension/efac:NoticeSubType/cbc:SubTypeCode[contains('10 11 12 13 14 15 16 17 18 19 20 21 22 23 24 CEI', text())]))"", 'meets_xpath_condition': True}, {'xpath_condition': ""/*/cbc:NoticeTypeCode/@listName='dir-awa-pre' or (/*/cbc:NoticeTypeCode/@listName='change' and exists(/*/ext:UBLExtensions/ext:UBLExtension/ext:ExtensionContent/efext:EformsExtension/efac:NoticeSubType/cbc:SubTypeCode[contains('25 26 27 28', text())]))"", 'meets_xpath_condition': True}], 'message': None}"
4,2025-04-24 00:48:48.746065+00:00,"{'sdk_element_id': 'BT-701-notice', 'sdk_element_title': 'Notice Identifier', 'sdk_element_xpath': ""/*/cbc:ID[@schemeName='notice-id']"", 'test_data_xpaths': [{'test_data_suite_oid': '6809839e9090eed3decccd14', 'test_data_suite_id': 'sdk_examples_pin-1.3', 'test_data_oid': '6809839e9090eed3decccd15', 'test_data_id': 't01_PRT', 'xpaths': [{'xpath': 'PriorInformationNotice/cbc:ID', 'value': '468ad654-621e-43f2-bc58-e774eb03926b'}]}, {'test_data_suite_oid': '6809839e9090eed3decccd14', 'test_data_suite_id': 'sdk_examples_pin-1.3', 'test_data_oid': '6809839e9090eed3decccd16', 'test_data_id': 'pin-buyer_24', 'xpaths': [{'xpath': 'PriorInformationNotice/cbc:ID', 'value': 'e5dc3c2b-3df5-45e0-af7f-399ca201d7e0'}]}, {'test_data_suite_oid': '6809839e9090eed3decccd14', 'test_data_suite_id': 'sdk_examples_pin-1.3', 'test_data_oid': '6809839e9090eed3decccd17', 'test_data_id': 'pin-buyer_24_published', 'xpaths': [{'xpath': 'PriorInformationNotice/cbc:ID', 'value': 'e5dc3c2b-3df5-45e0-af7f-399ca201d7e0'}]}, {'test_data_suite_oid': '6809839e9090eed3decccd14', 'test_data_suite_id': 'sdk_examples_pin-1.3', 'test_data_oid': '6809839e9090eed3decccd18', 'test_data_id': 'qu-sy_25', 'xpaths': [{'xpath': 'PriorInformationNotice/cbc:ID', 'value': '8439f5f1-ad52-46a0-b363-533779a02e4b'}]}, {'test_data_suite_oid': '6809839e9090eed3decccd14', 'test_data_suite_id': 'sdk_examples_pin-1.3', 'test_data_oid': '6809839e9090eed3decccd19', 'test_data_id': 'CEI', 'xpaths': [{'xpath': 'PriorInformationNotice/cbc:ID', 'value': '37f3f877-01ee-4671-a49f-5581cffe6388'}]}, {'test_data_suite_oid': '6809839e9090eed3decccd14', 'test_data_suite_id': 'sdk_examples_pin-1.3', 'test_data_oid': '6809839e9090eed3decccd1a', 'test_data_id': 'pin-cfc_25', 'xpaths': [{'xpath': 'PriorInformationNotice/cbc:ID', 'value': 'c48d000f-2598-47b3-856e-de93bf654518'}]}, {'test_data_suite_oid': '6809839e9090eed3decccd14', 'test_data_suite_id': 'sdk_examples_pin-1.3', 'test_data_oid': '6809839e9090eed3decccd1b', 'test_data_id': 'pin-only_81_FRA', 'xpaths': [{'xpath': 'PriorInformationNotice/cbc:ID', 'value': '3f60af90-c612-40bd-9943-866fe3ae21b4'}]}, {'test_data_suite_oid': '6809839e9090eed3decccd14', 'test_data_suite_id': 'sdk_examples_pin-1.3', 'test_data_oid': '6809839e9090eed3decccd1c', 'test_data_id': 'pin-only_24_lots', 'xpaths': [{'xpath': 'PriorInformationNotice/cbc:ID', 'value': '199b243b-4daf-4d7d-ba7c-f37f88102480'}]}, {'test_data_suite_oid': '6809839e9090eed3decccd14', 'test_data_suite_id': 'sdk_examples_pin-1.3', 'test_data_oid': '6809839e9090eed3decccd1d', 'test_data_id': 'pin-only_24_maximal', 'xpaths': [{'xpath': 'PriorInformationNotice/cbc:ID', 'value': '9fe2b9d7-c32a-4dcb-af3f-35bf584d0abb'}]}, {'test_data_suite_oid': '6809839e9090eed3decccd14', 'test_data_suite_id': 'sdk_examples_pin-1.3', 'test_data_oid': '6809839e9090eed3decccd1e', 'test_data_id': 'pin-only_fin-reg', 'xpaths': [{'xpath': 'PriorInformationNotice/cbc:ID', 'value': '10579b4a-9769-490e-94a1-c4327285487c'}]}, {'test_data_suite_oid': '6809839e9090eed3decccd14', 'test_data_suite_id': 'sdk_examples_pin-1.3', 'test_data_oid': '6809839e9090eed3decccd1f', 'test_data_id': 'pin-only_81', 'xpaths': [{'xpath': 'PriorInformationNotice/cbc:ID', 'value': '64bdfc22-2f35-4109-9817-a8f0bd9468b6'}]}, {'test_data_suite_oid': '6809839e9090eed3decccd14', 'test_data_suite_id': 'sdk_examples_pin-1.3', 'test_data_oid': '6809839e9090eed3decccd20', 'test_data_id': 'pin-buyer_24_minimal', 'xpaths': [{'xpath': 'PriorInformationNotice/cbc:ID', 'value': 'e45d1409-9944-4fb0-84c5-f41ce774d37f'}]}, {'test_data_suite_oid': '6809839e9090eed3decccd14', 'test_data_suite_id': 'sdk_examples_pin-1.3', 'test_data_oid': '6809839e9090eed3decccd21', 'test_data_id': 'pin-only_24', 'xpaths': [{'xpath': 'PriorInformationNotice/cbc:ID', 'value': 'f252f386-55ac-4fa8-9be4-9f950b9904c8'}]}], 'is_covered': True, 'xpath_conditions': [{'xpath_condition': '', 'meets_xpath_condition': True}], 'message': None}"
5,2025-04-24 00:48:48.746065+00:00,"{'sdk_element_id': 'BT-757-notice', 'sdk_element_title': 'Notice Version', 'sdk_element_xpath': '/*/cbc:VersionID', 'test_data_xpaths': [{'test_data_suite_oid': '6809839e9090eed3decccd14', 'test_data_suite_id': 'sdk_examples_pin-1.3', 'test_data_oid': '6809839e9090eed3decccd15', 'test_data_id': 't01_PRT', 'xpaths': [{'xpath': 'PriorInformationNotice/cbc:VersionID', 'value': '01'}]}, {'test_data_suite_oid': '6809839e9090eed3decccd14', 'test_data_suite_id': 'sdk_examples_pin-1.3', 'test_data_oid': '6809839e9090eed3decccd16', 'test_data_id': 'pin-buyer_24', 'xpaths': [{'xpath': 'PriorInformationNotice/cbc:VersionID', 'value': '01'}]}, {'test_data_suite_oid': '6809839e9090eed3decccd14', 'test_data_suite_id': 'sdk_examples_pin-1.3', 'test_data_oid': '6809839e9090eed3decccd17', 'test_data_id': 'pin-buyer_24_published', 'xpaths': [{'xpath': 'PriorInformationNotice/cbc:VersionID', 'value': '02'}]}, {'test_data_suite_oid': '6809839e9090eed3decccd14', 'test_data_suite_id': 'sdk_examples_pin-1.3', 'test_data_oid': '6809839e9090eed3decccd18', 'test_data_id': 'qu-sy_25', 'xpaths': [{'xpath': 'PriorInformationNotice/cbc:VersionID', 'value': '01'}]}, {'test_data_suite_oid': '6809839e9090eed3decccd14', 'test_data_suite_id': 'sdk_examples_pin-1.3', 'test_data_oid': '6809839e9090eed3decccd19', 'test_data_id': 'CEI', 'xpaths': [{'xpath': 'PriorInformationNotice/cbc:VersionID', 'value': '01'}]}, {'test_data_suite_oid': '6809839e9090eed3decccd14', 'test_data_suite_id': 'sdk_examples_pin-1.3', 'test_data_oid': '6809839e9090eed3decccd1a', 'test_data_id': 'pin-cfc_25', 'xpaths': [{'xpath': 'PriorInformationNotice/cbc:VersionID', 'value': '01'}]}, {'test_data_suite_oid': '6809839e9090eed3decccd14', 'test_data_suite_id': 'sdk_examples_pin-1.3', 'test_data_oid': '6809839e9090eed3decccd1b', 'test_data_id': 'pin-only_81_FRA', 'xpaths': [{'xpath': 'PriorInformationNotice/cbc:VersionID', 'value': '01'}]}, {'test_data_suite_oid': '6809839e9090eed3decccd14', 'test_data_suite_id': 'sdk_examples_pin-1.3', 'test_data_oid': '6809839e9090eed3decccd1c', 'test_data_id': 'pin-only_24_lots', 'xpaths': [{'xpath': 'PriorInformationNotice/cbc:VersionID', 'value': '01'}]}, {'test_data_suite_oid': '6809839e9090eed3decccd14', 'test_data_suite_id': 'sdk_examples_pin-1.3', 'test_data_oid': '6809839e9090eed3decccd1d', 'test_data_id': 'pin-only_24_maximal', 'xpaths': [{'xpath': 'PriorInformationNotice/cbc:VersionID', 'value': '03'}]}, {'test_data_suite_oid': '6809839e9090eed3decccd14', 'test_data_suite_id': 'sdk_examples_pin-1.3', 'test_data_oid': '6809839e9090eed3decccd1e', 'test_data_id': 'pin-only_fin-reg', 'xpaths': [{'xpath': 'PriorInformationNotice/cbc:VersionID', 'value': '01'}]}, {'test_data_suite_oid': '6809839e9090eed3decccd14', 'test_data_suite_id': 'sdk_examples_pin-1.3', 'test_data_oid': '6809839e9090eed3decccd1f', 'test_data_id': 'pin-only_81', 'xpaths': [{'xpath': 'PriorInformationNotice/cbc:VersionID', 'value': '01'}]}, {'test_data_suite_oid': '6809839e9090eed3decccd14', 'test_data_suite_id': 'sdk_examples_pin-1.3', 'test_data_oid': '6809839e9090eed3decccd20', 'test_data_id': 'pin-buyer_24_minimal', 'xpaths': [{'xpath': 'PriorInformationNotice/cbc:VersionID', 'value': '01'}]}, {'test_data_suite_oid': '6809839e9090eed3decccd14', 'test_data_suite_id': 'sdk_examples_pin-1.3', 'test_data_oid': '6809839e9090eed3decccd21', 'test_data_id': 'pin-only_24', 'xpaths': [{'xpath': 'PriorInformationNotice/cbc:VersionID', 'value': '01'}]}], 'is_covered': True, 'xpath_conditions': [{'xpath_condition': '', 'meets_xpath_condition': True}], 'message': None}"
6,2025-04-24 00:48:48.746065+00:00,"{'sdk_element_id': 'BT-702(a)-notice', 'sdk_element_title': 'Notice Official Language', 'sdk_element_xpath': '/*/cbc:NoticeLanguageCode', 'test_data_xpaths': [{'test_data_suite_oid': '6809839e9090eed3decccd14', 'test_data_suite_id': 'sdk_examples_pin-1.3', 'test_data_oid': '6809839e9090eed3decccd15', 'test_data_id': 't01_PRT', 'xpaths': [{'xpath': 'PriorInformationNotice/cbc:NoticeLanguageCode', 'value': 'POR'}]}, {'test_data_suite_oid': '6809839e9090eed3decccd14', 'test_data_suite_id': 'sdk_examples_pin-1.3', 'test_data_oid': '6809839e9090eed3decccd16', 'test_data_id': 'pin-buyer_24', 'xpaths': [{'xpath': 'PriorInformationNotice/cbc:NoticeLanguageCode', 'value': 'ITA'}]}, {'test_data_suite_oid': '6809839e9090eed3decccd14', 'test_data_suite_id': 'sdk_examples_pin-1.3', 'test_data_oid': '6809839e9090eed3decccd17', 'test_data_id': 'pin-buyer_24_published', 'xpaths': [{'xpath': 'PriorInformationNotice/cbc:NoticeLanguageCode', 'value': 'ITA'}]}, {'test_data_suite_oid': '6809839e9090eed3decccd14', 'test_data_suite_id': 'sdk_examples_pin-1.3', 'test_data_oid': '6809839e9090eed3decccd18', 'test_data_id': 'qu-sy_25', 'xpaths': [{'xpath': 'PriorInformationNotice/cbc:NoticeLanguageCode', 'value': 'ITA'}]}, {'test_data_suite_oid': '6809839e9090eed3decccd14', 'test_data_suite_id': 'sdk_examples_pin-1.3', 'test_data_oid': '6809839e9090eed3decccd19', 'test_data_id': 'CEI', 'xpaths': [{'xpath': 'PriorInformationNotice/cbc:NoticeLanguageCode', 'value': 'ENG'}]}, {'test_data_suite_oid': '6809839e9090eed3decccd14', 'test_data_suite_id': 'sdk_examples_pin-1.3', 'test_data_oid': '6809839e9090eed3decccd1a', 'test_data_id': 'pin-cfc_25', 'xpaths': [{'xpath': 'PriorInformationNotice/cbc:NoticeLanguageCode', 'value': 'DEU'}]}, {'test_data_suite_oid': '6809839e9090eed3decccd14', 'test_data_suite_id': 'sdk_examples_pin-1.3', 'test_data_oid': '6809839e9090eed3decccd1b', 'test_data_id': 'pin-only_81_FRA', 'xpaths': [{'xpath': 'PriorInformationNotice/cbc:NoticeLanguageCode', 'value': 'FRA'}]}, {'test_data_suite_oid': '6809839e9090eed3decccd14', 'test_data_suite_id': 'sdk_examples_pin-1.3', 'test_data_oid': '6809839e9090eed3decccd1c', 'test_data_id': 'pin-only_24_lots', 'xpaths': [{'xpath': 'PriorInformationNotice/cbc:NoticeLanguageCode', 'value': 'ENG'}]}, {'test_data_suite_oid': '6809839e9090eed3decccd14', 'test_data_suite_id': 'sdk_examples_pin-1.3', 'test_data_oid': '6809839e9090eed3decccd1d', 'test_data_id': 'pin-only_24_maximal', 'xpaths': [{'xpath': 'PriorInformationNotice/cbc:NoticeLanguageCode', 'value': 'ENG'}]}, {'test_data_suite_oid': '6809839e9090eed3decccd14', 'test_data_suite_id': 'sdk_examples_pin-1.3', 'test_data_oid': '6809839e9090eed3decccd1e', 'test_data_id': 'pin-only_fin-reg', 'xpaths': [{'xpath': 'PriorInformationNotice/cbc:NoticeLanguageCode', 'value': 'ENG'}]}, {'test_data_suite_oid': '6809839e9090eed3decccd14', 'test_data_suite_id': 'sdk_examples_pin-1.3', 'test_data_oid': '6809839e9090eed3decccd1f', 'test_data_id': 'pin-only_81', 'xpaths': [{'xpath': 'PriorInformationNotice/cbc:NoticeLanguageCode', 'value': 'ENG'}]}, {'test_data_suite_oid': '6809839e9090eed3decccd14', 'test_data_suite_id': 'sdk_examples_pin-1.3', 'test_data_oid': '6809839e9090eed3decccd20', 'test_data_id': 'pin-buyer_24_minimal', 'xpaths': [{'xpath': 'PriorInformationNotice/cbc:NoticeLanguageCode', 'value': 'ITA'}]}, {'test_data_suite_oid': '6809839e9090eed3decccd14', 'test_data_suite_id': 'sdk_examples_pin-1.3', 'test_data_oid': '6809839e9090eed3decccd21', 'test_data_id': 'pin-only_24', 'xpaths': [{'xpath': 'PriorInformationNotice/cbc:NoticeLanguageCode', 'value': 'ENG'}]}], 'is_covered': True, 'xpath_conditions': [{'xpath_condition': '', 'meets_xpath_condition': True}], 'message': None}"
7,2025-04-24 00:48:48.746065+00:00,"{'sdk_element_id': 'BT-702(b)-notice', 'sdk_element_title': 'Notice Official Language', 'sdk_element_xpath': '/*/cac:AdditionalNoticeLanguage/cbc:ID', 'test_data_xpaths': [], 'is_covered': False, 'xpath_conditions': [{'xpath_condition': '', 'meets_xpath_condition': True}], 'message': None}"
8,2025-04-24 00:48:48.746065+00:00,"{'sdk_element_id': 'BT-05(a)-notice', 'sdk_element_title': 'Notice Dispatch Date', 'sdk_element_xpath': '/*/cbc:IssueDate', 'test_data_xpaths': [{'test_data_suite_oid': '6809839e9090eed3decccd14', 'test_data_suite_id': 'sdk_examples_pin-1.3', 'test_data_oid': '6809839e9090eed3decccd15', 'test_data_id': 't01_PRT', 'xpaths': [{'xpath': 'PriorInformationNotice/cbc:IssueDate', 'value': '2018-06-20+01:00'}]}, {'test_data_suite_oid': '6809839e9090eed3decccd14', 'test_data_suite_id': 'sdk_examples_pin-1.3', 'test_data_oid': '6809839e9090eed3decccd16', 'test_data_id': 'pin-buyer_24', 'xpaths': [{'xpath': 'PriorInformationNotice/cbc:IssueDate', 'value': '2020-04-08+01:00'}]}, {'test_data_suite_oid': '6809839e9090eed3decccd14', 'test_data_suite_id': 'sdk_examples_pin-1.3', 'test_data_oid': '6809839e9090eed3decccd17', 'test_data_id': 'pin-buyer_24_published', 'xpaths': [{'xpath': 'PriorInformationNotice/cbc:IssueDate', 'value': '2020-04-08+01:00'}]}, {'test_data_suite_oid': '6809839e9090eed3decccd14', 'test_data_suite_id': 'sdk_examples_pin-1.3', 'test_data_oid': '6809839e9090eed3decccd18', 'test_data_id': 'qu-sy_25', 'xpaths': [{'xpath': 'PriorInformationNotice/cbc:IssueDate', 'value': '2020-04-03+01:00'}]}, {'test_data_suite_oid': '6809839e9090eed3decccd14', 'test_data_suite_id': 'sdk_examples_pin-1.3', 'test_data_oid': '6809839e9090eed3decccd19', 'test_data_id': 'CEI', 'xpaths': [{'xpath': 'PriorInformationNotice/cbc:IssueDate', 'value': '2020-01-27+01:00'}]}, {'test_data_suite_oid': '6809839e9090eed3decccd14', 'test_data_suite_id': 'sdk_examples_pin-1.3', 'test_data_oid': '6809839e9090eed3decccd1a', 'test_data_id': 'pin-cfc_25', 'xpaths': [{'xpath': 'PriorInformationNotice/cbc:IssueDate', 'value': '2020-04-08+01:00'}]}, {'test_data_suite_oid': '6809839e9090eed3decccd14', 'test_data_suite_id': 'sdk_examples_pin-1.3', 'test_data_oid': '6809839e9090eed3decccd1b', 'test_data_id': 'pin-only_81_FRA', 'xpaths': [{'xpath': 'PriorInformationNotice/cbc:IssueDate', 'value': '2020-12-07+01:00'}]}, {'test_data_suite_oid': '6809839e9090eed3decccd14', 'test_data_suite_id': 'sdk_examples_pin-1.3', 'test_data_oid': '6809839e9090eed3decccd1c', 'test_data_id': 'pin-only_24_lots', 'xpaths': [{'xpath': 'PriorInformationNotice/cbc:IssueDate', 'value': '2020-04-02+01:00'}]}, {'test_data_suite_oid': '6809839e9090eed3decccd14', 'test_data_suite_id': 'sdk_examples_pin-1.3', 'test_data_oid': '6809839e9090eed3decccd1d', 'test_data_id': 'pin-only_24_maximal', 'xpaths': [{'xpath': 'PriorInformationNotice/cbc:IssueDate', 'value': '2023-05-23+01:00'}]}, {'test_data_suite_oid': '6809839e9090eed3decccd14', 'test_data_suite_id': 'sdk_examples_pin-1.3', 'test_data_oid': '6809839e9090eed3decccd1e', 'test_data_id': 'pin-only_fin-reg', 'xpaths': [{'xpath': 'PriorInformationNotice/cbc:IssueDate', 'value': '2020-05-05+01:00'}]}, {'test_data_suite_oid': '6809839e9090eed3decccd14', 'test_data_suite_id': 'sdk_examples_pin-1.3', 'test_data_oid': '6809839e9090eed3decccd1f', 'test_data_id': 'pin-only_81', 'xpaths': [{'xpath': 'PriorInformationNotice/cbc:IssueDate', 'value': '2020-04-16+01:00'}]}, {'test_data_suite_oid': '6809839e9090eed3decccd14', 'test_data_suite_id': 'sdk_examples_pin-1.3', 'test_data_oid': '6809839e9090eed3decccd20', 'test_data_id': 'pin-buyer_24_minimal', 'xpaths': [{'xpath': 'PriorInformationNotice/cbc:IssueDate', 'value': '2020-04-08+01:00'}]}, {'test_data_suite_oid': '6809839e9090eed3decccd14', 'test_data_suite_id': 'sdk_examples_pin-1.3', 'test_data_oid': '6809839e9090eed3decccd21', 'test_data_id': 'pin-only_24', 'xpaths': [{'xpath': 'PriorInformationNotice/cbc:IssueDate', 'value': '2020-05-05+01:00'}]}], 'is_covered': True, 'xpath_conditions': [{'xpath_condition': '', 'meets_xpath_condition': True}], 'message': None}"
9,2025-04-24 00:48:48.746065+00:00,"{'sdk_element_id': 'BT-05(b)-notice', 'sdk_element_title': 'Notice Dispatch Time', 'sdk_element_xpath': '/*/cbc:IssueTime', 'test_data_xpaths': [{'test_data_suite_oid': '6809839e9090eed3decccd14', 'test_data_suite_id': 'sdk_examples_pin-1.3', 'test_data_oid': '6809839e9090eed3decccd15', 'test_data_id': 't01_PRT', 'xpaths': [{'xpath': 'PriorInformationNotice/cbc:IssueTime', 'value': '12:00:00+01:00'}]}, {'test_data_suite_oid': '6809839e9090eed3decccd14', 'test_data_suite_id': 'sdk_examples_pin-1.3', 'test_data_oid': '6809839e9090eed3decccd16', 'test_data_id': 'pin-buyer_24', 'xpaths': [{'xpath': 'PriorInformationNotice/cbc:IssueTime', 'value': '03:57:07+01:00'}]}, {'test_data_suite_oid': '6809839e9090eed3decccd14', 'test_data_suite_id': 'sdk_examples_pin-1.3', 'test_data_oid': '6809839e9090eed3decccd17', 'test_data_id': 'pin-buyer_24_published', 'xpaths': [{'xpath': 'PriorInformationNotice/cbc:IssueTime', 'value': '03:57:07+01:00'}]}, {'test_data_suite_oid': '6809839e9090eed3decccd14', 'test_data_suite_id': 'sdk_examples_pin-1.3', 'test_data_oid': '6809839e9090eed3decccd18', 'test_data_id': 'qu-sy_25', 'xpaths': [{'xpath': 'PriorInformationNotice/cbc:IssueTime', 'value': '12:30:00+01:00'}]}, {'test_data_suite_oid': '6809839e9090eed3decccd14', 'test_data_suite_id': 'sdk_examples_pin-1.3', 'test_data_oid': '6809839e9090eed3decccd19', 'test_data_id': 'CEI', 'xpaths': [{'xpath': 'PriorInformationNotice/cbc:IssueTime', 'value': '14:15:35+01:00'}]}, {'test_data_suite_oid': '6809839e9090eed3decccd14', 'test_data_suite_id': 'sdk_examples_pin-1.3', 'test_data_oid': '6809839e9090eed3decccd1a', 'test_data_id': 'pin-cfc_25', 'xpaths': [{'xpath': 'PriorInformationNotice/cbc:IssueTime', 'value': '12:00:00+01:00'}]}, {'test_data_suite_oid': '6809839e9090eed3decccd14', 'test_data_suite_id': 'sdk_examples_pin-1.3', 'test_data_oid': '6809839e9090eed3decccd1b', 'test_data_id': 'pin-only_81_FRA', 'xpaths': [{'xpath': 'PriorInformationNotice/cbc:IssueTime', 'value': '12:35:04+01:00'}]}, {'test_data_suite_oid': '6809839e9090eed3decccd14', 'test_data_suite_id': 'sdk_examples_pin-1.3', 'test_data_oid': '6809839e9090eed3decccd1c', 'test_data_id': 'pin-only_24_lots', 'xpaths': [{'xpath': 'PriorInformationNotice/cbc:IssueTime', 'value': '12:30:00+01:00'}]}, {'test_data_suite_oid': '6809839e9090eed3decccd14', 'test_data_suite_id': 'sdk_examples_pin-1.3', 'test_data_oid': '6809839e9090eed3decccd1d', 'test_data_id': 'pin-only_24_maximal', 'xpaths': [{'xpath': 'PriorInformationNotice/cbc:IssueTime', 'value': '20:59:32+01:00'}]}, {'test_data_suite_oid': '6809839e9090eed3decccd14', 'test_data_suite_id': 'sdk_examples_pin-1.3', 'test_data_oid': '6809839e9090eed3decccd1e', 'test_data_id': 'pin-only_fin-reg', 'xpaths': [{'xpath': 'PriorInformationNotice/cbc:IssueTime', 'value': '12:00:00+01:00'}]}, {'test_data_suite_oid': '6809839e9090eed3decccd14', 'test_data_suite_id': 'sdk_examples_pin-1.3', 'test_data_oid': '6809839e9090eed3decccd1f', 'test_data_id': 'pin-only_81', 'xpaths': [{'xpath': 'PriorInformationNotice/cbc:IssueTime', 'value': '12:35:04+01:00'}]}, {'test_data_suite_oid': '6809839e9090eed3decccd14', 'test_data_suite_id': 'sdk_examples_pin-1.3', 'test_data_oid': '6809839e9090eed3decccd20', 'test_data_id': 'pin-buyer_24_minimal', 'xpaths': [{'xpath': 'PriorInformationNotice/cbc:IssueTime', 'value': '03:57:07+01:00'}]}, {'test_data_suite_oid': '6809839e9090eed3decccd14', 'test_data_suite_id': 'sdk_examples_pin-1.3', 'test_data_oid': '6809839e9090eed3decccd21', 'test_data_id': 'pin-only_24', 'xpaths': [{'xpath': 'PriorInformationNotice/cbc:IssueTime', 'value': '12:00:00+01:00'}]}], 'is_covered': True, 'xpath_conditions': [{'xpath_condition': '', 'meets_xpath_condition': True}], 'message': None}"
10,2025-04-24 00:48:48.746065+00:00,"{'sdk_element_id': 'BT-738-notice', 'sdk_element_title': 'Notice Publication Date Preferred', 'sdk_element_xpath': '/*/cbc:RequestedPublicationDate', 'test_data_xpaths': [{'test_data_suite_oid': '6809839e9090eed3decccd14', 'test_data_suite_id': 'sdk_examples_pin-1.3', 'test_data_oid': '6809839e9090eed3decccd19', 'test_data_id': 'CEI', 'xpaths': [{'xpath': 'PriorInformationNotice/cbc:RequestedPublicationDate', 'value': '2020-02-07+01:00'}]}], 'is_covered': True, 'xpath_conditions': [{'xpath_condition': '', 'meets_xpath_condition': True}], 'message': None}"
11,2025-04-24 00:48:48.746065+00:00,"{'sdk_element_id': 'OPT-001-notice', 'sdk_element_title': 'UBL version ID (UBL)', 'sdk_element_xpath': '/*/cbc:UBLVersionID', 'test_data_xpaths': [{'test_data_suite_oid': '6809839e9090eed3decccd14', 'test_data_suite_id': 'sdk_examples_pin-1.3', 'test_data_oid': '6809839e9090eed3decccd15', 'test_data_id': 't01_PRT', 'xpaths': [{'xpath': 'PriorInformationNotice/cbc:UBLVersionID', 'value': '2.3'}]}, {'test_data_suite_oid': '6809839e9090eed3decccd14', 'test_data_suite_id': 'sdk_examples_pin-1.3', 'test_data_oid': '6809839e9090eed3decccd16', 'test_data_id': 'pin-buyer_24', 'xpaths': [{'xpath': 'PriorInformationNotice/cbc:UBLVersionID', 'value': '2.3'}]}, {'test_data_suite_oid': '6809839e9090eed3decccd14', 'test_data_suite_id': 'sdk_examples_pin-1.3', 'test_data_oid': '6809839e9090eed3decccd17', 'test_data_id': 'pin-buyer_24_published', 'xpaths': [{'xpath': 'PriorInformationNotice/cbc:UBLVersionID', 'value': '2.3'}]}, {'test_data_suite_oid': '6809839e9090eed3decccd14', 'test_data_suite_id': 'sdk_examples_pin-1.3', 'test_data_oid': '6809839e9090eed3decccd18', 'test_data_id': 'qu-sy_25', 'xpaths': [{'xpath': 'PriorInformationNotice/cbc:UBLVersionID', 'value': '2.3'}]}, {'test_data_suite_oid': '6809839e9090eed3decccd14', 'test_data_suite_id': 'sdk_examples_pin-1.3', 'test_data_oid': '6809839e9090eed3decccd19', 'test_data_id': 'CEI', 'xpaths': [{'xpath': 'PriorInformationNotice/cbc:UBLVersionID', 'value': '2.3'}]}, {'test_data_suite_oid': '6809839e9090eed3decccd14', 'test_data_suite_id': 'sdk_examples_pin-1.3', 'test_data_oid': '6809839e9090eed3decccd1a', 'test_data_id': 'pin-cfc_25', 'xpaths': [{'xpath': 'PriorInformationNotice/cbc:UBLVersionID', 'value': '2.3'}]}, {'test_data_suite_oid': '6809839e9090eed3decccd14', 'test_data_suite_id': 'sdk_examples_pin-1.3', 'test_data_oid': '6809839e9090eed3decccd1b', 'test_data_id': 'pin-only_81_FRA', 'xpaths': [{'xpath': 'PriorInformationNotice/cbc:UBLVersionID', 'value': '2.3'}]}, {'test_data_suite_oid': '6809839e9090eed3decccd14', 'test_data_suite_id': 'sdk_examples_pin-1.3', 'test_data_oid': '6809839e9090eed3decccd1c', 'test_data_id': 'pin-only_24_lots', 'xpaths': [{'xpath': 'PriorInformationNotice/cbc:UBLVersionID', 'value': '2.3'}]}, {'test_data_suite_oid': '6809839e9090eed3decccd14', 'test_data_suite_id': 'sdk_examples_pin-1.3', 'test_data_oid': '6809839e9090eed3decccd1d', 'test_data_id': 'pin-only_24_maximal', 'xpaths': [{'xpath': 'PriorInformationNotice/cbc:UBLVersionID', 'value': '2.3'}]}, {'test_data_suite_oid': '6809839e9090eed3decccd14', 'test_data_suite_id': 'sdk_examples_pin-1.3', 'test_data_oid': '6809839e9090eed3decccd1e', 'test_data_id': 'pin-only_fin-reg', 'xpaths': [{'xpath': 'PriorInformationNotice/cbc:UBLVersionID', 'value': '2.3'}]}, {'test_data_suite_oid': '6809839e9090eed3decccd14', 'test_data_suite_id': 'sdk_examples_pin-1.3', 'test_data_oid': '6809839e9090eed3decccd1f', 'test_data_id': 'pin-only_81', 'xpaths': [{'xpath': 'PriorInformationNotice/cbc:UBLVersionID', 'value': '2.3'}]}, {'test_data_suite_oid': '6809839e9090eed3decccd14', 'test_data_suite_id': 'sdk_examples_pin-1.3', 'test_data_oid': '6809839e9090eed3decccd20', 'test_data_id': 'pin-buyer_24_minimal', 'xpaths': [{'xpath': 'PriorInformationNotice/cbc:UBLVersionID', 'value': '2.3'}]}, {'test_data_suite_oid': '6809839e9090eed3decccd14', 'test_data_suite_id': 'sdk_examples_pin-1.3', 'test_data_oid': '6809839e9090eed3decccd21', 'test_data_id': 'pin-only_24', 'xpaths': [{'xpath': 'PriorInformationNotice/cbc:UBLVersionID', 'value': '2.3'}]}], 'is_covered': True, 'xpath_conditions': [{'xpath_condition': '', 'meets_xpath_condition': True}], 'message': None}"
12,2025-04-24 00:48:48.746065+00:00,"{'sdk_element_id': 'OPT-002-notice', 'sdk_element_title': 'Customization ID (UBL)', 'sdk_element_xpath': '/*/cbc:CustomizationID', 'test_data_xpaths': [{'test_data_suite_oid': '6809839e9090eed3decccd14', 'test_data_suite_id': 'sdk_examples_pin-1.3', 'test_data_oid': '6809839e9090eed3decccd15', 'test_data_id': 't01_PRT', 'xpaths': [{'xpath': 'PriorInformationNotice/cbc:CustomizationID', 'value': 'eforms-sdk-1.3'}]}, {'test_data_suite_oid': '6809839e9090eed3decccd14', 'test_data_suite_id': 'sdk_examples_pin-1.3', 'test_data_oid': '6809839e9090eed3decccd16', 'test_data_id': 'pin-buyer_24', 'xpaths': [{'xpath': 'PriorInformationNotice/cbc:CustomizationID', 'value': 'eforms-sdk-1.3'}]}, {'test_data_suite_oid': '6809839e9090eed3decccd14', 'test_data_suite_id': 'sdk_examples_pin-1.3', 'test_data_oid': '6809839e9090eed3decccd17', 'test_data_id': 'pin-buyer_24_published', 'xpaths': [{'xpath': 'PriorInformationNotice/cbc:CustomizationID', 'value': 'eforms-sdk-1.3'}]}, {'test_data_suite_oid': '6809839e9090eed3decccd14', 'test_data_suite_id': 'sdk_examples_pin-1.3', 'test_data_oid': '6809839e9090eed3decccd18', 'test_data_id': 'qu-sy_25', 'xpaths': [{'xpath': 'PriorInformationNotice/cbc:CustomizationID', 'value': 'eforms-sdk-1.3'}]}, {'test_data_suite_oid': '6809839e9090eed3decccd14', 'test_data_suite_id': 'sdk_examples_pin-1.3', 'test_data_oid': '6809839e9090eed3decccd19', 'test_data_id': 'CEI', 'xpaths': [{'xpath': 'PriorInformationNotice/cbc:CustomizationID', 'value': 'eforms-sdk-1.3'}]}, {'test_data_suite_oid': '6809839e9090eed3decccd14', 'test_data_suite_id': 'sdk_examples_pin-1.3', 'test_data_oid': '6809839e9090eed3decccd1a', 'test_data_id': 'pin-cfc_25', 'xpaths': [{'xpath': 'PriorInformationNotice/cbc:CustomizationID', 'value': 'eforms-sdk-1.3'}]}, {'test_data_suite_oid': '6809839e9090eed3decccd14', 'test_data_suite_id': 'sdk_examples_pin-1.3', 'test_data_oid': '6809839e9090eed3decccd1b', 'test_data_id': 'pin-only_81_FRA', 'xpaths': [{'xpath': 'PriorInformationNotice/cbc:CustomizationID', 'value': 'eforms-sdk-1.3'}]}, {'test_data_suite_oid': '6809839e9090eed3decccd14', 'test_data_suite_id': 'sdk_examples_pin-1.3', 'test_data_oid': '6809839e9090eed3decccd1c', 'test_data_id': 'pin-only_24_lots', 'xpaths': [{'xpath': 'PriorInformationNotice/cbc:CustomizationID', 'value': 'eforms-sdk-1.3'}]}, {'test_data_suite_oid': '6809839e9090eed3decccd14', 'test_data_suite_id': 'sdk_examples_pin-1.3', 'test_data_oid': '6809839e9090eed3decccd1d', 'test_data_id': 'pin-only_24_maximal', 'xpaths': [{'xpath': 'PriorInformationNotice/cbc:CustomizationID', 'value': 'eforms-sdk-1.3'}]}, {'test_data_suite_oid': '6809839e9090eed3decccd14', 'test_data_suite_id': 'sdk_examples_pin-1.3', 'test_data_oid': '6809839e9090eed3decccd1e', 'test_data_id': 'pin-only_fin-reg', 'xpaths': [{'xpath': 'PriorInformationNotice/cbc:CustomizationID', 'value': 'eforms-sdk-1.3'}]}, {'test_data_suite_oid': '6809839e9090eed3decccd14', 'test_data_suite_id': 'sdk_examples_pin-1.3', 'test_data_oid': '6809839e9090eed3decccd1f', 'test_data_id': 'pin-only_81', 'xpaths': [{'xpath': 'PriorInformationNotice/cbc:CustomizationID', 'value': 'eforms-sdk-1.3'}]}, {'test_data_suite_oid': '6809839e9090eed3decccd14', 'test_data_suite_id': 'sdk_examples_pin-1.3', 'test_data_oid': '6809839e9090eed3decccd20', 'test_data_id': 'pin-buyer_24_minimal', 'xpaths': [{'xpath': 'PriorInformationNotice/cbc:CustomizationID', 'value': 'eforms-sdk-1.3'}]}, {'test_data_suite_oid': '6809839e9090eed3decccd14', 'test_data_suite_id': 'sdk_examples_pin-1.3', 'test_data_oid': '6809839e9090eed3decccd21', 'test_data_id': 'pin-only_24', 'xpaths': [{'xpath': 'PriorInformationNotice/cbc:CustomizationID', 'value': 'eforms-sdk-1.3'}]}], 'is_covered': True, 'xpath_conditions': [{'xpath_condition': '', 'meets_xpath_condition': True}], 'message': None}"
13,2025-04-24 00:48:48.746065+00:00,"{'sdk_element_id': 'ND-RootExtension', 'sdk_element_title': None, 'sdk_element_xpath': '/*/ext:UBLExtensions/ext:UBLExtension/ext:ExtensionContent/efext:EformsExtension', 'test_data_xpaths': [{'test_data_suite_oid': '6809839e9090eed3decccd14', 'test_data_suite_id': 'sdk_examples_pin-1.3', 'test_data_oid': '6809839e9090eed3decccd15', 'test_data_id': 't01_PRT', 'xpaths': [{'xpath': 'PriorInformationNotice/ext:UBLExtensions/ext:UBLExtension/ext:ExtensionContent/efext:EformsExtension', 'value': None}]}, {'test_data_suite_oid': '6809839e9090eed3decccd14', 'test_data_suite_id': 'sdk_examples_pin-1.3', 'test_data_oid': '6809839e9090eed3decccd16', 'test_data_id': 'pin-buyer_24', 'xpaths': [{'xpath': 'PriorInformationNotice/ext:UBLExtensions/ext:UBLExtension/ext:ExtensionContent/efext:EformsExtension', 'value': None}]}, {'test_data_suite_oid': '6809839e9090eed3decccd14', 'test_data_suite_id': 'sdk_examples_pin-1.3', 'test_data_oid': '6809839e9090eed3decccd17', 'test_data_id': 'pin-buyer_24_published', 'xpaths': [{'xpath': 'PriorInformationNotice/ext:UBLExtensions/ext:UBLExtension/ext:ExtensionContent/efext:EformsExtension', 'value': None}]}, {'test_data_suite_oid': '6809839e9090eed3decccd14', 'test_data_suite_id': 'sdk_examples_pin-1.3', 'test_data_oid': '6809839e9090eed3decccd18', 'test_data_id': 'qu-sy_25', 'xpaths': [{'xpath': 'PriorInformationNotice/ext:UBLExtensions/ext:UBLExtension/ext:ExtensionContent/efext:EformsExtension', 'value': None}]}, {'test_data_suite_oid': '6809839e9090eed3decccd14', 'test_data_suite_id': 'sdk_examples_pin-1.3', 'test_data_oid': '6809839e9090eed3decccd19', 'test_data_id': 'CEI', 'xpaths': [{'xpath': 'PriorInformationNotice/ext:UBLExtensions/ext:UBLExtension/ext:ExtensionContent/efext:EformsExtension', 'value': None}]}, {'test_data_suite_oid': '6809839e9090eed3decccd14', 'test_data_suite_id': 'sdk_examples_pin-1.3', 'test_data_oid': '6809839e9090eed3decccd1a', 'test_data_id': 'pin-cfc_25', 'xpaths': [{'xpath': 'PriorInformationNotice/ext:UBLExtensions/ext:UBLExtension/ext:ExtensionContent/efext:EformsExtension', 'value': None}]}, {'test_data_suite_oid': '6809839e9090eed3decccd14', 'test_data_suite_id': 'sdk_examples_pin-1.3', 'test_data_oid': '6809839e9090eed3decccd1b', 'test_data_id': 'pin-only_81_FRA', 'xpaths': [{'xpath': 'PriorInformationNotice/ext:UBLExtensions/ext:UBLExtension/ext:ExtensionContent/efext:EformsExtension', 'value': None}]}, {'test_data_suite_oid': '6809839e9090eed3decccd14', 'test_data_suite_id': 'sdk_examples_pin-1.3', 'test_data_oid': '6809839e9090eed3decccd1c', 'test_data_id': 'pin-only_24_lots', 'xpaths': [{'xpath': 'PriorInformationNotice/ext:UBLExtensions/ext:UBLExtension/ext:ExtensionContent/efext:EformsExtension', 'value': None}]}, {'test_data_suite_oid': '6809839e9090eed3decccd14', 'test_data_suite_id': 'sdk_examples_pin-1.3', 'test_data_oid': '6809839e9090eed3decccd1d', 'test_data_id': 'pin-only_24_maximal', 'xpaths': [{'xpath': 'PriorInformationNotice/ext:UBLExtensions/ext:UBLExtension/ext:ExtensionContent/efext:EformsExtension', 'value': None}]}, {'test_data_suite_oid': '6809839e9090eed3decccd14', 'test_data_suite_id': 'sdk_examples_pin-1.3', 'test_data_oid': '6809839e9090eed3decccd1e', 'test_data_id': 'pin-only_fin-reg', 'xpaths': [{'xpath': 'PriorInformationNotice/ext:UBLExtensions/ext:UBLExtension/ext:ExtensionContent/efext:EformsExtension', 'value': None}]}, {'test_data_suite_oid': '6809839e9090eed3decccd14', 'test_data_suite_id': 'sdk_examples_pin-1.3', 'test_data_oid': '6809839e9090eed3decccd1f', 'test_data_id': 'pin-only_81', 'xpaths': [{'xpath': 'PriorInformationNotice/ext:UBLExtensions/ext:UBLExtension/ext:ExtensionContent/efext:EformsExtension', 'value': None}]}, {'test_data_suite_oid': '6809839e9090eed3decccd14', 'test_data_suite_id': 'sdk_examples_pin-1.3', 'test_data_oid': '6809839e9090eed3decccd20', 'test_data_id': 'pin-buyer_24_minimal', 'xpaths': [{'xpath': 'PriorInformationNotice/ext:UBLExtensions/ext:UBLExtension/ext:ExtensionContent/efext:EformsExtension', 'value': None}]}, {'test_data_suite_oid': '6809839e9090eed3decccd14', 'test_data_suite_id': 'sdk_examples_pin-1.3', 'test_data_oid': '6809839e9090eed3decccd21', 'test_data_id': 'pin-only_24', 'xpaths': [{'xpath': 'PriorInformationNotice/ext:UBLExtensions/ext:UBLExtension/ext:ExtensionContent/efext:EformsExtension', 'value': None}]}], 'is_covered': True, 'xpath_conditions': [{'xpath_condition': '', 'meets_xpath_condition': True}], 'message': None}"
14,2025-04-24 00:48:48.746065+00:00,"{'sdk_element_id': 'ND-ReviewRequests', 'sdk_element_title': None, 'sdk_element_xpath': '/*/ext:UBLExtensions/ext:UBLExtension/ext:ExtensionContent/efext:EformsExtension/efac:AppealsInformation', 'test_data_xpaths': [], 'is_covered': False, 'xpath_conditions': [{'xpath_condition': '', 'meets_xpath_condition': True}], 'message': None}"
15,2025-04-24 00:48:48.746065+00:00,"{'sdk_element_id': 'ND-ReviewStatus', 'sdk_element_title': None, 'sdk_element_xpath': '/*/ext:UBLExtensions/ext:UBLExtension/ext:ExtensionContent/efext:EformsExtension/efac:AppealsInformation/efac:AppealStatus', 'test_data_xpaths': [], 'is_covered': False, 'xpath_conditions': [{'xpath_condition': '', 'meets_xpath_condition': True}], 'message': None}"
16,2025-04-24 00:48:48.746065+00:00,"{'sdk_element_id': 'ND-AppealingParty', 'sdk_element_title': None, 'sdk_element_xpath': '/*/ext:UBLExtensions/ext:UBLExtension/ext:ExtensionContent/efext:EformsExtension/efac:AppealsInformation/efac:AppealStatus/efac:AppealingParty', 'test_data_xpaths': [], 'is_covered': False, 'xpath_conditions': [{'xpath_condition': '', 'meets_xpath_condition': True}], 'message': None}"
17,2025-04-24 00:48:48.746065+00:00,"{'sdk_element_id': 'ND-AppealProcessingParty', 'sdk_element_title': None, 'sdk_element_xpath': '/*/ext:UBLExtensions/ext:UBLExtension/ext:ExtensionContent/efext:EformsExtension/efac:AppealsInformation/efac:AppealStatus/efac:AppealProcessingParty', 'test_data_xpaths': [], 'is_covered': False, 'xpath_conditions': [{'xpath_condition': '', 'meets_xpath_condition': True}], 'message': None}"
18,2025-04-24 00:48:48.746065+00:00,"{'sdk_element_id': 'OPP-070-notice', 'sdk_element_title': 'Notice Subtype', 'sdk_element_xpath': '/*/ext:UBLExtensions/ext:UBLExtension/ext:ExtensionContent/efext:EformsExtension/efac:NoticeSubType/cbc:SubTypeCode', 'test_data_xpaths': [{'test_data_suite_oid': '6809839e9090eed3decccd14', 'test_data_suite_id': 'sdk_examples_pin-1.3', 'test_data_oid': '6809839e9090eed3decccd15', 'test_data_id': 't01_PRT', 'xpaths': [{'xpath': 'PriorInformationNotice/ext:UBLExtensions/ext:UBLExtension/ext:ExtensionContent/efext:EformsExtension/efac:NoticeSubType/cbc:SubTypeCode', 'value': 'T01'}]}, {'test_data_suite_oid': '6809839e9090eed3decccd14', 'test_data_suite_id': 'sdk_examples_pin-1.3', 'test_data_oid': '6809839e9090eed3decccd16', 'test_data_id': 'pin-buyer_24', 'xpaths': [{'xpath': 'PriorInformationNotice/ext:UBLExtensions/ext:UBLExtension/ext:ExtensionContent/efext:EformsExtension/efac:NoticeSubType/cbc:SubTypeCode', 'value': '1'}]}, {'test_data_suite_oid': '6809839e9090eed3decccd14', 'test_data_suite_id': 'sdk_examples_pin-1.3', 'test_data_oid': '6809839e9090eed3decccd17', 'test_data_id': 'pin-buyer_24_published', 'xpaths': [{'xpath': 'PriorInformationNotice/ext:UBLExtensions/ext:UBLExtension/ext:ExtensionContent/efext:EformsExtension/efac:NoticeSubType/cbc:SubTypeCode', 'value': '1'}]}, {'test_data_suite_oid': '6809839e9090eed3decccd14', 'test_data_suite_id': 'sdk_examples_pin-1.3', 'test_data_oid': '6809839e9090eed3decccd18', 'test_data_id': 'qu-sy_25', 'xpaths': [{'xpath': 'PriorInformationNotice/ext:UBLExtensions/ext:UBLExtension/ext:ExtensionContent/efext:EformsExtension/efac:NoticeSubType/cbc:SubTypeCode', 'value': '15'}]}, {'test_data_suite_oid': '6809839e9090eed3decccd14', 'test_data_suite_id': 'sdk_examples_pin-1.3', 'test_data_oid': '6809839e9090eed3decccd19', 'test_data_id': 'CEI', 'xpaths': [{'xpath': 'PriorInformationNotice/ext:UBLExtensions/ext:UBLExtension/ext:ExtensionContent/efext:EformsExtension/efac:NoticeSubType/cbc:SubTypeCode', 'value': 'CEI'}]}, {'test_data_suite_oid': '6809839e9090eed3decccd14', 'test_data_suite_id': 'sdk_examples_pin-1.3', 'test_data_oid': '6809839e9090eed3decccd1a', 'test_data_id': 'pin-cfc_25', 'xpaths': [{'xpath': 'PriorInformationNotice/ext:UBLExtensions/ext:UBLExtension/ext:ExtensionContent/efext:EformsExtension/efac:NoticeSubType/cbc:SubTypeCode', 'value': '11'}]}, {'test_data_suite_oid': '6809839e9090eed3decccd14', 'test_data_suite_id': 'sdk_examples_pin-1.3', 'test_data_oid': '6809839e9090eed3decccd1b', 'test_data_id': 'pin-only_81_FRA', 'xpaths': [{'xpath': 'PriorInformationNotice/ext:UBLExtensions/ext:UBLExtension/ext:ExtensionContent/efext:EformsExtension/efac:NoticeSubType/cbc:SubTypeCode', 'value': '6'}]}, {'test_data_suite_oid': '6809839e9090eed3decccd14', 'test_data_suite_id': 'sdk_examples_pin-1.3', 'test_data_oid': '6809839e9090eed3decccd1c', 'test_data_id': 'pin-only_24_lots', 'xpaths': [{'xpath': 'PriorInformationNotice/ext:UBLExtensions/ext:UBLExtension/ext:ExtensionContent/efext:EformsExtension/efac:NoticeSubType/cbc:SubTypeCode', 'value': '4'}]}, {'test_data_suite_oid': '6809839e9090eed3decccd14', 'test_data_suite_id': 'sdk_examples_pin-1.3', 'test_data_oid': '6809839e9090eed3decccd1d', 'test_data_id': 'pin-only_24_maximal', 'xpaths': [{'xpath': 'PriorInformationNotice/ext:UBLExtensions/ext:UBLExtension/ext:ExtensionContent/efext:EformsExtension/efac:NoticeSubType/cbc:SubTypeCode', 'value': '4'}]}, {'test_data_suite_oid': '6809839e9090eed3decccd14', 'test_data_suite_id': 'sdk_examples_pin-1.3', 'test_data_oid': '6809839e9090eed3decccd1e', 'test_data_id': 'pin-only_fin-reg', 'xpaths': [{'xpath': 'PriorInformationNotice/ext:UBLExtensions/ext:UBLExtension/ext:ExtensionContent/efext:EformsExtension/efac:NoticeSubType/cbc:SubTypeCode', 'value': '4'}]}, {'test_data_suite_oid': '6809839e9090eed3decccd14', 'test_data_suite_id': 'sdk_examples_pin-1.3', 'test_data_oid': '6809839e9090eed3decccd1f', 'test_data_id': 'pin-only_81', 'xpaths': [{'xpath': 'PriorInformationNotice/ext:UBLExtensions/ext:UBLExtension/ext:ExtensionContent/efext:EformsExtension/efac:NoticeSubType/cbc:SubTypeCode', 'value': '6'}]}, {'test_data_suite_oid': '6809839e9090eed3decccd14', 'test_data_suite_id': 'sdk_examples_pin-1.3', 'test_data_oid': '6809839e9090eed3decccd20', 'test_data_id': 'pin-buyer_24_minimal', 'xpaths': [{'xpath': 'PriorInformationNotice/ext:UBLExtensions/ext:UBLExtension/ext:ExtensionContent/efext:EformsExtension/efac:NoticeSubType/cbc:SubTypeCode', 'value': '1'}]}, {'test_data_suite_oid': '6809839e9090eed3decccd14', 'test_data_suite_id': 'sdk_examples_pin-1.3', 'test_data_oid': '6809839e9090eed3decccd21', 'test_data_id': 'pin-only_24', 'xpaths': [{'xpath': 'PriorInformationNotice/ext:UBLExtensions/ext:UBLExtension/ext:ExtensionContent/efext:EformsExtension/efac:NoticeSubType/cbc:SubTypeCode', 'value': '4'}]}], 'is_covered': True, 'xpath_conditions': [{'xpath_condition': '', 'meets_xpath_condition': True}], 'message': None}"
19,2025-04-24 00:48:48.746065+00:00,"{'sdk_element_id': 'ND-Publication', 'sdk_element_title': None, 'sdk_element_xpath': '/*/ext:UBLExtensions/ext:UBLExtension/ext:ExtensionContent/efext:EformsExtension/efac:Publication', 'test_data_xpaths': [{'test_data_suite_oid': '6809839e9090eed3decccd14', 'test_data_suite_id': 'sdk_examples_pin-1.3', 'test_data_oid': '6809839e9090eed3decccd17', 'test_data_id': 'pin-buyer_24_published', 'xpaths': [{'xpath': 'PriorInformationNotice/ext:UBLExtensions/ext:UBLExtension/ext:ExtensionContent/efext:EformsExtension/efac:Publication', 'value': None}]}], 'is_covered': True, 'xpath_conditions': [{'xpath_condition': '', 'meets_xpath_condition': True}], 'message': None}"
20,2025-04-24 00:48:48.746065+00:00,"{'sdk_element_id': 'OPP-010-notice', 'sdk_element_title': 'Notice Publication Number', 'sdk_element_xpath': ""/*/ext:UBLExtensions/ext:UBLExtension/ext:ExtensionContent/efext:EformsExtension/efac:Publication/efbc:NoticePublicationID[@schemeName='ojs-notice-id']"", 'test_data_xpaths': [{'test_data_suite_oid': '6809839e9090eed3decccd14', 'test_data_suite_id': 'sdk_examples_pin-1.3', 'test_data_oid': '6809839e9090eed3decccd17', 'test_data_id': 'pin-buyer_24_published', 'xpaths': [{'xpath': 'PriorInformationNotice/ext:UBLExtensions/ext:UBLExtension/ext:ExtensionContent/efext:EformsExtension/efac:Publication/efbc:NoticePublicationID', 'value': '12345678-2025'}]}], 'is_covered': True, 'xpath_conditions': [{'xpath_condition': '', 'meets_xpath_condition': True}], 'message': None}"
21,2025-04-24 00:48:48.746065+00:00,"{'sdk_element_id': 'OPP-011-notice', 'sdk_element_title': 'OJEU Identifier', 'sdk_element_xpath': ""/*/ext:UBLExtensions/ext:UBLExtension/ext:ExtensionContent/efext:EformsExtension/efac:Publication/efbc:GazetteID[@schemeName='ojs-id']"", 'test_data_xpaths': [{'test_data_suite_oid': '6809839e9090eed3decccd14', 'test_data_suite_id': 'sdk_examples_pin-1.3', 'test_data_oid': '6809839e9090eed3decccd17', 'test_data_id': 'pin-buyer_24_published', 'xpaths': [{'xpath': 'PriorInformationNotice/ext:UBLExtensions/ext:UBLExtension/ext:ExtensionContent/efext:EformsExtension/efac:Publication/efbc:GazetteID', 'value': '123/2025'}]}], 'is_covered': True, 'xpath_conditions': [{'xpath_condition': '', 'meets_xpath_condition': True}], 'message': None}"
22,2025-04-24 00:48:48.746065+00:00,"{'sdk_element_id': 'OPP-012-notice', 'sdk_element_title': 'OJEU Publication Date', 'sdk_element_xpath': '/*/ext:UBLExtensions/ext:UBLExtension/ext:ExtensionContent/efext:EformsExtension/efac:Publication/efbc:PublicationDate', 'test_data_xpaths': [{'test_data_suite_oid': '6809839e9090eed3decccd14', 'test_data_suite_id': 'sdk_examples_pin-1.3', 'test_data_oid': '6809839e9090eed3decccd17', 'test_data_id': 'pin-buyer_24_published', 'xpaths': [{'xpath': 'PriorInformationNotice/ext:UBLExtensions/ext:UBLExtension/ext:ExtensionContent/efext:EformsExtension/efac:Publication/efbc:PublicationDate', 'value': '2025-05-22+01:00'}]}], 'is_covered': True, 'xpath_conditions': [{'xpath_condition': '', 'meets_xpath_condition': True}], 'message': None}"
23,2025-04-24 00:48:48.746065+00:00,"{'sdk_element_id': 'ND-ContractingParty', 'sdk_element_title': None, 'sdk_element_xpath': '/*/cac:ContractingParty', 'test_data_xpaths': [{'test_data_suite_oid': '6809839e9090eed3decccd14', 'test_data_suite_id': 'sdk_examples_pin-1.3', 'test_data_oid': '6809839e9090eed3decccd15', 'test_data_id': 't01_PRT', 'xpaths': [{'xpath': 'PriorInformationNotice/cac:ContractingParty', 'value': None}]}, {'test_data_suite_oid': '6809839e9090eed3decccd14', 'test_data_suite_id': 'sdk_examples_pin-1.3', 'test_data_oid': '6809839e9090eed3decccd16', 'test_data_id': 'pin-buyer_24', 'xpaths': [{'xpath': 'PriorInformationNotice/cac:ContractingParty', 'value': None}]}, {'test_data_suite_oid': '6809839e9090eed3decccd14', 'test_data_suite_id': 'sdk_examples_pin-1.3', 'test_data_oid': '6809839e9090eed3decccd17', 'test_data_id': 'pin-buyer_24_published', 'xpaths': [{'xpath': 'PriorInformationNotice/cac:ContractingParty', 'value': None}]}, {'test_data_suite_oid': '6809839e9090eed3decccd14', 'test_data_suite_id': 'sdk_examples_pin-1.3', 'test_data_oid': '6809839e9090eed3decccd18', 'test_data_id': 'qu-sy_25', 'xpaths': [{'xpath': 'PriorInformationNotice/cac:ContractingParty', 'value': None}]}, {'test_data_suite_oid': '6809839e9090eed3decccd14', 'test_data_suite_id': 'sdk_examples_pin-1.3', 'test_data_oid': '6809839e9090eed3decccd19', 'test_data_id': 'CEI', 'xpaths': [{'xpath': 'PriorInformationNotice/cac:ContractingParty', 'value': None}]}, {'test_data_suite_oid': '6809839e9090eed3decccd14', 'test_data_suite_id': 'sdk_examples_pin-1.3', 'test_data_oid': '6809839e9090eed3decccd1a', 'test_data_id': 'pin-cfc_25', 'xpaths': [{'xpath': 'PriorInformationNotice/cac:ContractingParty', 'value': None}]}, {'test_data_suite_oid': '6809839e9090eed3decccd14', 'test_data_suite_id': 'sdk_examples_pin-1.3', 'test_data_oid': '6809839e9090eed3decccd1b', 'test_data_id': 'pin-only_81_FRA', 'xpaths': [{'xpath': 'PriorInformationNotice/cac:ContractingParty', 'value': None}]}, {'test_data_suite_oid': '6809839e9090eed3decccd14', 'test_data_suite_id': 'sdk_examples_pin-1.3', 'test_data_oid': '6809839e9090eed3decccd1c', 'test_data_id': 'pin-only_24_lots', 'xpaths': [{'xpath': 'PriorInformationNotice/cac:ContractingParty', 'value': None}]}, {'test_data_suite_oid': '6809839e9090eed3decccd14', 'test_data_suite_id': 'sdk_examples_pin-1.3', 'test_data_oid': '6809839e9090eed3decccd1d', 'test_data_id': 'pin-only_24_maximal', 'xpaths': [{'xpath': 'PriorInformationNotice/cac:ContractingParty', 'value': None}]}, {'test_data_suite_oid': '6809839e9090eed3decccd14', 'test_data_suite_id': 'sdk_examples_pin-1.3', 'test_data_oid': '6809839e9090eed3decccd1e', 'test_data_id': 'pin-only_fin-reg', 'xpaths': [{'xpath': 'PriorInformationNotice/cac:ContractingParty', 'value': None}]}, {'test_data_suite_oid': '6809839e9090eed3decccd14', 'test_data_suite_id': 'sdk_examples_pin-1.3', 'test_data_oid': '6809839e9090eed3decccd1f', 'test_data_id': 'pin-only_81', 'xpaths': [{'xpath': 'PriorInformationNotice/cac:ContractingParty', 'value': None}]}, {'test_data_suite_oid': '6809839e9090eed3decccd14', 'test_data_suite_id': 'sdk_examples_pin-1.3', 'test_data_oid': '6809839e9090eed3decccd20', 'test_data_id': 'pin-buyer_24_minimal', 'xpaths': [{'xpath': 'PriorInformationNotice/cac:ContractingParty', 'value': None}]}, {'test_data_suite_oid': '6809839e9090eed3decccd14', 'test_data_suite_id': 'sdk_examples_pin-1.3', 'test_data_oid': '6809839e9090eed3decccd21', 'test_data_id': 'pin-only_24', 'xpaths': [{'xpath': 'PriorInformationNotice/cac:ContractingParty', 'value': None}]}], 'is_covered': True, 'xpath_conditions': [{'xpath_condition': '', 'meets_xpath_condition': True}, {'xpath_condition': ""/*/cbc:NoticeTypeCode/@listName='planning' or /*/cbc:NoticeTypeCode/@listName='competition' or /*/cbc:NoticeTypeCode/@listName='dir-awa-pre' or (/*/cbc:NoticeTypeCode/@listName='change' and exists(/*/ext:UBLExtensions/ext:UBLExtension/ext:ExtensionContent/efext:EformsExtension/efac:NoticeSubType/cbc:SubTypeCode[contains('1 2 3 4 5 6 7 8 9 T01   10 11 12 13 14 15 16 17 18 19 20 21 22 23 24 CEI   25 26 27 28', text())]))"", 'meets_xpath_condition': True}, {'xpath_condition': ""/*/cbc:NoticeTypeCode/@listName='result' or /*/cbc:NoticeTypeCode/@listName='cont-modif' or /*/cbc:NoticeTypeCode/@listName='consultation' or /*/cbc:NoticeTypeCode/@listName='completion' or (/*/cbc:NoticeTypeCode/@listName='change' and exists(/*/ext:UBLExtensions/ext:UBLExtension/ext:ExtensionContent/efext:EformsExtension/efac:NoticeSubType/cbc:SubTypeCode[contains('29 30 31 32 33 34 35 36 37 T02   38 39 40', text())]))"", 'meets_xpath_condition': True}], 'message': None}"
24,2025-04-24 00:48:48.746065+00:00,"{'sdk_element_id': 'ND-ServiceProvider', 'sdk_element_title': None, 'sdk_element_xpath': '/*/cac:ContractingParty/cac:Party', 'test_data_xpaths': [{'test_data_suite_oid': '6809839e9090eed3decccd14', 'test_data_suite_id': 'sdk_examples_pin-1.3', 'test_data_oid': '6809839e9090eed3decccd15', 'test_data_id': 't01_PRT', 'xpaths': [{'xpath': 'PriorInformationNotice/cac:ContractingParty/cac:Party', 'value': None}]}, {'test_data_suite_oid': '6809839e9090eed3decccd14', 'test_data_suite_id': 'sdk_examples_pin-1.3', 'test_data_oid': '6809839e9090eed3decccd16', 'test_data_id': 'pin-buyer_24', 'xpaths': [{'xpath': 'PriorInformationNotice/cac:ContractingParty/cac:Party', 'value': None}]}, {'test_data_suite_oid': '6809839e9090eed3decccd14', 'test_data_suite_id': 'sdk_examples_pin-1.3', 'test_data_oid': '6809839e9090eed3decccd17', 'test_data_id': 'pin-buyer_24_published', 'xpaths': [{'xpath': 'PriorInformationNotice/cac:ContractingParty/cac:Party', 'value': None}]}, {'test_data_suite_oid': '6809839e9090eed3decccd14', 'test_data_suite_id': 'sdk_examples_pin-1.3', 'test_data_oid': '6809839e9090eed3decccd18', 'test_data_id': 'qu-sy_25', 'xpaths': [{'xpath': 'PriorInformationNotice/cac:ContractingParty/cac:Party', 'value': None}]}, {'test_data_suite_oid': '6809839e9090eed3decccd14', 'test_data_suite_id': 'sdk_examples_pin-1.3', 'test_data_oid': '6809839e9090eed3decccd19', 'test_data_id': 'CEI', 'xpaths': [{'xpath': 'PriorInformationNotice/cac:ContractingParty/cac:Party', 'value': None}]}, {'test_data_suite_oid': '6809839e9090eed3decccd14', 'test_data_suite_id': 'sdk_examples_pin-1.3', 'test_data_oid': '6809839e9090eed3decccd1a', 'test_data_id': 'pin-cfc_25', 'xpaths': [{'xpath': 'PriorInformationNotice/cac:ContractingParty/cac:Party', 'value': None}]}, {'test_data_suite_oid': '6809839e9090eed3decccd14', 'test_data_suite_id': 'sdk_examples_pin-1.3', 'test_data_oid': '6809839e9090eed3decccd1b', 'test_data_id': 'pin-only_81_FRA', 'xpaths': [{'xpath': 'PriorInformationNotice/cac:ContractingParty/cac:Party', 'value': None}]}, {'test_data_suite_oid': '6809839e9090eed3decccd14', 'test_data_suite_id': 'sdk_examples_pin-1.3', 'test_data_oid': '6809839e9090eed3decccd1c', 'test_data_id': 'pin-only_24_lots', 'xpaths': [{'xpath': 'PriorInformationNotice/cac:ContractingParty/cac:Party', 'value': None}]}, {'test_data_suite_oid': '6809839e9090eed3decccd14', 'test_data_suite_id': 'sdk_examples_pin-1.3', 'test_data_oid': '6809839e9090eed3decccd1d', 'test_data_id': 'pin-only_24_maximal', 'xpaths': [{'xpath': 'PriorInformationNotice/cac:ContractingParty/cac:Party', 'value': None}]}, {'test_data_suite_oid': '6809839e9090eed3decccd14', 'test_data_suite_id': 'sdk_examples_pin-1.3', 'test_data_oid': '6809839e9090eed3decccd1e', 'test_data_id': 'pin-only_fin-reg', 'xpaths': [{'xpath': 'PriorInformationNotice/cac:ContractingParty/cac:Party', 'value': None}]}, {'test_data_suite_oid': '6809839e9090eed3decccd14', 'test_data_suite_id': 'sdk_examples_pin-1.3', 'test_data_oid': '6809839e9090eed3decccd1f', 'test_data_id': 'pin-only_81', 'xpaths': [{'xpath': 'PriorInformationNotice/cac:ContractingParty/cac:Party', 'value': None}]}, {'test_data_suite_oid': '6809839e9090eed3decccd14', 'test_data_suite_id': 'sdk_examples_pin-1.3', 'test_data_oid': '6809839e9090eed3decccd20', 'test_data_id': 'pin-buyer_24_minimal', 'xpaths': [{'xpath': 'PriorInformationNotice/cac:ContractingParty/cac:Party', 'value': None}]}, {'test_data_suite_oid': '6809839e9090eed3decccd14', 'test_data_suite_id': 'sdk_examples_pin-1.3', 'test_data_oid': '6809839e9090eed3decccd21', 'test_data_id': 'pin-only_24', 'xpaths': [{'xpath': 'PriorInformationNotice/cac:ContractingParty/cac:Party', 'value': None}]}], 'is_covered': True, 'xpath_conditions': [{'xpath_condition': '', 'meets_xpath_condition': True}], 'message': None}"
25,2025-04-24 00:48:48.746065+00:00,"{'sdk_element_id': 'OPT-300-Procedure-Buyer', 'sdk_element_title': 'Buyer Technical Identifier Reference', 'sdk_element_xpath': '/*/cac:ContractingParty/cac:Party/cac:PartyIdentification/cbc:ID', 'test_data_xpaths': [{'test_data_suite_oid': '6809839e9090eed3decccd14', 'test_data_suite_id': 'sdk_examples_pin-1.3', 'test_data_oid': '6809839e9090eed3decccd15', 'test_data_id': 't01_PRT', 'xpaths': [{'xpath': 'PriorInformationNotice/cac:ContractingParty/cac:Party/cac:PartyIdentification/cbc:ID', 'value': 'ORG-0001'}]}, {'test_data_suite_oid': '6809839e9090eed3decccd14', 'test_data_suite_id': 'sdk_examples_pin-1.3', 'test_data_oid': '6809839e9090eed3decccd16', 'test_data_id': 'pin-buyer_24', 'xpaths': [{'xpath': 'PriorInformationNotice/cac:ContractingParty/cac:Party/cac:PartyIdentification/cbc:ID', 'value': 'ORG-0001'}]}, {'test_data_suite_oid': '6809839e9090eed3decccd14', 'test_data_suite_id': 'sdk_examples_pin-1.3', 'test_data_oid': '6809839e9090eed3decccd17', 'test_data_id': 'pin-buyer_24_published', 'xpaths': [{'xpath': 'PriorInformationNotice/cac:ContractingParty/cac:Party/cac:PartyIdentification/cbc:ID', 'value': 'ORG-0001'}]}, {'test_data_suite_oid': '6809839e9090eed3decccd14', 'test_data_suite_id': 'sdk_examples_pin-1.3', 'test_data_oid': '6809839e9090eed3decccd18', 'test_data_id': 'qu-sy_25', 'xpaths': [{'xpath': 'PriorInformationNotice/cac:ContractingParty/cac:Party/cac:PartyIdentification/cbc:ID', 'value': 'ORG-0001'}]}, {'test_data_suite_oid': '6809839e9090eed3decccd14', 'test_data_suite_id': 'sdk_examples_pin-1.3', 'test_data_oid': '6809839e9090eed3decccd19', 'test_data_id': 'CEI', 'xpaths': [{'xpath': 'PriorInformationNotice/cac:ContractingParty/cac:Party/cac:PartyIdentification/cbc:ID', 'value': 'ORG-0001'}]}, {'test_data_suite_oid': '6809839e9090eed3decccd14', 'test_data_suite_id': 'sdk_examples_pin-1.3', 'test_data_oid': '6809839e9090eed3decccd1a', 'test_data_id': 'pin-cfc_25', 'xpaths': [{'xpath': 'PriorInformationNotice/cac:ContractingParty/cac:Party/cac:PartyIdentification/cbc:ID', 'value': 'ORG-0001'}]}, {'test_data_suite_oid': '6809839e9090eed3decccd14', 'test_data_suite_id': 'sdk_examples_pin-1.3', 'test_data_oid': '6809839e9090eed3decccd1b', 'test_data_id': 'pin-only_81_FRA', 'xpaths': [{'xpath': 'PriorInformationNotice/cac:ContractingParty/cac:Party/cac:PartyIdentification/cbc:ID', 'value': 'ORG-0001'}]}, {'test_data_suite_oid': '6809839e9090eed3decccd14', 'test_data_suite_id': 'sdk_examples_pin-1.3', 'test_data_oid': '6809839e9090eed3decccd1c', 'test_data_id': 'pin-only_24_lots', 'xpaths': [{'xpath': 'PriorInformationNotice/cac:ContractingParty/cac:Party/cac:PartyIdentification/cbc:ID', 'value': 'ORG-0001'}]}, {'test_data_suite_oid': '6809839e9090eed3decccd14', 'test_data_suite_id': 'sdk_examples_pin-1.3', 'test_data_oid': '6809839e9090eed3decccd1d', 'test_data_id': 'pin-only_24_maximal', 'xpaths': [{'xpath': 'PriorInformationNotice/cac:ContractingParty/cac:Party/cac:PartyIdentification/cbc:ID', 'value': 'ORG-0001'}]}, {'test_data_suite_oid': '6809839e9090eed3decccd14', 'test_data_suite_id': 'sdk_examples_pin-1.3', 'test_data_oid': '6809839e9090eed3decccd1e', 'test_data_id': 'pin-only_fin-reg', 'xpaths': [{'xpath': 'PriorInformationNotice/cac:ContractingParty/cac:Party/cac:PartyIdentification/cbc:ID', 'value': 'ORG-0001'}]}, {'test_data_suite_oid': '6809839e9090eed3decccd14', 'test_data_suite_id': 'sdk_examples_pin-1.3', 'test_data_oid': '6809839e9090eed3decccd1f', 'test_data_id': 'pin-only_81', 'xpaths': [{'xpath': 'PriorInformationNotice/cac:ContractingParty/cac:Party/cac:PartyIdentification/cbc:ID', 'value': 'ORG-0001'}]}, {'test_data_suite_oid': '6809839e9090eed3decccd14', 'test_data_suite_id': 'sdk_examples_pin-1.3', 'test_data_oid': '6809839e9090eed3decccd20', 'test_data_id': 'pin-buyer_24_minimal', 'xpaths': [{'xpath': 'PriorInformationNotice/cac:ContractingParty/cac:Party/cac:PartyIdentification/cbc:ID', 'value': 'ORG-0001'}]}, {'test_data_suite_oid': '6809839e9090eed3decccd14', 'test_data_suite_id': 'sdk_examples_pin-1.3', 'test_data_oid': '6809839e9090eed3decccd21', 'test_data_id': 'pin-only_24', 'xpaths': [{'xpath': 'PriorInformationNotice/cac:ContractingParty/cac:Party/cac:PartyIdentification/cbc:ID', 'value': 'ORG-0001'}]}], 'is_covered': True, 'xpath_conditions': [{'xpath_condition': '', 'meets_xpath_condition': True}], 'message': None}"
26,2025-04-24 00:48:48.746065+00:00,"{'sdk_element_id': 'BT-11-Procedure-Buyer', 'sdk_element_title': 'Buyer Legal Type', 'sdk_element_xpath': ""/*/cac:ContractingParty/cac:ContractingPartyType/cbc:PartyTypeCode[@listName='buyer-legal-type']"", 'test_data_xpaths': [{'test_data_suite_oid': '6809839e9090eed3decccd14', 'test_data_suite_id': 'sdk_examples_pin-1.3', 'test_data_oid': '6809839e9090eed3decccd15', 'test_data_id': 't01_PRT', 'xpaths': [{'xpath': 'PriorInformationNotice/cac:ContractingParty/cac:ContractingPartyType/cbc:PartyTypeCode', 'value': 'ra'}]}, {'test_data_suite_oid': '6809839e9090eed3decccd14', 'test_data_suite_id': 'sdk_examples_pin-1.3', 'test_data_oid': '6809839e9090eed3decccd16', 'test_data_id': 'pin-buyer_24', 'xpaths': [{'xpath': 'PriorInformationNotice/cac:ContractingParty/cac:ContractingPartyType/cbc:PartyTypeCode', 'value': 'pub-undert-la'}]}, {'test_data_suite_oid': '6809839e9090eed3decccd14', 'test_data_suite_id': 'sdk_examples_pin-1.3', 'test_data_oid': '6809839e9090eed3decccd17', 'test_data_id': 'pin-buyer_24_published', 'xpaths': [{'xpath': 'PriorInformationNotice/cac:ContractingParty/cac:ContractingPartyType/cbc:PartyTypeCode', 'value': 'pub-undert-la'}]}, {'test_data_suite_oid': '6809839e9090eed3decccd14', 'test_data_suite_id': 'sdk_examples_pin-1.3', 'test_data_oid': '6809839e9090eed3decccd18', 'test_data_id': 'qu-sy_25', 'xpaths': [{'xpath': 'PriorInformationNotice/cac:ContractingParty/cac:ContractingPartyType/cbc:PartyTypeCode', 'value': 'pub-undert-ra'}]}, {'test_data_suite_oid': '6809839e9090eed3decccd14', 'test_data_suite_id': 'sdk_examples_pin-1.3', 'test_data_oid': '6809839e9090eed3decccd19', 'test_data_id': 'CEI', 'xpaths': [{'xpath': 'PriorInformationNotice/cac:ContractingParty/cac:ContractingPartyType/cbc:PartyTypeCode', 'value': 'eu-ins-bod-ag'}]}, {'test_data_suite_oid': '6809839e9090eed3decccd14', 'test_data_suite_id': 'sdk_examples_pin-1.3', 'test_data_oid': '6809839e9090eed3decccd1a', 'test_data_id': 'pin-cfc_25', 'xpaths': [{'xpath': 'PriorInformationNotice/cac:ContractingParty/cac:ContractingPartyType/cbc:PartyTypeCode', 'value': 'pub-undert-ra'}]}, {'test_data_suite_oid': '6809839e9090eed3decccd14', 'test_data_suite_id': 'sdk_examples_pin-1.3', 'test_data_oid': '6809839e9090eed3decccd1b', 'test_data_id': 'pin-only_81_FRA', 'xpaths': [{'xpath': 'PriorInformationNotice/cac:ContractingParty/cac:ContractingPartyType/cbc:PartyTypeCode', 'value': 'def-cont'}]}, {'test_data_suite_oid': '6809839e9090eed3decccd14', 'test_data_suite_id': 'sdk_examples_pin-1.3', 'test_data_oid': '6809839e9090eed3decccd1c', 'test_data_id': 'pin-only_24_lots', 'xpaths': [{'xpath': 'PriorInformationNotice/cac:ContractingParty/cac:ContractingPartyType/cbc:PartyTypeCode', 'value': 'body-pl'}]}, {'test_data_suite_oid': '6809839e9090eed3decccd14', 'test_data_suite_id': 'sdk_examples_pin-1.3', 'test_data_oid': '6809839e9090eed3decccd1d', 'test_data_id': 'pin-only_24_maximal', 'xpaths': [{'xpath': 'PriorInformationNotice/cac:ContractingParty/cac:ContractingPartyType/cbc:PartyTypeCode', 'value': 'body-pl'}]}, {'test_data_suite_oid': '6809839e9090eed3decccd14', 'test_data_suite_id': 'sdk_examples_pin-1.3', 'test_data_oid': '6809839e9090eed3decccd1e', 'test_data_id': 'pin-only_fin-reg', 'xpaths': [{'xpath': 'PriorInformationNotice/cac:ContractingParty/cac:ContractingPartyType/cbc:PartyTypeCode', 'value': 'eu-ins-bod-ag'}]}, {'test_data_suite_oid': '6809839e9090eed3decccd14', 'test_data_suite_id': 'sdk_examples_pin-1.3', 'test_data_oid': '6809839e9090eed3decccd20', 'test_data_id': 'pin-buyer_24_minimal', 'xpaths': [{'xpath': 'PriorInformationNotice/cac:ContractingParty/cac:ContractingPartyType/cbc:PartyTypeCode', 'value': 'pub-undert-la'}]}, {'test_data_suite_oid': '6809839e9090eed3decccd14', 'test_data_suite_id': 'sdk_examples_pin-1.3', 'test_data_oid': '6809839e9090eed3decccd21', 'test_data_id': 'pin-only_24', 'xpaths': [{'xpath': 'PriorInformationNotice/cac:ContractingParty/cac:ContractingPartyType/cbc:PartyTypeCode', 'value': 'eu-ins-bod-ag'}]}], 'is_covered': True, 'xpath_conditions': [{'xpath_condition': '', 'meets_xpath_condition': True}], 'message': None}"
27,2025-04-24 00:48:48.746065+00:00,"{'sdk_element_id': 'BT-740-Procedure-Buyer', 'sdk_element_title': 'Buyer Contracting Entity', 'sdk_element_xpath': ""/*/cac:ContractingParty/cac:ContractingPartyType/cbc:PartyTypeCode[@listName='buyer-contracting-type']"", 'test_data_xpaths': [{'test_data_suite_oid': '6809839e9090eed3decccd14', 'test_data_suite_id': 'sdk_examples_pin-1.3', 'test_data_oid': '6809839e9090eed3decccd15', 'test_data_id': 't01_PRT', 'xpaths': [{'xpath': 'PriorInformationNotice/cac:ContractingParty/cac:ContractingPartyType/cbc:PartyTypeCode', 'value': 'not-cont-ent'}]}, {'test_data_suite_oid': '6809839e9090eed3decccd14', 'test_data_suite_id': 'sdk_examples_pin-1.3', 'test_data_oid': '6809839e9090eed3decccd19', 'test_data_id': 'CEI', 'xpaths': [{'xpath': 'PriorInformationNotice/cac:ContractingParty/cac:ContractingPartyType/cbc:PartyTypeCode', 'value': 'not-cont-ent'}]}, {'test_data_suite_oid': '6809839e9090eed3decccd14', 'test_data_suite_id': 'sdk_examples_pin-1.3', 'test_data_oid': '6809839e9090eed3decccd1b', 'test_data_id': 'pin-only_81_FRA', 'xpaths': [{'xpath': 'PriorInformationNotice/cac:ContractingParty/cac:ContractingPartyType/cbc:PartyTypeCode', 'value': 'not-cont-ent'}]}], 'is_covered': True, 'xpath_conditions': [{'xpath_condition': ""cac:ContractingPartyType/cbc:PartyTypeCode[@listName='buyer-contracting-type']/text()='cont-ent'"", 'meets_xpath_condition': True}, {'xpath_condition': ""cac:ContractingPartyType/cbc:PartyTypeCode[@listName='buyer-contracting-type']/text()='not-cont-ent'"", 'meets_xpath_condition': True}], 'message': None}"
28,2025-04-24 00:48:48.746065+00:00,"{'sdk_element_id': 'BT-10-Procedure-Buyer', 'sdk_element_title': 'Activity Authority', 'sdk_element_xpath': ""/*/cac:ContractingParty/cac:ContractingActivity/cbc:ActivityTypeCode[@listName='authority-activity']"", 'test_data_xpaths': [{'test_data_suite_oid': '6809839e9090eed3decccd14', 'test_data_suite_id': 'sdk_examples_pin-1.3', 'test_data_oid': '6809839e9090eed3decccd15', 'test_data_id': 't01_PRT', 'xpaths': [{'xpath': 'PriorInformationNotice/cac:ContractingParty/cac:ContractingActivity/cbc:ActivityTypeCode', 'value': 'rcr'}]}, {'test_data_suite_oid': '6809839e9090eed3decccd14', 'test_data_suite_id': 'sdk_examples_pin-1.3', 'test_data_oid': '6809839e9090eed3decccd16', 'test_data_id': 'pin-buyer_24', 'xpaths': [{'xpath': 'PriorInformationNotice/cac:ContractingParty/cac:ContractingActivity/cbc:ActivityTypeCode', 'value': 'health'}]}, {'test_data_suite_oid': '6809839e9090eed3decccd14', 'test_data_suite_id': 'sdk_examples_pin-1.3', 'test_data_oid': '6809839e9090eed3decccd17', 'test_data_id': 'pin-buyer_24_published', 'xpaths': [{'xpath': 'PriorInformationNotice/cac:ContractingParty/cac:ContractingActivity/cbc:ActivityTypeCode', 'value': 'health'}]}, {'test_data_suite_oid': '6809839e9090eed3decccd14', 'test_data_suite_id': 'sdk_examples_pin-1.3', 'test_data_oid': '6809839e9090eed3decccd19', 'test_data_id': 'CEI', 'xpaths': [{'xpath': 'PriorInformationNotice/cac:ContractingParty/cac:ContractingActivity/cbc:ActivityTypeCode', 'value': 'gen-pub'}]}, {'test_data_suite_oid': '6809839e9090eed3decccd14', 'test_data_suite_id': 'sdk_examples_pin-1.3', 'test_data_oid': '6809839e9090eed3decccd1b', 'test_data_id': 'pin-only_81_FRA', 'xpaths': [{'xpath': 'PriorInformationNotice/cac:ContractingParty/cac:ContractingActivity/cbc:ActivityTypeCode', 'value': 'defence'}]}, {'test_data_suite_oid': '6809839e9090eed3decccd14', 'test_data_suite_id': 'sdk_examples_pin-1.3', 'test_data_oid': '6809839e9090eed3decccd1c', 'test_data_id': 'pin-only_24_lots', 'xpaths': [{'xpath': 'PriorInformationNotice/cac:ContractingParty/cac:ContractingActivity/cbc:ActivityTypeCode', 'value': 'gen-pub'}]}, {'test_data_suite_oid': '6809839e9090eed3decccd14', 'test_data_suite_id': 'sdk_examples_pin-1.3', 'test_data_oid': '6809839e9090eed3decccd1d', 'test_data_id': 'pin-only_24_maximal', 'xpaths': [{'xpath': 'PriorInformationNotice/cac:ContractingParty/cac:ContractingActivity/cbc:ActivityTypeCode', 'value': 'econ-aff'}]}, {'test_data_suite_oid': '6809839e9090eed3decccd14', 'test_data_suite_id': 'sdk_examples_pin-1.3', 'test_data_oid': '6809839e9090eed3decccd1e', 'test_data_id': 'pin-only_fin-reg', 'xpaths': [{'xpath': 'PriorInformationNotice/cac:ContractingParty/cac:ContractingActivity/cbc:ActivityTypeCode', 'value': 'gen-pub'}]}, {'test_data_suite_oid': '6809839e9090eed3decccd14', 'test_data_suite_id': 'sdk_examples_pin-1.3', 'test_data_oid': '6809839e9090eed3decccd20', 'test_data_id': 'pin-buyer_24_minimal', 'xpaths': [{'xpath': 'PriorInformationNotice/cac:ContractingParty/cac:ContractingActivity/cbc:ActivityTypeCode', 'value': 'health'}]}, {'test_data_suite_oid': '6809839e9090eed3decccd14', 'test_data_suite_id': 'sdk_examples_pin-1.3', 'test_data_oid': '6809839e9090eed3decccd21', 'test_data_id': 'pin-only_24', 'xpaths': [{'xpath': 'PriorInformationNotice/cac:ContractingParty/cac:ContractingActivity/cbc:ActivityTypeCode', 'value': 'gen-pub'}]}], 'is_covered': True, 'xpath_conditions': [{'xpath_condition': '', 'meets_xpath_condition': True}], 'message': None}"
29,2025-04-24 00:48:48.746065+00:00,"{'sdk_element_id': 'BT-610-Procedure-Buyer', 'sdk_element_title': 'Activity Entity', 'sdk_element_xpath': ""/*/cac:ContractingParty/cac:ContractingActivity/cbc:ActivityTypeCode[@listName='entity-activity']"", 'test_data_xpaths': [{'test_data_suite_oid': '6809839e9090eed3decccd14', 'test_data_suite_id': 'sdk_examples_pin-1.3', 'test_data_oid': '6809839e9090eed3decccd18', 'test_data_id': 'qu-sy_25', 'xpaths': [{'xpath': 'PriorInformationNotice/cac:ContractingParty/cac:ContractingActivity/cbc:ActivityTypeCode', 'value': 'water'}]}, {'test_data_suite_oid': '6809839e9090eed3decccd14', 'test_data_suite_id': 'sdk_examples_pin-1.3', 'test_data_oid': '6809839e9090eed3decccd1a', 'test_data_id': 'pin-cfc_25', 'xpaths': [{'xpath': 'PriorInformationNotice/cac:ContractingParty/cac:ContractingActivity/cbc:ActivityTypeCode', 'value': 'airport'}]}], 'is_covered': True, 'xpath_conditions': [{'xpath_condition': '', 'meets_xpath_condition': True}], 'message': None}"
30,2025-04-24 00:48:48.746065+00:00,"{'sdk_element_id': 'BT-508-Procedure-Buyer', 'sdk_element_title': 'Buyer Profile URL', 'sdk_element_xpath': '/*/cac:ContractingParty/cbc:BuyerProfileURI', 'test_data_xpaths': [{'test_data_suite_oid': '6809839e9090eed3decccd14', 'test_data_suite_id': 'sdk_examples_pin-1.3', 'test_data_oid': '6809839e9090eed3decccd16', 'test_data_id': 'pin-buyer_24', 'xpaths': [{'xpath': 'PriorInformationNotice/cac:ContractingParty/cbc:BuyerProfileURI', 'value': 'https://www.hsanmartino.it'}]}, {'test_data_suite_oid': '6809839e9090eed3decccd14', 'test_data_suite_id': 'sdk_examples_pin-1.3', 'test_data_oid': '6809839e9090eed3decccd17', 'test_data_id': 'pin-buyer_24_published', 'xpaths': [{'xpath': 'PriorInformationNotice/cac:ContractingParty/cbc:BuyerProfileURI', 'value': 'https://www.hsanmartino.it'}]}, {'test_data_suite_oid': '6809839e9090eed3decccd14', 'test_data_suite_id': 'sdk_examples_pin-1.3', 'test_data_oid': '6809839e9090eed3decccd18', 'test_data_id': 'qu-sy_25', 'xpaths': [{'xpath': 'PriorInformationNotice/cac:ContractingParty/cbc:BuyerProfileURI', 'value': 'https://acquebresciane.acquistitelematici.it'}]}, {'test_data_suite_oid': '6809839e9090eed3decccd14', 'test_data_suite_id': 'sdk_examples_pin-1.3', 'test_data_oid': '6809839e9090eed3decccd1b', 'test_data_id': 'pin-only_81_FRA', 'xpaths': [{'xpath': 'PriorInformationNotice/cac:ContractingParty/cbc:BuyerProfileURI', 'value': 'http://www.ixarm.com/fr/node/861985/'}]}, {'test_data_suite_oid': '6809839e9090eed3decccd14', 'test_data_suite_id': 'sdk_examples_pin-1.3', 'test_data_oid': '6809839e9090eed3decccd1c', 'test_data_id': 'pin-only_24_lots', 'xpaths': [{'xpath': 'PriorInformationNotice/cac:ContractingParty/cbc:BuyerProfileURI', 'value': 'https://www.fusion21.co.uk/'}]}, {'test_data_suite_oid': '6809839e9090eed3decccd14', 'test_data_suite_id': 'sdk_examples_pin-1.3', 'test_data_oid': '6809839e9090eed3decccd1d', 'test_data_id': 'pin-only_24_maximal', 'xpaths': [{'xpath': 'PriorInformationNotice/cac:ContractingParty/cbc:BuyerProfileURI', 'value': 'https://profile.example.com'}]}, {'test_data_suite_oid': '6809839e9090eed3decccd14', 'test_data_suite_id': 'sdk_examples_pin-1.3', 'test_data_oid': '6809839e9090eed3decccd20', 'test_data_id': 'pin-buyer_24_minimal', 'xpaths': [{'xpath': 'PriorInformationNotice/cac:ContractingParty/cbc:BuyerProfileURI', 'value': 'https://www.hsanmartino.it'}]}], 'is_covered': True, 'xpath_conditions': [{'xpath_condition': '', 'meets_xpath_condition': True}], 'message': None}"
31,2025-04-24 00:48:48.746065+00:00,"{'sdk_element_id': 'ND-ServiceProviderParty', 'sdk_element_title': None, 'sdk_element_xpath': '/*/cac:ContractingParty/cac:Party/cac:ServiceProviderParty', 'test_data_xpaths': [{'test_data_suite_oid': '6809839e9090eed3decccd14', 'test_data_suite_id': 'sdk_examples_pin-1.3', 'test_data_oid': '6809839e9090eed3decccd15', 'test_data_id': 't01_PRT', 'xpaths': [{'xpath': 'PriorInformationNotice/cac:ContractingParty/cac:Party/cac:ServiceProviderParty', 'value': None}]}, {'test_data_suite_oid': '6809839e9090eed3decccd14', 'test_data_suite_id': 'sdk_examples_pin-1.3', 'test_data_oid': '6809839e9090eed3decccd16', 'test_data_id': 'pin-buyer_24', 'xpaths': [{'xpath': 'PriorInformationNotice/cac:ContractingParty/cac:Party/cac:ServiceProviderParty', 'value': None}]}, {'test_data_suite_oid': '6809839e9090eed3decccd14', 'test_data_suite_id': 'sdk_examples_pin-1.3', 'test_data_oid': '6809839e9090eed3decccd17', 'test_data_id': 'pin-buyer_24_published', 'xpaths': [{'xpath': 'PriorInformationNotice/cac:ContractingParty/cac:Party/cac:ServiceProviderParty', 'value': None}]}, {'test_data_suite_oid': '6809839e9090eed3decccd14', 'test_data_suite_id': 'sdk_examples_pin-1.3', 'test_data_oid': '6809839e9090eed3decccd18', 'test_data_id': 'qu-sy_25', 'xpaths': [{'xpath': 'PriorInformationNotice/cac:ContractingParty/cac:Party/cac:ServiceProviderParty', 'value': None}]}, {'test_data_suite_oid': '6809839e9090eed3decccd14', 'test_data_suite_id': 'sdk_examples_pin-1.3', 'test_data_oid': '6809839e9090eed3decccd19', 'test_data_id': 'CEI', 'xpaths': [{'xpath': 'PriorInformationNotice/cac:ContractingParty/cac:Party/cac:ServiceProviderParty', 'value': None}]}, {'test_data_suite_oid': '6809839e9090eed3decccd14', 'test_data_suite_id': 'sdk_examples_pin-1.3', 'test_data_oid': '6809839e9090eed3decccd1a', 'test_data_id': 'pin-cfc_25', 'xpaths': [{'xpath': 'PriorInformationNotice/cac:ContractingParty/cac:Party/cac:ServiceProviderParty', 'value': None}]}, {'test_data_suite_oid': '6809839e9090eed3decccd14', 'test_data_suite_id': 'sdk_examples_pin-1.3', 'test_data_oid': '6809839e9090eed3decccd1b', 'test_data_id': 'pin-only_81_FRA', 'xpaths': [{'xpath': 'PriorInformationNotice/cac:ContractingParty/cac:Party/cac:ServiceProviderParty', 'value': None}]}, {'test_data_suite_oid': '6809839e9090eed3decccd14', 'test_data_suite_id': 'sdk_examples_pin-1.3', 'test_data_oid': '6809839e9090eed3decccd1c', 'test_data_id': 'pin-only_24_lots', 'xpaths': [{'xpath': 'PriorInformationNotice/cac:ContractingParty/cac:Party/cac:ServiceProviderParty', 'value': None}]}, {'test_data_suite_oid': '6809839e9090eed3decccd14', 'test_data_suite_id': 'sdk_examples_pin-1.3', 'test_data_oid': '6809839e9090eed3decccd1d', 'test_data_id': 'pin-only_24_maximal', 'xpaths': [{'xpath': 'PriorInformationNotice/cac:ContractingParty/cac:Party/cac:ServiceProviderParty', 'value': None}]}, {'test_data_suite_oid': '6809839e9090eed3decccd14', 'test_data_suite_id': 'sdk_examples_pin-1.3', 'test_data_oid': '6809839e9090eed3decccd1e', 'test_data_id': 'pin-only_fin-reg', 'xpaths': [{'xpath': 'PriorInformationNotice/cac:ContractingParty/cac:Party/cac:ServiceProviderParty', 'value': None}]}, {'test_data_suite_oid': '6809839e9090eed3decccd14', 'test_data_suite_id': 'sdk_examples_pin-1.3', 'test_data_oid': '6809839e9090eed3decccd1f', 'test_data_id': 'pin-only_81', 'xpaths': [{'xpath': 'PriorInformationNotice/cac:ContractingParty/cac:Party/cac:ServiceProviderParty', 'value': None}]}, {'test_data_suite_oid': '6809839e9090eed3decccd14', 'test_data_suite_id': 'sdk_examples_pin-1.3', 'test_data_oid': '6809839e9090eed3decccd21', 'test_data_id': 'pin-only_24', 'xpaths': [{'xpath': 'PriorInformationNotice/cac:ContractingParty/cac:Party/cac:ServiceProviderParty', 'value': None}]}], 'is_covered': True, 'xpath_conditions': [{'xpath_condition': ""/*/cbc:NoticeTypeCode/@listName='planning' or /*/cbc:NoticeTypeCode/@listName='competition' or /*/cbc:NoticeTypeCode/@listName='dir-awa-pre' or (/*/cbc:NoticeTypeCode/@listName='change' and exists(/*/ext:UBLExtensions/ext:UBLExtension/ext:ExtensionContent/efext:EformsExtension/efac:NoticeSubType/cbc:SubTypeCode[contains('1 2 3 4 5 6 7 8 9 T01   10 11 12 13 14 15 16 17 18 19 20 21 22 23 24 CEI   25 26 27 28', text())]))"", 'meets_xpath_condition': True}, {'xpath_condition': ""/*/cbc:NoticeTypeCode/@listName='result' or /*/cbc:NoticeTypeCode/@listName='cont-modif' or /*/cbc:NoticeTypeCode/@listName='consultation' or /*/cbc:NoticeTypeCode/@listName='completion' or (/*/cbc:NoticeTypeCode/@listName='change' and exists(/*/ext:UBLExtensions/ext:UBLExtension/ext:ExtensionContent/efext:EformsExtension/efac:NoticeSubType/cbc:SubTypeCode[contains('29 30 31 32 33 34 35 36 37 T02   38 39 40', text())]))"", 'meets_xpath_condition': True}, {'xpath_condition': '', 'meets_xpath_condition': True}], 'message': None}"
32,2025-04-24 00:48:48.746065+00:00,"{'sdk_element_id': 'ND-ProviderParty', 'sdk_element_title': None, 'sdk_element_xpath': '/*/cac:ContractingParty/cac:Party/cac:ServiceProviderParty/cac:Party', 'test_data_xpaths': [{'test_data_suite_oid': '6809839e9090eed3decccd14', 'test_data_suite_id': 'sdk_examples_pin-1.3', 'test_data_oid': '6809839e9090eed3decccd15', 'test_data_id': 't01_PRT', 'xpaths': [{'xpath': 'PriorInformationNotice/cac:ContractingParty/cac:Party/cac:ServiceProviderParty/cac:Party', 'value': None}]}, {'test_data_suite_oid': '6809839e9090eed3decccd14', 'test_data_suite_id': 'sdk_examples_pin-1.3', 'test_data_oid': '6809839e9090eed3decccd16', 'test_data_id': 'pin-buyer_24', 'xpaths': [{'xpath': 'PriorInformationNotice/cac:ContractingParty/cac:Party/cac:ServiceProviderParty/cac:Party', 'value': None}]}, {'test_data_suite_oid': '6809839e9090eed3decccd14', 'test_data_suite_id': 'sdk_examples_pin-1.3', 'test_data_oid': '6809839e9090eed3decccd17', 'test_data_id': 'pin-buyer_24_published', 'xpaths': [{'xpath': 'PriorInformationNotice/cac:ContractingParty/cac:Party/cac:ServiceProviderParty/cac:Party', 'value': None}]}, {'test_data_suite_oid': '6809839e9090eed3decccd14', 'test_data_suite_id': 'sdk_examples_pin-1.3', 'test_data_oid': '6809839e9090eed3decccd18', 'test_data_id': 'qu-sy_25', 'xpaths': [{'xpath': 'PriorInformationNotice/cac:ContractingParty/cac:Party/cac:ServiceProviderParty/cac:Party', 'value': None}]}, {'test_data_suite_oid': '6809839e9090eed3decccd14', 'test_data_suite_id': 'sdk_examples_pin-1.3', 'test_data_oid': '6809839e9090eed3decccd19', 'test_data_id': 'CEI', 'xpaths': [{'xpath': 'PriorInformationNotice/cac:ContractingParty/cac:Party/cac:ServiceProviderParty/cac:Party', 'value': None}]}, {'test_data_suite_oid': '6809839e9090eed3decccd14', 'test_data_suite_id': 'sdk_examples_pin-1.3', 'test_data_oid': '6809839e9090eed3decccd1a', 'test_data_id': 'pin-cfc_25', 'xpaths': [{'xpath': 'PriorInformationNotice/cac:ContractingParty/cac:Party/cac:ServiceProviderParty/cac:Party', 'value': None}]}, {'test_data_suite_oid': '6809839e9090eed3decccd14', 'test_data_suite_id': 'sdk_examples_pin-1.3', 'test_data_oid': '6809839e9090eed3decccd1b', 'test_data_id': 'pin-only_81_FRA', 'xpaths': [{'xpath': 'PriorInformationNotice/cac:ContractingParty/cac:Party/cac:ServiceProviderParty/cac:Party', 'value': None}]}, {'test_data_suite_oid': '6809839e9090eed3decccd14', 'test_data_suite_id': 'sdk_examples_pin-1.3', 'test_data_oid': '6809839e9090eed3decccd1c', 'test_data_id': 'pin-only_24_lots', 'xpaths': [{'xpath': 'PriorInformationNotice/cac:ContractingParty/cac:Party/cac:ServiceProviderParty/cac:Party', 'value': None}]}, {'test_data_suite_oid': '6809839e9090eed3decccd14', 'test_data_suite_id': 'sdk_examples_pin-1.3', 'test_data_oid': '6809839e9090eed3decccd1d', 'test_data_id': 'pin-only_24_maximal', 'xpaths': [{'xpath': 'PriorInformationNotice/cac:ContractingParty/cac:Party/cac:ServiceProviderParty/cac:Party', 'value': None}]}, {'test_data_suite_oid': '6809839e9090eed3decccd14', 'test_data_suite_id': 'sdk_examples_pin-1.3', 'test_data_oid': '6809839e9090eed3decccd1e', 'test_data_id': 'pin-only_fin-reg', 'xpaths': [{'xpath': 'PriorInformationNotice/cac:ContractingParty/cac:Party/cac:ServiceProviderParty/cac:Party', 'value': None}]}, {'test_data_suite_oid': '6809839e9090eed3decccd14', 'test_data_suite_id': 'sdk_examples_pin-1.3', 'test_data_oid': '6809839e9090eed3decccd1f', 'test_data_id': 'pin-only_81', 'xpaths': [{'xpath': 'PriorInformationNotice/cac:ContractingParty/cac:Party/cac:ServiceProviderParty/cac:Party', 'value': None}]}, {'test_data_suite_oid': '6809839e9090eed3decccd14', 'test_data_suite_id': 'sdk_examples_pin-1.3', 'test_data_oid': '6809839e9090eed3decccd21', 'test_data_id': 'pin-only_24', 'xpaths': [{'xpath': 'PriorInformationNotice/cac:ContractingParty/cac:Party/cac:ServiceProviderParty/cac:Party', 'value': None}]}], 'is_covered': True, 'xpath_conditions': [{'xpath_condition': '', 'meets_xpath_condition': True}], 'message': None}"
33,2025-04-24 00:48:48.746065+00:00,"{'sdk_element_id': 'OPT-300-Procedure-SProvider', 'sdk_element_title': 'Service Provider Technical Identifier Reference', 'sdk_element_xpath': '/*/cac:ContractingParty/cac:Party/cac:ServiceProviderParty/cac:Party/cac:PartyIdentification/cbc:ID', 'test_data_xpaths': [{'test_data_suite_oid': '6809839e9090eed3decccd14', 'test_data_suite_id': 'sdk_examples_pin-1.3', 'test_data_oid': '6809839e9090eed3decccd15', 'test_data_id': 't01_PRT', 'xpaths': [{'xpath': 'PriorInformationNotice/cac:ContractingParty/cac:Party/cac:ServiceProviderParty/cac:Party/cac:PartyIdentification/cbc:ID', 'value': 'ORG-0002'}]}, {'test_data_suite_oid': '6809839e9090eed3decccd14', 'test_data_suite_id': 'sdk_examples_pin-1.3', 'test_data_oid': '6809839e9090eed3decccd16', 'test_data_id': 'pin-buyer_24', 'xpaths': [{'xpath': 'PriorInformationNotice/cac:ContractingParty/cac:Party/cac:ServiceProviderParty/cac:Party/cac:PartyIdentification/cbc:ID', 'value': 'ORG-0002'}]}, {'test_data_suite_oid': '6809839e9090eed3decccd14', 'test_data_suite_id': 'sdk_examples_pin-1.3', 'test_data_oid': '6809839e9090eed3decccd17', 'test_data_id': 'pin-buyer_24_published', 'xpaths': [{'xpath': 'PriorInformationNotice/cac:ContractingParty/cac:Party/cac:ServiceProviderParty/cac:Party/cac:PartyIdentification/cbc:ID', 'value': 'ORG-0002'}]}, {'test_data_suite_oid': '6809839e9090eed3decccd14', 'test_data_suite_id': 'sdk_examples_pin-1.3', 'test_data_oid': '6809839e9090eed3decccd18', 'test_data_id': 'qu-sy_25', 'xpaths': [{'xpath': 'PriorInformationNotice/cac:ContractingParty/cac:Party/cac:ServiceProviderParty/cac:Party/cac:PartyIdentification/cbc:ID', 'value': 'ORG-0003'}]}, {'test_data_suite_oid': '6809839e9090eed3decccd14', 'test_data_suite_id': 'sdk_examples_pin-1.3', 'test_data_oid': '6809839e9090eed3decccd19', 'test_data_id': 'CEI', 'xpaths': [{'xpath': 'PriorInformationNotice/cac:ContractingParty/cac:Party/cac:ServiceProviderParty/cac:Party/cac:PartyIdentification/cbc:ID', 'value': 'ORG-0002'}]}, {'test_data_suite_oid': '6809839e9090eed3decccd14', 'test_data_suite_id': 'sdk_examples_pin-1.3', 'test_data_oid': '6809839e9090eed3decccd1a', 'test_data_id': 'pin-cfc_25', 'xpaths': [{'xpath': 'PriorInformationNotice/cac:ContractingParty/cac:Party/cac:ServiceProviderParty/cac:Party/cac:PartyIdentification/cbc:ID', 'value': 'ORG-0004'}]}, {'test_data_suite_oid': '6809839e9090eed3decccd14', 'test_data_suite_id': 'sdk_examples_pin-1.3', 'test_data_oid': '6809839e9090eed3decccd1b', 'test_data_id': 'pin-only_81_FRA', 'xpaths': [{'xpath': 'PriorInformationNotice/cac:ContractingParty/cac:Party/cac:ServiceProviderParty/cac:Party/cac:PartyIdentification/cbc:ID', 'value': 'ORG-0002'}]}, {'test_data_suite_oid': '6809839e9090eed3decccd14', 'test_data_suite_id': 'sdk_examples_pin-1.3', 'test_data_oid': '6809839e9090eed3decccd1c', 'test_data_id': 'pin-only_24_lots', 'xpaths': [{'xpath': 'PriorInformationNotice/cac:ContractingParty/cac:Party/cac:ServiceProviderParty/cac:Party/cac:PartyIdentification/cbc:ID', 'value': 'ORG-0002'}]}, {'test_data_suite_oid': '6809839e9090eed3decccd14', 'test_data_suite_id': 'sdk_examples_pin-1.3', 'test_data_oid': '6809839e9090eed3decccd1d', 'test_data_id': 'pin-only_24_maximal', 'xpaths': [{'xpath': 'PriorInformationNotice/cac:ContractingParty/cac:Party/cac:ServiceProviderParty/cac:Party/cac:PartyIdentification/cbc:ID', 'value': 'ORG-0009'}]}, {'test_data_suite_oid': '6809839e9090eed3decccd14', 'test_data_suite_id': 'sdk_examples_pin-1.3', 'test_data_oid': '6809839e9090eed3decccd1e', 'test_data_id': 'pin-only_fin-reg', 'xpaths': [{'xpath': 'PriorInformationNotice/cac:ContractingParty/cac:Party/cac:ServiceProviderParty/cac:Party/cac:PartyIdentification/cbc:ID', 'value': 'ORG-0003'}]}, {'test_data_suite_oid': '6809839e9090eed3decccd14', 'test_data_suite_id': 'sdk_examples_pin-1.3', 'test_data_oid': '6809839e9090eed3decccd1f', 'test_data_id': 'pin-only_81', 'xpaths': [{'xpath': 'PriorInformationNotice/cac:ContractingParty/cac:Party/cac:ServiceProviderParty/cac:Party/cac:PartyIdentification/cbc:ID', 'value': 'ORG-0002'}]}, {'test_data_suite_oid': '6809839e9090eed3decccd14', 'test_data_suite_id': 'sdk_examples_pin-1.3', 'test_data_oid': '6809839e9090eed3decccd21', 'test_data_id': 'pin-only_24', 'xpaths': [{'xpath': 'PriorInformationNotice/cac:ContractingParty/cac:Party/cac:ServiceProviderParty/cac:Party/cac:PartyIdentification/cbc:ID', 'value': 'ORG-0003'}]}], 'is_covered': True, 'xpath_conditions': [{'xpath_condition': '', 'meets_xpath_condition': True}], 'message': None}"
34,2025-04-24 00:48:48.746065+00:00,"{'sdk_element_id': 'OPT-030-Procedure-SProvider', 'sdk_element_title': 'Provided Service Type', 'sdk_element_xpath': '/*/cac:ContractingParty/cac:Party/cac:ServiceProviderParty/cbc:ServiceTypeCode', 'test_data_xpaths': [{'test_data_suite_oid': '6809839e9090eed3decccd14', 'test_data_suite_id': 'sdk_examples_pin-1.3', 'test_data_oid': '6809839e9090eed3decccd15', 'test_data_id': 't01_PRT', 'xpaths': [{'xpath': 'PriorInformationNotice/cac:ContractingParty/cac:Party/cac:ServiceProviderParty/cbc:ServiceTypeCode', 'value': 'ted-esen'}]}, {'test_data_suite_oid': '6809839e9090eed3decccd14', 'test_data_suite_id': 'sdk_examples_pin-1.3', 'test_data_oid': '6809839e9090eed3decccd16', 'test_data_id': 'pin-buyer_24', 'xpaths': [{'xpath': 'PriorInformationNotice/cac:ContractingParty/cac:Party/cac:ServiceProviderParty/cbc:ServiceTypeCode', 'value': 'ted-esen'}]}, {'test_data_suite_oid': '6809839e9090eed3decccd14', 'test_data_suite_id': 'sdk_examples_pin-1.3', 'test_data_oid': '6809839e9090eed3decccd17', 'test_data_id': 'pin-buyer_24_published', 'xpaths': [{'xpath': 'PriorInformationNotice/cac:ContractingParty/cac:Party/cac:ServiceProviderParty/cbc:ServiceTypeCode', 'value': 'ted-esen'}]}, {'test_data_suite_oid': '6809839e9090eed3decccd14', 'test_data_suite_id': 'sdk_examples_pin-1.3', 'test_data_oid': '6809839e9090eed3decccd18', 'test_data_id': 'qu-sy_25', 'xpaths': [{'xpath': 'PriorInformationNotice/cac:ContractingParty/cac:Party/cac:ServiceProviderParty/cbc:ServiceTypeCode', 'value': 'ted-esen'}]}, {'test_data_suite_oid': '6809839e9090eed3decccd14', 'test_data_suite_id': 'sdk_examples_pin-1.3', 'test_data_oid': '6809839e9090eed3decccd19', 'test_data_id': 'CEI', 'xpaths': [{'xpath': 'PriorInformationNotice/cac:ContractingParty/cac:Party/cac:ServiceProviderParty/cbc:ServiceTypeCode', 'value': 'ted-esen'}]}, {'test_data_suite_oid': '6809839e9090eed3decccd14', 'test_data_suite_id': 'sdk_examples_pin-1.3', 'test_data_oid': '6809839e9090eed3decccd1a', 'test_data_id': 'pin-cfc_25', 'xpaths': [{'xpath': 'PriorInformationNotice/cac:ContractingParty/cac:Party/cac:ServiceProviderParty/cbc:ServiceTypeCode', 'value': 'ted-esen'}]}, {'test_data_suite_oid': '6809839e9090eed3decccd14', 'test_data_suite_id': 'sdk_examples_pin-1.3', 'test_data_oid': '6809839e9090eed3decccd1b', 'test_data_id': 'pin-only_81_FRA', 'xpaths': [{'xpath': 'PriorInformationNotice/cac:ContractingParty/cac:Party/cac:ServiceProviderParty/cbc:ServiceTypeCode', 'value': 'ted-esen'}]}, {'test_data_suite_oid': '6809839e9090eed3decccd14', 'test_data_suite_id': 'sdk_examples_pin-1.3', 'test_data_oid': '6809839e9090eed3decccd1c', 'test_data_id': 'pin-only_24_lots', 'xpaths': [{'xpath': 'PriorInformationNotice/cac:ContractingParty/cac:Party/cac:ServiceProviderParty/cbc:ServiceTypeCode', 'value': 'ted-esen'}]}, {'test_data_suite_oid': '6809839e9090eed3decccd14', 'test_data_suite_id': 'sdk_examples_pin-1.3', 'test_data_oid': '6809839e9090eed3decccd1d', 'test_data_id': 'pin-only_24_maximal', 'xpaths': [{'xpath': 'PriorInformationNotice/cac:ContractingParty/cac:Party/cac:ServiceProviderParty/cbc:ServiceTypeCode', 'value': 'ted-esen'}]}, {'test_data_suite_oid': '6809839e9090eed3decccd14', 'test_data_suite_id': 'sdk_examples_pin-1.3', 'test_data_oid': '6809839e9090eed3decccd1e', 'test_data_id': 'pin-only_fin-reg', 'xpaths': [{'xpath': 'PriorInformationNotice/cac:ContractingParty/cac:Party/cac:ServiceProviderParty/cbc:ServiceTypeCode', 'value': 'ted-esen'}]}, {'test_data_suite_oid': '6809839e9090eed3decccd14', 'test_data_suite_id': 'sdk_examples_pin-1.3', 'test_data_oid': '6809839e9090eed3decccd1f', 'test_data_id': 'pin-only_81', 'xpaths': [{'xpath': 'PriorInformationNotice/cac:ContractingParty/cac:Party/cac:ServiceProviderParty/cbc:ServiceTypeCode', 'value': 'ted-esen'}]}, {'test_data_suite_oid': '6809839e9090eed3decccd14', 'test_data_suite_id': 'sdk_examples_pin-1.3', 'test_data_oid': '6809839e9090eed3decccd21', 'test_data_id': 'pin-only_24', 'xpaths': [{'xpath': 'PriorInformationNotice/cac:ContractingParty/cac:Party/cac:ServiceProviderParty/cbc:ServiceTypeCode', 'value': 'ted-esen'}]}], 'is_covered': True, 'xpath_conditions': [{'xpath_condition': ""cbc:ServiceTypeCode[@listName='organisation-role']/text()='ted-esen'"", 'meets_xpath_condition': True}], 'message': None}"
35,2025-04-24 00:48:48.746065+00:00,"{'sdk_element_id': 'ND-ProcedureTenderingProcess', 'sdk_element_title': None, 'sdk_element_xpath': '/*/cac:TenderingProcess', 'test_data_xpaths': [{'test_data_suite_oid': '6809839e9090eed3decccd14', 'test_data_suite_id': 'sdk_examples_pin-1.3', 'test_data_oid': '6809839e9090eed3decccd15', 'test_data_id': 't01_PRT', 'xpaths': [{'xpath': 'PriorInformationNotice/cac:TenderingProcess', 'value': None}]}, {'test_data_suite_oid': '6809839e9090eed3decccd14', 'test_data_suite_id': 'sdk_examples_pin-1.3', 'test_data_oid': '6809839e9090eed3decccd19', 'test_data_id': 'CEI', 'xpaths': [{'xpath': 'PriorInformationNotice/cac:TenderingProcess', 'value': None}]}, {'test_data_suite_oid': '6809839e9090eed3decccd14', 'test_data_suite_id': 'sdk_examples_pin-1.3', 'test_data_oid': '6809839e9090eed3decccd1a', 'test_data_id': 'pin-cfc_25', 'xpaths': [{'xpath': 'PriorInformationNotice/cac:TenderingProcess', 'value': None}]}], 'is_covered': True, 'xpath_conditions': [{'xpath_condition': '', 'meets_xpath_condition': True}], 'message': None}"
36,2025-04-24 00:48:48.746065+00:00,"{'sdk_element_id': 'OPP-090-Procedure', 'sdk_element_title': 'Previous Notice Identifier', 'sdk_element_xpath': '/*/cac:TenderingProcess/cac:NoticeDocumentReference/cbc:ID', 'test_data_xpaths': [], 'is_covered': False, 'xpath_conditions': [{'xpath_condition': '', 'meets_xpath_condition': True}], 'message': None}"
37,2025-04-24 00:48:48.746065+00:00,"{'sdk_element_id': 'BT-01-notice', 'sdk_element_title': 'Procedure Legal Basis', 'sdk_element_xpath': '/*/cbc:RegulatoryDomain', 'test_data_xpaths': [{'test_data_suite_oid': '6809839e9090eed3decccd14', 'test_data_suite_id': 'sdk_examples_pin-1.3', 'test_data_oid': '6809839e9090eed3decccd15', 'test_data_id': 't01_PRT', 'xpaths': [{'xpath': 'PriorInformationNotice/cbc:RegulatoryDomain', 'value': '32007R1370'}]}, {'test_data_suite_oid': '6809839e9090eed3decccd14', 'test_data_suite_id': 'sdk_examples_pin-1.3', 'test_data_oid': '6809839e9090eed3decccd16', 'test_data_id': 'pin-buyer_24', 'xpaths': [{'xpath': 'PriorInformationNotice/cbc:RegulatoryDomain', 'value': '32014L0024'}]}, {'test_data_suite_oid': '6809839e9090eed3decccd14', 'test_data_suite_id': 'sdk_examples_pin-1.3', 'test_data_oid': '6809839e9090eed3decccd17', 'test_data_id': 'pin-buyer_24_published', 'xpaths': [{'xpath': 'PriorInformationNotice/cbc:RegulatoryDomain', 'value': '32014L0024'}]}, {'test_data_suite_oid': '6809839e9090eed3decccd14', 'test_data_suite_id': 'sdk_examples_pin-1.3', 'test_data_oid': '6809839e9090eed3decccd18', 'test_data_id': 'qu-sy_25', 'xpaths': [{'xpath': 'PriorInformationNotice/cbc:RegulatoryDomain', 'value': '32014L0025'}]}, {'test_data_suite_oid': '6809839e9090eed3decccd14', 'test_data_suite_id': 'sdk_examples_pin-1.3', 'test_data_oid': '6809839e9090eed3decccd19', 'test_data_id': 'CEI', 'xpaths': [{'xpath': 'PriorInformationNotice/cbc:RegulatoryDomain', 'value': '32018R1046'}]}, {'test_data_suite_oid': '6809839e9090eed3decccd14', 'test_data_suite_id': 'sdk_examples_pin-1.3', 'test_data_oid': '6809839e9090eed3decccd1a', 'test_data_id': 'pin-cfc_25', 'xpaths': [{'xpath': 'PriorInformationNotice/cbc:RegulatoryDomain', 'value': '32014L0025'}]}, {'test_data_suite_oid': '6809839e9090eed3decccd14', 'test_data_suite_id': 'sdk_examples_pin-1.3', 'test_data_oid': '6809839e9090eed3decccd1b', 'test_data_id': 'pin-only_81_FRA', 'xpaths': [{'xpath': 'PriorInformationNotice/cbc:RegulatoryDomain', 'value': '32009L0081'}]}, {'test_data_suite_oid': '6809839e9090eed3decccd14', 'test_data_suite_id': 'sdk_examples_pin-1.3', 'test_data_oid': '6809839e9090eed3decccd1c', 'test_data_id': 'pin-only_24_lots', 'xpaths': [{'xpath': 'PriorInformationNotice/cbc:RegulatoryDomain', 'value': '32014L0024'}]}, {'test_data_suite_oid': '6809839e9090eed3decccd14', 'test_data_suite_id': 'sdk_examples_pin-1.3', 'test_data_oid': '6809839e9090eed3decccd1d', 'test_data_id': 'pin-only_24_maximal', 'xpaths': [{'xpath': 'PriorInformationNotice/cbc:RegulatoryDomain', 'value': '32014L0024'}]}, {'test_data_suite_oid': '6809839e9090eed3decccd14', 'test_data_suite_id': 'sdk_examples_pin-1.3', 'test_data_oid': '6809839e9090eed3decccd1e', 'test_data_id': 'pin-only_fin-reg', 'xpaths': [{'xpath': 'PriorInformationNotice/cbc:RegulatoryDomain', 'value': '32018R1046'}]}, {'test_data_suite_oid': '6809839e9090eed3decccd14', 'test_data_suite_id': 'sdk_examples_pin-1.3', 'test_data_oid': '6809839e9090eed3decccd1f', 'test_data_id': 'pin-only_81', 'xpaths': [{'xpath': 'PriorInformationNotice/cbc:RegulatoryDomain', 'value': '32009L0081'}]}, {'test_data_suite_oid': '6809839e9090eed3decccd14', 'test_data_suite_id': 'sdk_examples_pin-1.3', 'test_data_oid': '6809839e9090eed3decccd20', 'test_data_id': 'pin-buyer_24_minimal', 'xpaths': [{'xpath': 'PriorInformationNotice/cbc:RegulatoryDomain', 'value': '32014L0024'}]}, {'test_data_suite_oid': '6809839e9090eed3decccd14', 'test_data_suite_id': 'sdk_examples_pin-1.3', 'test_data_oid': '6809839e9090eed3decccd21', 'test_data_id': 'pin-only_24', 'xpaths': [{'xpath': 'PriorInformationNotice/cbc:RegulatoryDomain', 'value': '32014L0024'}]}], 'is_covered': True, 'xpath_conditions': [{'xpath_condition': '', 'meets_xpath_condition': True}], 'message': None}"
38,2025-04-24 00:48:48.746065+00:00,"{'sdk_element_id': 'ND-ProcedureTerms', 'sdk_element_title': None, 'sdk_element_xpath': '/*/cac:TenderingTerms', 'test_data_xpaths': [{'test_data_suite_oid': '6809839e9090eed3decccd14', 'test_data_suite_id': 'sdk_examples_pin-1.3', 'test_data_oid': '6809839e9090eed3decccd19', 'test_data_id': 'CEI', 'xpaths': [{'xpath': 'PriorInformationNotice/cac:TenderingTerms', 'value': None}]}, {'test_data_suite_oid': '6809839e9090eed3decccd14', 'test_data_suite_id': 'sdk_examples_pin-1.3', 'test_data_oid': '6809839e9090eed3decccd1a', 'test_data_id': 'pin-cfc_25', 'xpaths': [{'xpath': 'PriorInformationNotice/cac:TenderingTerms', 'value': None}]}], 'is_covered': True, 'xpath_conditions': [{'xpath_condition': '', 'meets_xpath_condition': True}], 'message': None}"
39,2025-04-24 00:48:48.746065+00:00,"{'sdk_element_id': 'BT-01(c)-Procedure', 'sdk_element_title': 'Procedure Legal Basis (ID)', 'sdk_element_xpath': ""/*/cac:TenderingTerms/cac:ProcurementLegislationDocumentReference/cbc:ID[not(text()=('CrossBorderLaw','LocalLegalBasis'))]"", 'test_data_xpaths': [], 'is_covered': False, 'xpath_conditions': [{'xpath_condition': '', 'meets_xpath_condition': True}], 'message': None}"
40,2025-04-24 00:48:48.746065+00:00,"{'sdk_element_id': 'ND-LocalLegalBasisWithID', 'sdk_element_title': None, 'sdk_element_xpath': ""/*/cac:TenderingTerms/cac:ProcurementLegislationDocumentReference[not(cbc:ID/text()=('CrossBorderLaw','LocalLegalBasis'))]"", 'test_data_xpaths': [], 'is_covered': False, 'xpath_conditions': [{'xpath_condition': '', 'meets_xpath_condition': True}], 'message': None}"
41,2025-04-24 00:48:48.746065+00:00,"{'sdk_element_id': 'BT-01(d)-Procedure', 'sdk_element_title': 'Procedure Legal Basis (Description)', 'sdk_element_xpath': ""/*/cac:TenderingTerms/cac:ProcurementLegislationDocumentReference[not(cbc:ID/text()=('CrossBorderLaw','LocalLegalBasis'))]/cbc:DocumentDescription"", 'test_data_xpaths': [], 'is_covered': False, 'xpath_conditions': [{'xpath_condition': '', 'meets_xpath_condition': True}], 'message': None}"
42,2025-04-24 00:48:48.746065+00:00,"{'sdk_element_id': 'ND-ProcedureProcurementScope', 'sdk_element_title': None, 'sdk_element_xpath': '/*/cac:ProcurementProject', 'test_data_xpaths': [{'test_data_suite_oid': '6809839e9090eed3decccd14', 'test_data_suite_id': 'sdk_examples_pin-1.3', 'test_data_oid': '6809839e9090eed3decccd15', 'test_data_id': 't01_PRT', 'xpaths': [{'xpath': 'PriorInformationNotice/cac:ProcurementProject', 'value': None}]}, {'test_data_suite_oid': '6809839e9090eed3decccd14', 'test_data_suite_id': 'sdk_examples_pin-1.3', 'test_data_oid': '6809839e9090eed3decccd16', 'test_data_id': 'pin-buyer_24', 'xpaths': [{'xpath': 'PriorInformationNotice/cac:ProcurementProject', 'value': None}]}, {'test_data_suite_oid': '6809839e9090eed3decccd14', 'test_data_suite_id': 'sdk_examples_pin-1.3', 'test_data_oid': '6809839e9090eed3decccd17', 'test_data_id': 'pin-buyer_24_published', 'xpaths': [{'xpath': 'PriorInformationNotice/cac:ProcurementProject', 'value': None}]}, {'test_data_suite_oid': '6809839e9090eed3decccd14', 'test_data_suite_id': 'sdk_examples_pin-1.3', 'test_data_oid': '6809839e9090eed3decccd18', 'test_data_id': 'qu-sy_25', 'xpaths': [{'xpath': 'PriorInformationNotice/cac:ProcurementProject', 'value': None}]}, {'test_data_suite_oid': '6809839e9090eed3decccd14', 'test_data_suite_id': 'sdk_examples_pin-1.3', 'test_data_oid': '6809839e9090eed3decccd19', 'test_data_id': 'CEI', 'xpaths': [{'xpath': 'PriorInformationNotice/cac:ProcurementProject', 'value': None}]}, {'test_data_suite_oid': '6809839e9090eed3decccd14', 'test_data_suite_id': 'sdk_examples_pin-1.3', 'test_data_oid': '6809839e9090eed3decccd1a', 'test_data_id': 'pin-cfc_25', 'xpaths': [{'xpath': 'PriorInformationNotice/cac:ProcurementProject', 'value': None}]}, {'test_data_suite_oid': '6809839e9090eed3decccd14', 'test_data_suite_id': 'sdk_examples_pin-1.3', 'test_data_oid': '6809839e9090eed3decccd1b', 'test_data_id': 'pin-only_81_FRA', 'xpaths': [{'xpath': 'PriorInformationNotice/cac:ProcurementProject', 'value': None}]}, {'test_data_suite_oid': '6809839e9090eed3decccd14', 'test_data_suite_id': 'sdk_examples_pin-1.3', 'test_data_oid': '6809839e9090eed3decccd1c', 'test_data_id': 'pin-only_24_lots', 'xpaths': [{'xpath': 'PriorInformationNotice/cac:ProcurementProject', 'value': None}]}, {'test_data_suite_oid': '6809839e9090eed3decccd14', 'test_data_suite_id': 'sdk_examples_pin-1.3', 'test_data_oid': '6809839e9090eed3decccd1d', 'test_data_id': 'pin-only_24_maximal', 'xpaths': [{'xpath': 'PriorInformationNotice/cac:ProcurementProject', 'value': None}]}, {'test_data_suite_oid': '6809839e9090eed3decccd14', 'test_data_suite_id': 'sdk_examples_pin-1.3', 'test_data_oid': '6809839e9090eed3decccd1e', 'test_data_id': 'pin-only_fin-reg', 'xpaths': [{'xpath': 'PriorInformationNotice/cac:ProcurementProject', 'value': None}]}, {'test_data_suite_oid': '6809839e9090eed3decccd14', 'test_data_suite_id': 'sdk_examples_pin-1.3', 'test_data_oid': '6809839e9090eed3decccd1f', 'test_data_id': 'pin-only_81', 'xpaths': [{'xpath': 'PriorInformationNotice/cac:ProcurementProject', 'value': None}]}, {'test_data_suite_oid': '6809839e9090eed3decccd14', 'test_data_suite_id': 'sdk_examples_pin-1.3', 'test_data_oid': '6809839e9090eed3decccd20', 'test_data_id': 'pin-buyer_24_minimal', 'xpaths': [{'xpath': 'PriorInformationNotice/cac:ProcurementProject', 'value': None}]}, {'test_data_suite_oid': '6809839e9090eed3decccd14', 'test_data_suite_id': 'sdk_examples_pin-1.3', 'test_data_oid': '6809839e9090eed3decccd21', 'test_data_id': 'pin-only_24', 'xpaths': [{'xpath': 'PriorInformationNotice/cac:ProcurementProject', 'value': None}]}], 'is_covered': True, 'xpath_conditions': [{'xpath_condition': '', 'meets_xpath_condition': True}], 'message': None}"
43,2025-04-24 00:48:48.746065+00:00,"{'sdk_element_id': 'BT-22-Procedure', 'sdk_element_title': 'Internal Identifier', 'sdk_element_xpath': '/*/cac:ProcurementProject/cbc:ID', 'test_data_xpaths': [{'test_data_suite_oid': '6809839e9090eed3decccd14', 'test_data_suite_id': 'sdk_examples_pin-1.3', 'test_data_oid': '6809839e9090eed3decccd15', 'test_data_id': 't01_PRT', 'xpaths': [{'xpath': 'PriorInformationNotice/cac:ProcurementProject/cbc:ID', 'value': 'RA/DAF/SERV-96/18'}]}, {'test_data_suite_oid': '6809839e9090eed3decccd14', 'test_data_suite_id': 'sdk_examples_pin-1.3', 'test_data_oid': '6809839e9090eed3decccd16', 'test_data_id': 'pin-buyer_24', 'xpaths': [{'xpath': 'PriorInformationNotice/cac:ProcurementProject/cbc:ID', 'value': 'not available'}]}, {'test_data_suite_oid': '6809839e9090eed3decccd14', 'test_data_suite_id': 'sdk_examples_pin-1.3', 'test_data_oid': '6809839e9090eed3decccd17', 'test_data_id': 'pin-buyer_24_published', 'xpaths': [{'xpath': 'PriorInformationNotice/cac:ProcurementProject/cbc:ID', 'value': 'not available'}]}, {'test_data_suite_oid': '6809839e9090eed3decccd14', 'test_data_suite_id': 'sdk_examples_pin-1.3', 'test_data_oid': '6809839e9090eed3decccd18', 'test_data_id': 'qu-sy_25', 'xpaths': [{'xpath': 'PriorInformationNotice/cac:ProcurementProject/cbc:ID', 'value': 'SQASF2020'}]}, {'test_data_suite_oid': '6809839e9090eed3decccd14', 'test_data_suite_id': 'sdk_examples_pin-1.3', 'test_data_oid': '6809839e9090eed3decccd19', 'test_data_id': 'CEI', 'xpaths': [{'xpath': 'PriorInformationNotice/cac:ProcurementProject/cbc:ID', 'value': 'xyz'}]}, {'test_data_suite_oid': '6809839e9090eed3decccd14', 'test_data_suite_id': 'sdk_examples_pin-1.3', 'test_data_oid': '6809839e9090eed3decccd1a', 'test_data_id': 'pin-cfc_25', 'xpaths': [{'xpath': 'PriorInformationNotice/cac:ProcurementProject/cbc:ID', 'value': 'xyz'}]}, {'test_data_suite_oid': '6809839e9090eed3decccd14', 'test_data_suite_id': 'sdk_examples_pin-1.3', 'test_data_oid': '6809839e9090eed3decccd1c', 'test_data_id': 'pin-only_24_lots', 'xpaths': [{'xpath': 'PriorInformationNotice/cac:ProcurementProject/cbc:ID', 'value': ' GO-202042-PRO-16291922'}]}, {'test_data_suite_oid': '6809839e9090eed3decccd14', 'test_data_suite_id': 'sdk_examples_pin-1.3', 'test_data_oid': '6809839e9090eed3decccd1d', 'test_data_id': 'pin-only_24_maximal', 'xpaths': [{'xpath': 'PriorInformationNotice/cac:ProcurementProject/cbc:ID', 'value': '2023-P-0001'}]}, {'test_data_suite_oid': '6809839e9090eed3decccd14', 'test_data_suite_id': 'sdk_examples_pin-1.3', 'test_data_oid': '6809839e9090eed3decccd1e', 'test_data_id': 'pin-only_fin-reg', 'xpaths': [{'xpath': 'PriorInformationNotice/cac:ProcurementProject/cbc:ID', 'value': 'ProPrID1234'}]}, {'test_data_suite_oid': '6809839e9090eed3decccd14', 'test_data_suite_id': 'sdk_examples_pin-1.3', 'test_data_oid': '6809839e9090eed3decccd1f', 'test_data_id': 'pin-only_81', 'xpaths': [{'xpath': 'PriorInformationNotice/cac:ProcurementProject/cbc:ID', 'value': '700032337'}]}, {'test_data_suite_oid': '6809839e9090eed3decccd14', 'test_data_suite_id': 'sdk_examples_pin-1.3', 'test_data_oid': '6809839e9090eed3decccd21', 'test_data_id': 'pin-only_24', 'xpaths': [{'xpath': 'PriorInformationNotice/cac:ProcurementProject/cbc:ID', 'value': 'ProPrID1234'}]}], 'is_covered': True, 'xpath_conditions': [{'xpath_condition': ""not exists(/*/ext:UBLExtensions/ext:UBLExtension/ext:ExtensionContent/efext:EformsExtension/efac:NoticeSubType/cbc:SubTypeCode[contains('1 2 3 4 5 6 E1 E2', text())])"", 'meets_xpath_condition': False}], 'message': None}"
44,2025-04-24 00:48:48.746065+00:00,"{'sdk_element_id': 'BT-21-Procedure', 'sdk_element_title': 'Title', 'sdk_element_xpath': '/*/cac:ProcurementProject/cbc:Name', 'test_data_xpaths': [{'test_data_suite_oid': '6809839e9090eed3decccd14', 'test_data_suite_id': 'sdk_examples_pin-1.3', 'test_data_oid': '6809839e9090eed3decccd15', 'test_data_id': 't01_PRT', 'xpaths': [{'xpath': 'PriorInformationNotice/cac:ProcurementProject/cbc:Name', 'value': 'Public road transport services'}]}, {'test_data_suite_oid': '6809839e9090eed3decccd14', 'test_data_suite_id': 'sdk_examples_pin-1.3', 'test_data_oid': '6809839e9090eed3decccd16', 'test_data_id': 'pin-buyer_24', 'xpaths': [{'xpath': 'PriorInformationNotice/cac:ProcurementProject/cbc:Name', 'value': 'Avviso consultazione preliminare mat. dedicato a ventilatore polmonare mod. Monnal T75'}]}, {'test_data_suite_oid': '6809839e9090eed3decccd14', 'test_data_suite_id': 'sdk_examples_pin-1.3', 'test_data_oid': '6809839e9090eed3decccd17', 'test_data_id': 'pin-buyer_24_published', 'xpaths': [{'xpath': 'PriorInformationNotice/cac:ProcurementProject/cbc:Name', 'value': 'Avviso consultazione preliminare mat. dedicato a ventilatore polmonare mod. Monnal T75'}]}, {'test_data_suite_oid': '6809839e9090eed3decccd14', 'test_data_suite_id': 'sdk_examples_pin-1.3', 'test_data_oid': '6809839e9090eed3decccd18', 'test_data_id': 'qu-sy_25', 'xpaths': [{'xpath': 'PriorInformationNotice/cac:ProcurementProject/cbc:Name', 'value': 'Sistema di qualificazione lavori di asfaltatura dei rappezzi e delle tracce di scavo'}]}, {'test_data_suite_oid': '6809839e9090eed3decccd14', 'test_data_suite_id': 'sdk_examples_pin-1.3', 'test_data_oid': '6809839e9090eed3decccd19', 'test_data_id': 'CEI', 'xpaths': [{'xpath': 'PriorInformationNotice/cac:ProcurementProject/cbc:Name', 'value': 'Call for Expressions of Interest'}]}, {'test_data_suite_oid': '6809839e9090eed3decccd14', 'test_data_suite_id': 'sdk_examples_pin-1.3', 'test_data_oid': '6809839e9090eed3decccd1a', 'test_data_id': 'pin-cfc_25', 'xpaths': [{'xpath': 'PriorInformationNotice/cac:ProcurementProject/cbc:Name', 'value': 'Instandhaltung Brandschutztüren'}]}, {'test_data_suite_oid': '6809839e9090eed3decccd14', 'test_data_suite_id': 'sdk_examples_pin-1.3', 'test_data_oid': '6809839e9090eed3decccd1b', 'test_data_id': 'pin-only_81_FRA', 'xpaths': [{'xpath': 'PriorInformationNotice/cac:ProcurementProject/cbc:Name', 'value': ""Demande d'informations nº DI 123/DSSFT ayant pour objet le recueil d'informations sur les solutions industrielles dans le domaine des recycleurs de plongée destinés à la guerre des mines""}]}, {'test_data_suite_oid': '6809839e9090eed3decccd14', 'test_data_suite_id': 'sdk_examples_pin-1.3', 'test_data_oid': '6809839e9090eed3decccd1c', 'test_data_id': 'pin-only_24_lots', 'xpaths': [{'xpath': 'PriorInformationNotice/cac:ProcurementProject/cbc:Name', 'value': 'Fusion21 Materials Supply Framework —\x8d Market Engagement Opportunity'}]}, {'test_data_suite_oid': '6809839e9090eed3decccd14', 'test_data_suite_id': 'sdk_examples_pin-1.3', 'test_data_oid': '6809839e9090eed3decccd1d', 'test_data_id': 'pin-only_24_maximal', 'xpaths': [{'xpath': 'PriorInformationNotice/cac:ProcurementProject/cbc:Name', 'value': 'Procurement Title ---'}]}, {'test_data_suite_oid': '6809839e9090eed3decccd14', 'test_data_suite_id': 'sdk_examples_pin-1.3', 'test_data_oid': '6809839e9090eed3decccd1e', 'test_data_id': 'pin-only_fin-reg', 'xpaths': [{'xpath': 'PriorInformationNotice/cac:ProcurementProject/cbc:Name', 'value': 'ProPrName1234'}]}, {'test_data_suite_oid': '6809839e9090eed3decccd14', 'test_data_suite_id': 'sdk_examples_pin-1.3', 'test_data_oid': '6809839e9090eed3decccd1f', 'test_data_id': 'pin-only_81', 'xpaths': [{'xpath': 'PriorInformationNotice/cac:ProcurementProject/cbc:Name', 'value': 'Provision of Worldwide Linguistic Services in Support of UK MoD Operations'}]}, {'test_data_suite_oid': '6809839e9090eed3decccd14', 'test_data_suite_id': 'sdk_examples_pin-1.3', 'test_data_oid': '6809839e9090eed3decccd20', 'test_data_id': 'pin-buyer_24_minimal', 'xpaths': [{'xpath': 'PriorInformationNotice/cac:ProcurementProject/cbc:Name', 'value': 'Avviso consultazione preliminare mat. dedicato a ventilatore polmonare mod. Monnal T75'}]}, {'test_data_suite_oid': '6809839e9090eed3decccd14', 'test_data_suite_id': 'sdk_examples_pin-1.3', 'test_data_oid': '6809839e9090eed3decccd21', 'test_data_id': 'pin-only_24', 'xpaths': [{'xpath': 'PriorInformationNotice/cac:ProcurementProject/cbc:Name', 'value': 'ProPrName1234'}]}], 'is_covered': True, 'xpath_conditions': [{'xpath_condition': ""not exists(/*/ext:UBLExtensions/ext:UBLExtension/ext:ExtensionContent/efext:EformsExtension/efac:NoticeSubType/cbc:SubTypeCode[contains('1 2 3 4 5 6 E1 E2', text())])"", 'meets_xpath_condition': False}], 'message': None}"
45,2025-04-24 00:48:48.746065+00:00,"{'sdk_element_id': 'BT-24-Procedure', 'sdk_element_title': 'Description', 'sdk_element_xpath': '/*/cac:ProcurementProject/cbc:Description', 'test_data_xpaths': [{'test_data_suite_oid': '6809839e9090eed3decccd14', 'test_data_suite_id': 'sdk_examples_pin-1.3', 'test_data_oid': '6809839e9090eed3decccd16', 'test_data_id': 'pin-buyer_24', 'xpaths': [{'xpath': 'PriorInformationNotice/cac:ProcurementProject/cbc:Description', 'value': 'Oggetto: Consultazione preliminare di mercato volta all’eventuale acquisizione, mediante procedura negoziata senza previa pubblicazione di un bando di gara, ex art. 63, comma 2, lett. b), del decreto legislativo del 18.4.2016, n. 50, per la fornitura di materiale dedicato a ventilatore polmonare mod. Monnal T75. Motivazione della pubblicazione: con il presente avviso si intende avviare una consultazione preliminare di mercato al fine di conoscere se, diversamente dalle informazioni in possesso di questa stazione appaltante, altri operatori economici oltre a Medival srl, possano fornire i prodotti di seguito indicati: — valvola espiratoria per ventilatori Monnal T75 autoclavabile blu, n. 50 pezzi, — sensore di flusso per ventilatori Monnal T75 autoclavabile blu, n. 50 pezzi, — valvola espiratoria per ventilator Monnal T75, n. 350 pezzi, — sensore di flusso per ventilatori Monnal T75, n. 350 pezzi.'}]}, {'test_data_suite_oid': '6809839e9090eed3decccd14', 'test_data_suite_id': 'sdk_examples_pin-1.3', 'test_data_oid': '6809839e9090eed3decccd17', 'test_data_id': 'pin-buyer_24_published', 'xpaths': [{'xpath': 'PriorInformationNotice/cac:ProcurementProject/cbc:Description', 'value': 'Oggetto: Consultazione preliminare di mercato volta all’eventuale acquisizione, mediante procedura negoziata senza previa pubblicazione di un bando di gara, ex art. 63, comma 2, lett. b), del decreto legislativo del 18.4.2016, n. 50, per la fornitura di materiale dedicato a ventilatore polmonare mod. Monnal T75. Motivazione della pubblicazione: con il presente avviso si intende avviare una consultazione preliminare di mercato al fine di conoscere se, diversamente dalle informazioni in possesso di questa stazione appaltante, altri operatori economici oltre a Medival srl, possano fornire i prodotti di seguito indicati: — valvola espiratoria per ventilatori Monnal T75 autoclavabile blu, n. 50 pezzi, — sensore di flusso per ventilatori Monnal T75 autoclavabile blu, n. 50 pezzi, — valvola espiratoria per ventilator Monnal T75, n. 350 pezzi, — sensore di flusso per ventilatori Monnal T75, n. 350 pezzi.'}]}, {'test_data_suite_oid': '6809839e9090eed3decccd14', 'test_data_suite_id': 'sdk_examples_pin-1.3', 'test_data_oid': '6809839e9090eed3decccd18', 'test_data_id': 'qu-sy_25', 'xpaths': [{'xpath': 'PriorInformationNotice/cac:ProcurementProject/cbc:Description', 'value': ""Acque Bresciane, ai sensi dell’art. 134 del Codice e in conformità a quanto previsto dal regolamento dei contratti, intende istituire un sistema di qualificazione di operatori economici qualificati per l’esecuzione dei lavori di asfaltatura dei rappezzi e delle tracce di scavo derivanti da: — interventi di manutenzione e allacciamenti alle reti di distribuzione acquedotto e fognatura, — estendimenti e/o rifacimenti delle reti di distribuzione acquedotto e fognatura. Il sistema di qualificazione potrà essere utilizzato anche dalle società del gruppo Cogeme e/o da altra società, sempreché controllante o controllata, ai sensi e per gli effetti di cui all’art. 2359 del Codice civile, o comunque partecipante o partecipata. Il sistema di qualificazione ha lo scopo di: — definire le regole con cui viene istituito e gestito il sistema di qualificazione, i requisiti che devono essere posseduti dagli operatori economici al fine di ottenere la qualificazione e la documentazione comprovante il possesso dei predetti requisiti, — costituire elenchi di operatori economici qualificati nell’attività specifica dei lavori oggetto del presente regolamento e di comprovata idoneità tecnico-professionale (disponibilità minima di mezzi, attrezzature, personale) nell’ambito dei quali la SA, e nell’eventualità le società del gruppo Cogeme (e/o altra società, sempreché controllante o controllata, ai sensi e per gli effetti di cui all’art. 2359 del Codice civile, o comunque partecipante o partecipata) individua i soggetti da invitare — nel rispetto dei principi di non discriminazione, parità di trattamento, proporzionalità, trasparenza e rotazione — alle singole procedure di affidamento di lavori, siano esse procedure ristrette o negoziate di importo inferiore o superiore alla soglia comunitaria. A tali procedure potranno partecipare solo gli operatori economici qualificati, fatto salvo le eccezioni di cui all'art. 10) del regolamento. Il presente regolamento e l’istituzione del sistema di qualificazione non vincolano in alcun modo Acque Bresciane e non costituiscono l’avvio di una procedura di affidamento e/o di aggiudicazione di appalti; il regolamento, l’avviso, le dichiarazioni e la documentazione forniti dagli operatori economici hanno il solo scopo di manifestare la volontà dei medesimi di essere iscritti nel sistema di qualificazione, senza che questo costituisca un vincolo per la SA, atteso che il sistema di qualificazione rappresenta per Acque Bresciane uno strumento da utilizzare, secondo le proprie necessità, per la selezione di operatori economici nell’ambito di affidamento degli appalti appartenenti alle predette categorie di lavori o altre categorie di lavori analoghi e affini. Le disposizioni del presente regolamento devono intendersi sostituite, modificate, abrogate ovvero disapplicate automaticamente ove il relativo contenuto sia incompatibile con sopravvenute inderogabili disposizioni legislative o regolamentari.""}]}, {'test_data_suite_oid': '6809839e9090eed3decccd14', 'test_data_suite_id': 'sdk_examples_pin-1.3', 'test_data_oid': '6809839e9090eed3decccd19', 'test_data_id': 'CEI', 'xpaths': [{'xpath': 'PriorInformationNotice/cac:ProcurementProject/cbc:Description', 'value': 'Call for Expression of Interest to compile a list of experts.'}]}, {'test_data_suite_oid': '6809839e9090eed3decccd14', 'test_data_suite_id': 'sdk_examples_pin-1.3', 'test_data_oid': '6809839e9090eed3decccd1a', 'test_data_id': 'pin-cfc_25', 'xpaths': [{'xpath': 'PriorInformationNotice/cac:ProcurementProject/cbc:Description', 'value': 'Wartung, Funktionsprüfung und Instandsetzung von ca. 3 700 Brandschutztüren – inkl. ca. 100 integrierter Feststelleinrichtungen – am Flughafen Stuttgart. Die Wartungsplanung wird vom AG vorgegeben und vom AN mittels gestelltem Ipad dokumentiert. Der Auftraggeber führt vorliegend ein Vergabeverfahren mit Interessenbekundung, Interessenbestätigung und Aufforderung zur Abgabe eines Angebots im Wege eines Verhandlungsverfahrens ohne gesonderte Auftragsbekanntmachung durch. In Ziffer VI.3 b) der vorliegenden Bekanntmachung ist der Ablauf konkretisiert.'}]}, {'test_data_suite_oid': '6809839e9090eed3decccd14', 'test_data_suite_id': 'sdk_examples_pin-1.3', 'test_data_oid': '6809839e9090eed3decccd1b', 'test_data_id': 'pin-only_81_FRA', 'xpaths': [{'xpath': 'PriorInformationNotice/cac:ProcurementProject/cbc:Description', 'value': ""\nDans le cadre de l'approvisionnement en matériel de plongée pour les armées françaises, le SSF souhaite approfondir sa connaissance de l'offre industrielle en matière de recycleurs destinés à la guerre des mines.\nCette Demande d'informations (DI) vise à identifier et évaluer les solutions possibles, sous les angles techniques et financiers.\nElle ne constitue pas une consultation liée à un marché public, ni un acte d'achat, ni un quelconque engagement de l'administration à lancer ultérieurement une opération sur le même objet. Le dossier de consultation complet incluant modalités de réponse est consultable sur le site https://www.ixarm.com/fr/node/861985 (RFI nº 123).\n\t\t""}]}, {'test_data_suite_oid': '6809839e9090eed3decccd14', 'test_data_suite_id': 'sdk_examples_pin-1.3', 'test_data_oid': '6809839e9090eed3decccd1c', 'test_data_id': 'pin-only_24_lots', 'xpaths': [{'xpath': 'PriorInformationNotice/cac:ProcurementProject/cbc:Description', 'value': 'Fusion21 is developing a new framework for the supply of materials to Fusion21 Members across the public sector. The objective of this framework is to deliver a best practice material supply offer for Fusion21 Members for the next 4 years. Fusion21 is seeking to engage with the supply market to understand suppliers views on the potential for a new materials offer, ensuring it will be reflective of the best practice capabilities that exist with suppliers in this market. We would encourage you to: (a) complete the survey designed to gain your feedback on the structure and scope of the framework via this link: https://www.surveymonkey.co.uk/r/2XFWQFR; and (b) register your interest in the opportunity by confirming your details and the lots you intend to bid for here: https://fusion21.delta-esourcing.com/respond/44JDE788CH'}]}, {'test_data_suite_oid': '6809839e9090eed3decccd14', 'test_data_suite_id': 'sdk_examples_pin-1.3', 'test_data_oid': '6809839e9090eed3decccd1d', 'test_data_id': 'pin-only_24_maximal', 'xpaths': [{'xpath': 'PriorInformationNotice/cac:ProcurementProject/cbc:Description', 'value': 'Description ---'}]}, {'test_data_suite_oid': '6809839e9090eed3decccd14', 'test_data_suite_id': 'sdk_examples_pin-1.3', 'test_data_oid': '6809839e9090eed3decccd1e', 'test_data_id': 'pin-only_fin-reg', 'xpaths': [{'xpath': 'PriorInformationNotice/cac:ProcurementProject/cbc:Description', 'value': 'PrPrDescblabla'}]}, {'test_data_suite_oid': '6809839e9090eed3decccd14', 'test_data_suite_id': 'sdk_examples_pin-1.3', 'test_data_oid': '6809839e9090eed3decccd1f', 'test_data_id': 'pin-only_81', 'xpaths': [{'xpath': 'PriorInformationNotice/cac:ProcurementProject/cbc:Description', 'value': 'The authority has identified a requirement for a single supplier framework agreement for linguistic services in support of Permanent Joint Headquarters (PJHQ) and other user worldwide operations. This requirement shall include linguists at a variety of skill and security clearance levels to meet pre-defined roles but will also necessitate short notice deployments in to emerging operational locations when required by the authority. The authority will be looking to place a contract for four (4) years, with the potential to extend for a further twenty-four (24) months. The authority will be looking to place a contract notice for this requirement, with further details of the requirement, in the next 1-4 months. Interested suppliers will be expected to complete a Dynamic Pre-Qualification Questionnaire (DPQQ) with a minimum of three suppliers taken through to the invitation to tender (ITT) stage'}]}, {'test_data_suite_oid': '6809839e9090eed3decccd14', 'test_data_suite_id': 'sdk_examples_pin-1.3', 'test_data_oid': '6809839e9090eed3decccd20', 'test_data_id': 'pin-buyer_24_minimal', 'xpaths': [{'xpath': 'PriorInformationNotice/cac:ProcurementProject/cbc:Description', 'value': 'Oggetto: Consultazione preliminare di mercato volta all’eventuale acquisizione, mediante procedura negoziata senza previa pubblicazione di un bando di gara, ex art. 63, comma 2, lett. b), del decreto legislativo del 18.4.2016, n. 50, per la fornitura di materiale dedicato a ventilatore polmonare mod. Monnal T75. Motivazione della pubblicazione: con il presente avviso si intende avviare una consultazione preliminare di mercato al fine di conoscere se, diversamente dalle informazioni in possesso di questa stazione appaltante, altri operatori economici oltre a Medival srl, possano fornire i prodotti di seguito indicati: — valvola espiratoria per ventilatori Monnal T75 autoclavabile blu, n. 50 pezzi, — sensore di flusso per ventilatori Monnal T75 autoclavabile blu, n. 50 pezzi, — valvola espiratoria per ventilator Monnal T75, n. 350 pezzi, — sensore di flusso per ventilatori Monnal T75, n. 350 pezzi.'}]}, {'test_data_suite_oid': '6809839e9090eed3decccd14', 'test_data_suite_id': 'sdk_examples_pin-1.3', 'test_data_oid': '6809839e9090eed3decccd21', 'test_data_id': 'pin-only_24', 'xpaths': [{'xpath': 'PriorInformationNotice/cac:ProcurementProject/cbc:Description', 'value': 'PrPrDescblabla'}]}], 'is_covered': True, 'xpath_conditions': [{'xpath_condition': ""not exists(/*/ext:UBLExtensions/ext:UBLExtension/ext:ExtensionContent/efext:EformsExtension/efac:NoticeSubType/cbc:SubTypeCode[contains('1 2 3 4 5 6 E1 E2', text())])"", 'meets_xpath_condition': False}], 'message': None}"
46,2025-04-24 00:48:48.746065+00:00,"{'sdk_element_id': 'BT-23-Procedure', 'sdk_element_title': 'Main Nature', 'sdk_element_xpath': '/*/cac:ProcurementProject/cbc:ProcurementTypeCode', 'test_data_xpaths': [{'test_data_suite_oid': '6809839e9090eed3decccd14', 'test_data_suite_id': 'sdk_examples_pin-1.3', 'test_data_oid': '6809839e9090eed3decccd15', 'test_data_id': 't01_PRT', 'xpaths': [{'xpath': 'PriorInformationNotice/cac:ProcurementProject/cbc:ProcurementTypeCode', 'value': 'services'}]}, {'test_data_suite_oid': '6809839e9090eed3decccd14', 'test_data_suite_id': 'sdk_examples_pin-1.3', 'test_data_oid': '6809839e9090eed3decccd16', 'test_data_id': 'pin-buyer_24', 'xpaths': [{'xpath': 'PriorInformationNotice/cac:ProcurementProject/cbc:ProcurementTypeCode', 'value': 'supplies'}]}, {'test_data_suite_oid': '6809839e9090eed3decccd14', 'test_data_suite_id': 'sdk_examples_pin-1.3', 'test_data_oid': '6809839e9090eed3decccd17', 'test_data_id': 'pin-buyer_24_published', 'xpaths': [{'xpath': 'PriorInformationNotice/cac:ProcurementProject/cbc:ProcurementTypeCode', 'value': 'supplies'}]}, {'test_data_suite_oid': '6809839e9090eed3decccd14', 'test_data_suite_id': 'sdk_examples_pin-1.3', 'test_data_oid': '6809839e9090eed3decccd18', 'test_data_id': 'qu-sy_25', 'xpaths': [{'xpath': 'PriorInformationNotice/cac:ProcurementProject/cbc:ProcurementTypeCode', 'value': 'works'}]}, {'test_data_suite_oid': '6809839e9090eed3decccd14', 'test_data_suite_id': 'sdk_examples_pin-1.3', 'test_data_oid': '6809839e9090eed3decccd19', 'test_data_id': 'CEI', 'xpaths': [{'xpath': 'PriorInformationNotice/cac:ProcurementProject/cbc:ProcurementTypeCode', 'value': 'services'}]}, {'test_data_suite_oid': '6809839e9090eed3decccd14', 'test_data_suite_id': 'sdk_examples_pin-1.3', 'test_data_oid': '6809839e9090eed3decccd1a', 'test_data_id': 'pin-cfc_25', 'xpaths': [{'xpath': 'PriorInformationNotice/cac:ProcurementProject/cbc:ProcurementTypeCode', 'value': 'services'}]}, {'test_data_suite_oid': '6809839e9090eed3decccd14', 'test_data_suite_id': 'sdk_examples_pin-1.3', 'test_data_oid': '6809839e9090eed3decccd1b', 'test_data_id': 'pin-only_81_FRA', 'xpaths': [{'xpath': 'PriorInformationNotice/cac:ProcurementProject/cbc:ProcurementTypeCode', 'value': 'supplies'}]}, {'test_data_suite_oid': '6809839e9090eed3decccd14', 'test_data_suite_id': 'sdk_examples_pin-1.3', 'test_data_oid': '6809839e9090eed3decccd1c', 'test_data_id': 'pin-only_24_lots', 'xpaths': [{'xpath': 'PriorInformationNotice/cac:ProcurementProject/cbc:ProcurementTypeCode', 'value': 'supplies'}]}, {'test_data_suite_oid': '6809839e9090eed3decccd14', 'test_data_suite_id': 'sdk_examples_pin-1.3', 'test_data_oid': '6809839e9090eed3decccd1d', 'test_data_id': 'pin-only_24_maximal', 'xpaths': [{'xpath': 'PriorInformationNotice/cac:ProcurementProject/cbc:ProcurementTypeCode', 'value': 'services'}]}, {'test_data_suite_oid': '6809839e9090eed3decccd14', 'test_data_suite_id': 'sdk_examples_pin-1.3', 'test_data_oid': '6809839e9090eed3decccd1e', 'test_data_id': 'pin-only_fin-reg', 'xpaths': [{'xpath': 'PriorInformationNotice/cac:ProcurementProject/cbc:ProcurementTypeCode', 'value': 'services'}]}, {'test_data_suite_oid': '6809839e9090eed3decccd14', 'test_data_suite_id': 'sdk_examples_pin-1.3', 'test_data_oid': '6809839e9090eed3decccd1f', 'test_data_id': 'pin-only_81', 'xpaths': [{'xpath': 'PriorInformationNotice/cac:ProcurementProject/cbc:ProcurementTypeCode', 'value': 'services'}]}, {'test_data_suite_oid': '6809839e9090eed3decccd14', 'test_data_suite_id': 'sdk_examples_pin-1.3', 'test_data_oid': '6809839e9090eed3decccd20', 'test_data_id': 'pin-buyer_24_minimal', 'xpaths': [{'xpath': 'PriorInformationNotice/cac:ProcurementProject/cbc:ProcurementTypeCode', 'value': 'supplies'}]}, {'test_data_suite_oid': '6809839e9090eed3decccd14', 'test_data_suite_id': 'sdk_examples_pin-1.3', 'test_data_oid': '6809839e9090eed3decccd21', 'test_data_id': 'pin-only_24', 'xpaths': [{'xpath': 'PriorInformationNotice/cac:ProcurementProject/cbc:ProcurementTypeCode', 'value': 'services'}]}], 'is_covered': True, 'xpath_conditions': [{'xpath_condition': ""not exists(/*/ext:UBLExtensions/ext:UBLExtension/ext:ExtensionContent/efext:EformsExtension/efac:NoticeSubType/cbc:SubTypeCode[contains('1 2 3 4 5 6 E1 E2', text())])"", 'meets_xpath_condition': False}], 'message': None}"
47,2025-04-24 00:48:48.746065+00:00,"{'sdk_element_id': 'BT-531-Procedure', 'sdk_element_title': 'Additional Nature (different from Main)', 'sdk_element_xpath': ""/*/cac:ProcurementProject/cac:ProcurementAdditionalType/cbc:ProcurementTypeCode[not(@listName='transport-service')]"", 'test_data_xpaths': [{'test_data_suite_oid': '6809839e9090eed3decccd14', 'test_data_suite_id': 'sdk_examples_pin-1.3', 'test_data_oid': '6809839e9090eed3decccd1d', 'test_data_id': 'pin-only_24_maximal', 'xpaths': [{'xpath': 'PriorInformationNotice/cac:ProcurementProject/cac:ProcurementAdditionalType/cbc:ProcurementTypeCode', 'value': 'works'}]}], 'is_covered': True, 'xpath_conditions': [{'xpath_condition': ""not exists(/*/ext:UBLExtensions/ext:UBLExtension/ext:ExtensionContent/efext:EformsExtension/efac:NoticeSubType/cbc:SubTypeCode[contains('1 2 3 4 5 6 E1 E2', text())])"", 'meets_xpath_condition': False}], 'message': None}"
48,2025-04-24 00:48:48.746065+00:00,"{'sdk_element_id': 'ND-ProcedureValueEstimate', 'sdk_element_title': None, 'sdk_element_xpath': '/*/cac:ProcurementProject/cac:RequestedTenderTotal', 'test_data_xpaths': [{'test_data_suite_oid': '6809839e9090eed3decccd14', 'test_data_suite_id': 'sdk_examples_pin-1.3', 'test_data_oid': '6809839e9090eed3decccd1c', 'test_data_id': 'pin-only_24_lots', 'xpaths': [{'xpath': 'PriorInformationNotice/cac:ProcurementProject/cac:RequestedTenderTotal', 'value': None}]}, {'test_data_suite_oid': '6809839e9090eed3decccd14', 'test_data_suite_id': 'sdk_examples_pin-1.3', 'test_data_oid': '6809839e9090eed3decccd1d', 'test_data_id': 'pin-only_24_maximal', 'xpaths': [{'xpath': 'PriorInformationNotice/cac:ProcurementProject/cac:RequestedTenderTotal', 'value': None}]}, {'test_data_suite_oid': '6809839e9090eed3decccd14', 'test_data_suite_id': 'sdk_examples_pin-1.3', 'test_data_oid': '6809839e9090eed3decccd1e', 'test_data_id': 'pin-only_fin-reg', 'xpaths': [{'xpath': 'PriorInformationNotice/cac:ProcurementProject/cac:RequestedTenderTotal', 'value': None}]}, {'test_data_suite_oid': '6809839e9090eed3decccd14', 'test_data_suite_id': 'sdk_examples_pin-1.3', 'test_data_oid': '6809839e9090eed3decccd21', 'test_data_id': 'pin-only_24', 'xpaths': [{'xpath': 'PriorInformationNotice/cac:ProcurementProject/cac:RequestedTenderTotal', 'value': None}]}], 'is_covered': True, 'xpath_conditions': [{'xpath_condition': '', 'meets_xpath_condition': True}], 'message': None}"
49,2025-04-24 00:48:48.746065+00:00,"{'sdk_element_id': 'BT-27-Procedure', 'sdk_element_title': 'Estimated Value', 'sdk_element_xpath': '/*/cac:ProcurementProject/cac:RequestedTenderTotal/cbc:EstimatedOverallContractAmount', 'test_data_xpaths': [{'test_data_suite_oid': '6809839e9090eed3decccd14', 'test_data_suite_id': 'sdk_examples_pin-1.3', 'test_data_oid': '6809839e9090eed3decccd1c', 'test_data_id': 'pin-only_24_lots', 'xpaths': [{'xpath': 'PriorInformationNotice/cac:ProcurementProject/cac:RequestedTenderTotal/cbc:EstimatedOverallContractAmount', 'value': '750000000'}]}, {'test_data_suite_oid': '6809839e9090eed3decccd14', 'test_data_suite_id': 'sdk_examples_pin-1.3', 'test_data_oid': '6809839e9090eed3decccd1d', 'test_data_id': 'pin-only_24_maximal', 'xpaths': [{'xpath': 'PriorInformationNotice/cac:ProcurementProject/cac:RequestedTenderTotal/cbc:EstimatedOverallContractAmount', 'value': '9999999.99'}]}, {'test_data_suite_oid': '6809839e9090eed3decccd14', 'test_data_suite_id': 'sdk_examples_pin-1.3', 'test_data_oid': '6809839e9090eed3decccd1e', 'test_data_id': 'pin-only_fin-reg', 'xpaths': [{'xpath': 'PriorInformationNotice/cac:ProcurementProject/cac:RequestedTenderTotal/cbc:EstimatedOverallContractAmount', 'value': '100000'}]}, {'test_data_suite_oid': '6809839e9090eed3decccd14', 'test_data_suite_id': 'sdk_examples_pin-1.3', 'test_data_oid': '6809839e9090eed3decccd21', 'test_data_id': 'pin-only_24', 'xpaths': [{'xpath': 'PriorInformationNotice/cac:ProcurementProject/cac:RequestedTenderTotal/cbc:EstimatedOverallContractAmount', 'value': '100000'}]}], 'is_covered': True, 'xpath_conditions': [{'xpath_condition': '', 'meets_xpath_condition': True}], 'message': None}"
50,2025-04-24 00:48:48.746065+00:00,"{'sdk_element_id': 'ND-ProcedureMainClassification', 'sdk_element_title': None, 'sdk_element_xpath': '/*/cac:ProcurementProject/cac:MainCommodityClassification', 'test_data_xpaths': [{'test_data_suite_oid': '6809839e9090eed3decccd14', 'test_data_suite_id': 'sdk_examples_pin-1.3', 'test_data_oid': '6809839e9090eed3decccd15', 'test_data_id': 't01_PRT', 'xpaths': [{'xpath': 'PriorInformationNotice/cac:ProcurementProject/cac:MainCommodityClassification', 'value': None}]}, {'test_data_suite_oid': '6809839e9090eed3decccd14', 'test_data_suite_id': 'sdk_examples_pin-1.3', 'test_data_oid': '6809839e9090eed3decccd16', 'test_data_id': 'pin-buyer_24', 'xpaths': [{'xpath': 'PriorInformationNotice/cac:ProcurementProject/cac:MainCommodityClassification', 'value': None}]}, {'test_data_suite_oid': '6809839e9090eed3decccd14', 'test_data_suite_id': 'sdk_examples_pin-1.3', 'test_data_oid': '6809839e9090eed3decccd17', 'test_data_id': 'pin-buyer_24_published', 'xpaths': [{'xpath': 'PriorInformationNotice/cac:ProcurementProject/cac:MainCommodityClassification', 'value': None}]}, {'test_data_suite_oid': '6809839e9090eed3decccd14', 'test_data_suite_id': 'sdk_examples_pin-1.3', 'test_data_oid': '6809839e9090eed3decccd18', 'test_data_id': 'qu-sy_25', 'xpaths': [{'xpath': 'PriorInformationNotice/cac:ProcurementProject/cac:MainCommodityClassification', 'value': None}]}, {'test_data_suite_oid': '6809839e9090eed3decccd14', 'test_data_suite_id': 'sdk_examples_pin-1.3', 'test_data_oid': '6809839e9090eed3decccd19', 'test_data_id': 'CEI', 'xpaths': [{'xpath': 'PriorInformationNotice/cac:ProcurementProject/cac:MainCommodityClassification', 'value': None}]}, {'test_data_suite_oid': '6809839e9090eed3decccd14', 'test_data_suite_id': 'sdk_examples_pin-1.3', 'test_data_oid': '6809839e9090eed3decccd1a', 'test_data_id': 'pin-cfc_25', 'xpaths': [{'xpath': 'PriorInformationNotice/cac:ProcurementProject/cac:MainCommodityClassification', 'value': None}]}, {'test_data_suite_oid': '6809839e9090eed3decccd14', 'test_data_suite_id': 'sdk_examples_pin-1.3', 'test_data_oid': '6809839e9090eed3decccd1b', 'test_data_id': 'pin-only_81_FRA', 'xpaths': [{'xpath': 'PriorInformationNotice/cac:ProcurementProject/cac:MainCommodityClassification', 'value': None}]}, {'test_data_suite_oid': '6809839e9090eed3decccd14', 'test_data_suite_id': 'sdk_examples_pin-1.3', 'test_data_oid': '6809839e9090eed3decccd1c', 'test_data_id': 'pin-only_24_lots', 'xpaths': [{'xpath': 'PriorInformationNotice/cac:ProcurementProject/cac:MainCommodityClassification', 'value': None}]}, {'test_data_suite_oid': '6809839e9090eed3decccd14', 'test_data_suite_id': 'sdk_examples_pin-1.3', 'test_data_oid': '6809839e9090eed3decccd1d', 'test_data_id': 'pin-only_24_maximal', 'xpaths': [{'xpath': 'PriorInformationNotice/cac:ProcurementProject/cac:MainCommodityClassification', 'value': None}]}, {'test_data_suite_oid': '6809839e9090eed3decccd14', 'test_data_suite_id': 'sdk_examples_pin-1.3', 'test_data_oid': '6809839e9090eed3decccd1e', 'test_data_id': 'pin-only_fin-reg', 'xpaths': [{'xpath': 'PriorInformationNotice/cac:ProcurementProject/cac:MainCommodityClassification', 'value': None}]}, {'test_data_suite_oid': '6809839e9090eed3decccd14', 'test_data_suite_id': 'sdk_examples_pin-1.3', 'test_data_oid': '6809839e9090eed3decccd1f', 'test_data_id': 'pin-only_81', 'xpaths': [{'xpath': 'PriorInformationNotice/cac:ProcurementProject/cac:MainCommodityClassification', 'value': None}]}, {'test_data_suite_oid': '6809839e9090eed3decccd14', 'test_data_suite_id': 'sdk_examples_pin-1.3', 'test_data_oid': '6809839e9090eed3decccd20', 'test_data_id': 'pin-buyer_24_minimal', 'xpaths': [{'xpath': 'PriorInformationNotice/cac:ProcurementProject/cac:MainCommodityClassification', 'value': None}]}, {'test_data_suite_oid': '6809839e9090eed3decccd14', 'test_data_suite_id': 'sdk_examples_pin-1.3', 'test_data_oid': '6809839e9090eed3decccd21', 'test_data_id': 'pin-only_24', 'xpaths': [{'xpath': 'PriorInformationNotice/cac:ProcurementProject/cac:MainCommodityClassification', 'value': None}]}], 'is_covered': True, 'xpath_conditions': [{'xpath_condition': '', 'meets_xpath_condition': True}], 'message': None}"
51,2025-04-24 00:48:48.746065+00:00,"{'sdk_element_id': 'ND-ProcedureMainClassificationCode', 'sdk_element_title': None, 'sdk_element_xpath': '/*/cac:ProcurementProject/cac:MainCommodityClassification/cbc:ItemClassificationCode', 'test_data_xpaths': [{'test_data_suite_oid': '6809839e9090eed3decccd14', 'test_data_suite_id': 'sdk_examples_pin-1.3', 'test_data_oid': '6809839e9090eed3decccd15', 'test_data_id': 't01_PRT', 'xpaths': [{'xpath': 'PriorInformationNotice/cac:ProcurementProject/cac:MainCommodityClassification/cbc:ItemClassificationCode', 'value': '60112000'}]}, {'test_data_suite_oid': '6809839e9090eed3decccd14', 'test_data_suite_id': 'sdk_examples_pin-1.3', 'test_data_oid': '6809839e9090eed3decccd16', 'test_data_id': 'pin-buyer_24', 'xpaths': [{'xpath': 'PriorInformationNotice/cac:ProcurementProject/cac:MainCommodityClassification/cbc:ItemClassificationCode', 'value': '33157000'}]}, {'test_data_suite_oid': '6809839e9090eed3decccd14', 'test_data_suite_id': 'sdk_examples_pin-1.3', 'test_data_oid': '6809839e9090eed3decccd17', 'test_data_id': 'pin-buyer_24_published', 'xpaths': [{'xpath': 'PriorInformationNotice/cac:ProcurementProject/cac:MainCommodityClassification/cbc:ItemClassificationCode', 'value': '33157000'}]}, {'test_data_suite_oid': '6809839e9090eed3decccd14', 'test_data_suite_id': 'sdk_examples_pin-1.3', 'test_data_oid': '6809839e9090eed3decccd18', 'test_data_id': 'qu-sy_25', 'xpaths': [{'xpath': 'PriorInformationNotice/cac:ProcurementProject/cac:MainCommodityClassification/cbc:ItemClassificationCode', 'value': '45233222'}]}, {'test_data_suite_oid': '6809839e9090eed3decccd14', 'test_data_suite_id': 'sdk_examples_pin-1.3', 'test_data_oid': '6809839e9090eed3decccd19', 'test_data_id': 'CEI', 'xpaths': [{'xpath': 'PriorInformationNotice/cac:ProcurementProject/cac:MainCommodityClassification/cbc:ItemClassificationCode', 'value': '98390000'}]}, {'test_data_suite_oid': '6809839e9090eed3decccd14', 'test_data_suite_id': 'sdk_examples_pin-1.3', 'test_data_oid': '6809839e9090eed3decccd1a', 'test_data_id': 'pin-cfc_25', 'xpaths': [{'xpath': 'PriorInformationNotice/cac:ProcurementProject/cac:MainCommodityClassification/cbc:ItemClassificationCode', 'value': '50712000'}]}, {'test_data_suite_oid': '6809839e9090eed3decccd14', 'test_data_suite_id': 'sdk_examples_pin-1.3', 'test_data_oid': '6809839e9090eed3decccd1b', 'test_data_id': 'pin-only_81_FRA', 'xpaths': [{'xpath': 'PriorInformationNotice/cac:ProcurementProject/cac:MainCommodityClassification/cbc:ItemClassificationCode', 'value': '35520000'}]}, {'test_data_suite_oid': '6809839e9090eed3decccd14', 'test_data_suite_id': 'sdk_examples_pin-1.3', 'test_data_oid': '6809839e9090eed3decccd1c', 'test_data_id': 'pin-only_24_lots', 'xpaths': [{'xpath': 'PriorInformationNotice/cac:ProcurementProject/cac:MainCommodityClassification/cbc:ItemClassificationCode', 'value': '44110000'}]}, {'test_data_suite_oid': '6809839e9090eed3decccd14', 'test_data_suite_id': 'sdk_examples_pin-1.3', 'test_data_oid': '6809839e9090eed3decccd1d', 'test_data_id': 'pin-only_24_maximal', 'xpaths': [{'xpath': 'PriorInformationNotice/cac:ProcurementProject/cac:MainCommodityClassification/cbc:ItemClassificationCode', 'value': '79622000'}]}, {'test_data_suite_oid': '6809839e9090eed3decccd14', 'test_data_suite_id': 'sdk_examples_pin-1.3', 'test_data_oid': '6809839e9090eed3decccd1e', 'test_data_id': 'pin-only_fin-reg', 'xpaths': [{'xpath': 'PriorInformationNotice/cac:ProcurementProject/cac:MainCommodityClassification/cbc:ItemClassificationCode', 'value': '72000000'}]}, {'test_data_suite_oid': '6809839e9090eed3decccd14', 'test_data_suite_id': 'sdk_examples_pin-1.3', 'test_data_oid': '6809839e9090eed3decccd1f', 'test_data_id': 'pin-only_81', 'xpaths': [{'xpath': 'PriorInformationNotice/cac:ProcurementProject/cac:MainCommodityClassification/cbc:ItemClassificationCode', 'value': '79530000'}]}, {'test_data_suite_oid': '6809839e9090eed3decccd14', 'test_data_suite_id': 'sdk_examples_pin-1.3', 'test_data_oid': '6809839e9090eed3decccd20', 'test_data_id': 'pin-buyer_24_minimal', 'xpaths': [{'xpath': 'PriorInformationNotice/cac:ProcurementProject/cac:MainCommodityClassification/cbc:ItemClassificationCode', 'value': '33157000'}]}, {'test_data_suite_oid': '6809839e9090eed3decccd14', 'test_data_suite_id': 'sdk_examples_pin-1.3', 'test_data_oid': '6809839e9090eed3decccd21', 'test_data_id': 'pin-only_24', 'xpaths': [{'xpath': 'PriorInformationNotice/cac:ProcurementProject/cac:MainCommodityClassification/cbc:ItemClassificationCode', 'value': '72000000'}]}], 'is_covered': True, 'xpath_conditions': [{'xpath_condition': '', 'meets_xpath_condition': True}, {'xpath_condition': ""cbc:ItemClassificationCode[@listName='cpv']"", 'meets_xpath_condition': False}], 'message': None}"
52,2025-04-24 00:48:48.746065+00:00,"{'sdk_element_id': 'BT-26(m)-Procedure', 'sdk_element_title': 'Classification Type (e.g. CPV)', 'sdk_element_xpath': '/*/cac:ProcurementProject/cac:MainCommodityClassification/cbc:ItemClassificationCode/@listName', 'test_data_xpaths': [{'test_data_suite_oid': '6809839e9090eed3decccd14', 'test_data_suite_id': 'sdk_examples_pin-1.3', 'test_data_oid': '6809839e9090eed3decccd15', 'test_data_id': 't01_PRT', 'xpaths': [{'xpath': 'PriorInformationNotice/cac:ProcurementProject/cac:MainCommodityClassification/cbc:ItemClassificationCode/listName', 'value': 'cpv'}]}, {'test_data_suite_oid': '6809839e9090eed3decccd14', 'test_data_suite_id': 'sdk_examples_pin-1.3', 'test_data_oid': '6809839e9090eed3decccd16', 'test_data_id': 'pin-buyer_24', 'xpaths': [{'xpath': 'PriorInformationNotice/cac:ProcurementProject/cac:MainCommodityClassification/cbc:ItemClassificationCode/listName', 'value': 'cpv'}]}, {'test_data_suite_oid': '6809839e9090eed3decccd14', 'test_data_suite_id': 'sdk_examples_pin-1.3', 'test_data_oid': '6809839e9090eed3decccd17', 'test_data_id': 'pin-buyer_24_published', 'xpaths': [{'xpath': 'PriorInformationNotice/cac:ProcurementProject/cac:MainCommodityClassification/cbc:ItemClassificationCode/listName', 'value': 'cpv'}]}, {'test_data_suite_oid': '6809839e9090eed3decccd14', 'test_data_suite_id': 'sdk_examples_pin-1.3', 'test_data_oid': '6809839e9090eed3decccd18', 'test_data_id': 'qu-sy_25', 'xpaths': [{'xpath': 'PriorInformationNotice/cac:ProcurementProject/cac:MainCommodityClassification/cbc:ItemClassificationCode/listName', 'value': 'cpv'}]}, {'test_data_suite_oid': '6809839e9090eed3decccd14', 'test_data_suite_id': 'sdk_examples_pin-1.3', 'test_data_oid': '6809839e9090eed3decccd19', 'test_data_id': 'CEI', 'xpaths': [{'xpath': 'PriorInformationNotice/cac:ProcurementProject/cac:MainCommodityClassification/cbc:ItemClassificationCode/listName', 'value': 'cpv'}]}, {'test_data_suite_oid': '6809839e9090eed3decccd14', 'test_data_suite_id': 'sdk_examples_pin-1.3', 'test_data_oid': '6809839e9090eed3decccd1a', 'test_data_id': 'pin-cfc_25', 'xpaths': [{'xpath': 'PriorInformationNotice/cac:ProcurementProject/cac:MainCommodityClassification/cbc:ItemClassificationCode/listName', 'value': 'cpv'}]}, {'test_data_suite_oid': '6809839e9090eed3decccd14', 'test_data_suite_id': 'sdk_examples_pin-1.3', 'test_data_oid': '6809839e9090eed3decccd1b', 'test_data_id': 'pin-only_81_FRA', 'xpaths': [{'xpath': 'PriorInformationNotice/cac:ProcurementProject/cac:MainCommodityClassification/cbc:ItemClassificationCode/listName', 'value': 'cpv'}]}, {'test_data_suite_oid': '6809839e9090eed3decccd14', 'test_data_suite_id': 'sdk_examples_pin-1.3', 'test_data_oid': '6809839e9090eed3decccd1c', 'test_data_id': 'pin-only_24_lots', 'xpaths': [{'xpath': 'PriorInformationNotice/cac:ProcurementProject/cac:MainCommodityClassification/cbc:ItemClassificationCode/listName', 'value': 'cpv'}]}, {'test_data_suite_oid': '6809839e9090eed3decccd14', 'test_data_suite_id': 'sdk_examples_pin-1.3', 'test_data_oid': '6809839e9090eed3decccd1d', 'test_data_id': 'pin-only_24_maximal', 'xpaths': [{'xpath': 'PriorInformationNotice/cac:ProcurementProject/cac:MainCommodityClassification/cbc:ItemClassificationCode/listName', 'value': 'cpv'}]}, {'test_data_suite_oid': '6809839e9090eed3decccd14', 'test_data_suite_id': 'sdk_examples_pin-1.3', 'test_data_oid': '6809839e9090eed3decccd1e', 'test_data_id': 'pin-only_fin-reg', 'xpaths': [{'xpath': 'PriorInformationNotice/cac:ProcurementProject/cac:MainCommodityClassification/cbc:ItemClassificationCode/listName', 'value': 'cpv'}]}, {'test_data_suite_oid': '6809839e9090eed3decccd14', 'test_data_suite_id': 'sdk_examples_pin-1.3', 'test_data_oid': '6809839e9090eed3decccd1f', 'test_data_id': 'pin-only_81', 'xpaths': [{'xpath': 'PriorInformationNotice/cac:ProcurementProject/cac:MainCommodityClassification/cbc:ItemClassificationCode/listName', 'value': 'cpv'}]}, {'test_data_suite_oid': '6809839e9090eed3decccd14', 'test_data_suite_id': 'sdk_examples_pin-1.3', 'test_data_oid': '6809839e9090eed3decccd20', 'test_data_id': 'pin-buyer_24_minimal', 'xpaths': [{'xpath': 'PriorInformationNotice/cac:ProcurementProject/cac:MainCommodityClassification/cbc:ItemClassificationCode/listName', 'value': 'cpv'}]}, {'test_data_suite_oid': '6809839e9090eed3decccd14', 'test_data_suite_id': 'sdk_examples_pin-1.3', 'test_data_oid': '6809839e9090eed3decccd21', 'test_data_id': 'pin-only_24', 'xpaths': [{'xpath': 'PriorInformationNotice/cac:ProcurementProject/cac:MainCommodityClassification/cbc:ItemClassificationCode/listName', 'value': 'cpv'}]}], 'is_covered': True, 'xpath_conditions': [{'xpath_condition': ""cbc:ItemClassificationCode[@listName='cpv']"", 'meets_xpath_condition': False}], 'message': None}"
53,2025-04-24 00:48:48.746065+00:00,"{'sdk_element_id': 'ND-ProcedureAdditionalCommodityClassification', 'sdk_element_title': None, 'sdk_element_xpath': '/*/cac:ProcurementProject/cac:AdditionalCommodityClassification', 'test_data_xpaths': [{'test_data_suite_oid': '6809839e9090eed3decccd14', 'test_data_suite_id': 'sdk_examples_pin-1.3', 'test_data_oid': '6809839e9090eed3decccd1d', 'test_data_id': 'pin-only_24_maximal', 'xpaths': [{'xpath': 'PriorInformationNotice/cac:ProcurementProject/cac:AdditionalCommodityClassification', 'value': None}]}], 'is_covered': True, 'xpath_conditions': [{'xpath_condition': '', 'meets_xpath_condition': True}], 'message': None}"
54,2025-04-24 00:48:48.746065+00:00,"{'sdk_element_id': 'BT-26(a)-Procedure', 'sdk_element_title': 'Classification Type (e.g. CPV)', 'sdk_element_xpath': '/*/cac:ProcurementProject/cac:AdditionalCommodityClassification/cbc:ItemClassificationCode/@listName', 'test_data_xpaths': [{'test_data_suite_oid': '6809839e9090eed3decccd14', 'test_data_suite_id': 'sdk_examples_pin-1.3', 'test_data_oid': '6809839e9090eed3decccd1d', 'test_data_id': 'pin-only_24_maximal', 'xpaths': [{'xpath': 'PriorInformationNotice/cac:ProcurementProject/cac:AdditionalCommodityClassification/cbc:ItemClassificationCode/listName', 'value': 'cpv'}]}], 'is_covered': True, 'xpath_conditions': [{'xpath_condition': ""cbc:ItemClassificationCode[@listName='cpv']"", 'meets_xpath_condition': False}], 'message': None}"
55,2025-04-24 00:48:48.746065+00:00,"{'sdk_element_id': 'BT-263-Procedure', 'sdk_element_title': 'Additional Classification Code', 'sdk_element_xpath': '/*/cac:ProcurementProject/cac:AdditionalCommodityClassification/cbc:ItemClassificationCode', 'test_data_xpaths': [{'test_data_suite_oid': '6809839e9090eed3decccd14', 'test_data_suite_id': 'sdk_examples_pin-1.3', 'test_data_oid': '6809839e9090eed3decccd1d', 'test_data_id': 'pin-only_24_maximal', 'xpaths': [{'xpath': 'PriorInformationNotice/cac:ProcurementProject/cac:AdditionalCommodityClassification/cbc:ItemClassificationCode', 'value': '79624000'}]}], 'is_covered': True, 'xpath_conditions': [{'xpath_condition': ""cbc:ItemClassificationCode[@listName='cpv']"", 'meets_xpath_condition': False}], 'message': None}"
56,2025-04-24 00:48:48.746065+00:00,"{'sdk_element_id': 'ND-ProcedurePlacePerformanceAdditionalInformation', 'sdk_element_title': None, 'sdk_element_xpath': '/*/cac:ProcurementProject/cac:RealizedLocation', 'test_data_xpaths': [{'test_data_suite_oid': '6809839e9090eed3decccd14', 'test_data_suite_id': 'sdk_examples_pin-1.3', 'test_data_oid': '6809839e9090eed3decccd16', 'test_data_id': 'pin-buyer_24', 'xpaths': [{'xpath': 'PriorInformationNotice/cac:ProcurementProject/cac:RealizedLocation', 'value': None}]}, {'test_data_suite_oid': '6809839e9090eed3decccd14', 'test_data_suite_id': 'sdk_examples_pin-1.3', 'test_data_oid': '6809839e9090eed3decccd17', 'test_data_id': 'pin-buyer_24_published', 'xpaths': [{'xpath': 'PriorInformationNotice/cac:ProcurementProject/cac:RealizedLocation', 'value': None}]}, {'test_data_suite_oid': '6809839e9090eed3decccd14', 'test_data_suite_id': 'sdk_examples_pin-1.3', 'test_data_oid': '6809839e9090eed3decccd18', 'test_data_id': 'qu-sy_25', 'xpaths': [{'xpath': 'PriorInformationNotice/cac:ProcurementProject/cac:RealizedLocation', 'value': None}]}, {'test_data_suite_oid': '6809839e9090eed3decccd14', 'test_data_suite_id': 'sdk_examples_pin-1.3', 'test_data_oid': '6809839e9090eed3decccd19', 'test_data_id': 'CEI', 'xpaths': [{'xpath': 'PriorInformationNotice/cac:ProcurementProject/cac:RealizedLocation', 'value': None}]}, {'test_data_suite_oid': '6809839e9090eed3decccd14', 'test_data_suite_id': 'sdk_examples_pin-1.3', 'test_data_oid': '6809839e9090eed3decccd1b', 'test_data_id': 'pin-only_81_FRA', 'xpaths': [{'xpath': 'PriorInformationNotice/cac:ProcurementProject/cac:RealizedLocation', 'value': None}]}, {'test_data_suite_oid': '6809839e9090eed3decccd14', 'test_data_suite_id': 'sdk_examples_pin-1.3', 'test_data_oid': '6809839e9090eed3decccd1c', 'test_data_id': 'pin-only_24_lots', 'xpaths': [{'xpath': 'PriorInformationNotice/cac:ProcurementProject/cac:RealizedLocation', 'value': None}]}, {'test_data_suite_oid': '6809839e9090eed3decccd14', 'test_data_suite_id': 'sdk_examples_pin-1.3', 'test_data_oid': '6809839e9090eed3decccd1d', 'test_data_id': 'pin-only_24_maximal', 'xpaths': [{'xpath': 'PriorInformationNotice/cac:ProcurementProject/cac:RealizedLocation', 'value': None}, {'xpath': 'PriorInformationNotice/cac:ProcurementProject/cac:RealizedLocation', 'value': None}]}, {'test_data_suite_oid': '6809839e9090eed3decccd14', 'test_data_suite_id': 'sdk_examples_pin-1.3', 'test_data_oid': '6809839e9090eed3decccd1e', 'test_data_id': 'pin-only_fin-reg', 'xpaths': [{'xpath': 'PriorInformationNotice/cac:ProcurementProject/cac:RealizedLocation', 'value': None}]}, {'test_data_suite_oid': '6809839e9090eed3decccd14', 'test_data_suite_id': 'sdk_examples_pin-1.3', 'test_data_oid': '6809839e9090eed3decccd1f', 'test_data_id': 'pin-only_81', 'xpaths': [{'xpath': 'PriorInformationNotice/cac:ProcurementProject/cac:RealizedLocation', 'value': None}]}, {'test_data_suite_oid': '6809839e9090eed3decccd14', 'test_data_suite_id': 'sdk_examples_pin-1.3', 'test_data_oid': '6809839e9090eed3decccd21', 'test_data_id': 'pin-only_24', 'xpaths': [{'xpath': 'PriorInformationNotice/cac:ProcurementProject/cac:RealizedLocation', 'value': None}]}], 'is_covered': True, 'xpath_conditions': [{'xpath_condition': '', 'meets_xpath_condition': True}], 'message': None}"
57,2025-04-24 00:48:48.746065+00:00,"{'sdk_element_id': 'ND-ProcedurePlacePerformance', 'sdk_element_title': None, 'sdk_element_xpath': '/*/cac:ProcurementProject/cac:RealizedLocation/cac:Address', 'test_data_xpaths': [{'test_data_suite_oid': '6809839e9090eed3decccd14', 'test_data_suite_id': 'sdk_examples_pin-1.3', 'test_data_oid': '6809839e9090eed3decccd16', 'test_data_id': 'pin-buyer_24', 'xpaths': [{'xpath': 'PriorInformationNotice/cac:ProcurementProject/cac:RealizedLocation/cac:Address', 'value': None}]}, {'test_data_suite_oid': '6809839e9090eed3decccd14', 'test_data_suite_id': 'sdk_examples_pin-1.3', 'test_data_oid': '6809839e9090eed3decccd17', 'test_data_id': 'pin-buyer_24_published', 'xpaths': [{'xpath': 'PriorInformationNotice/cac:ProcurementProject/cac:RealizedLocation/cac:Address', 'value': None}]}, {'test_data_suite_oid': '6809839e9090eed3decccd14', 'test_data_suite_id': 'sdk_examples_pin-1.3', 'test_data_oid': '6809839e9090eed3decccd18', 'test_data_id': 'qu-sy_25', 'xpaths': [{'xpath': 'PriorInformationNotice/cac:ProcurementProject/cac:RealizedLocation/cac:Address', 'value': None}]}, {'test_data_suite_oid': '6809839e9090eed3decccd14', 'test_data_suite_id': 'sdk_examples_pin-1.3', 'test_data_oid': '6809839e9090eed3decccd19', 'test_data_id': 'CEI', 'xpaths': [{'xpath': 'PriorInformationNotice/cac:ProcurementProject/cac:RealizedLocation/cac:Address', 'value': None}]}, {'test_data_suite_oid': '6809839e9090eed3decccd14', 'test_data_suite_id': 'sdk_examples_pin-1.3', 'test_data_oid': '6809839e9090eed3decccd1b', 'test_data_id': 'pin-only_81_FRA', 'xpaths': [{'xpath': 'PriorInformationNotice/cac:ProcurementProject/cac:RealizedLocation/cac:Address', 'value': None}]}, {'test_data_suite_oid': '6809839e9090eed3decccd14', 'test_data_suite_id': 'sdk_examples_pin-1.3', 'test_data_oid': '6809839e9090eed3decccd1c', 'test_data_id': 'pin-only_24_lots', 'xpaths': [{'xpath': 'PriorInformationNotice/cac:ProcurementProject/cac:RealizedLocation/cac:Address', 'value': None}]}, {'test_data_suite_oid': '6809839e9090eed3decccd14', 'test_data_suite_id': 'sdk_examples_pin-1.3', 'test_data_oid': '6809839e9090eed3decccd1d', 'test_data_id': 'pin-only_24_maximal', 'xpaths': [{'xpath': 'PriorInformationNotice/cac:ProcurementProject/cac:RealizedLocation/cac:Address', 'value': None}, {'xpath': 'PriorInformationNotice/cac:ProcurementProject/cac:RealizedLocation/cac:Address', 'value': None}]}, {'test_data_suite_oid': '6809839e9090eed3decccd14', 'test_data_suite_id': 'sdk_examples_pin-1.3', 'test_data_oid': '6809839e9090eed3decccd1e', 'test_data_id': 'pin-only_fin-reg', 'xpaths': [{'xpath': 'PriorInformationNotice/cac:ProcurementProject/cac:RealizedLocation/cac:Address', 'value': None}]}, {'test_data_suite_oid': '6809839e9090eed3decccd14', 'test_data_suite_id': 'sdk_examples_pin-1.3', 'test_data_oid': '6809839e9090eed3decccd1f', 'test_data_id': 'pin-only_81', 'xpaths': [{'xpath': 'PriorInformationNotice/cac:ProcurementProject/cac:RealizedLocation/cac:Address', 'value': None}]}, {'test_data_suite_oid': '6809839e9090eed3decccd14', 'test_data_suite_id': 'sdk_examples_pin-1.3', 'test_data_oid': '6809839e9090eed3decccd21', 'test_data_id': 'pin-only_24', 'xpaths': [{'xpath': 'PriorInformationNotice/cac:ProcurementProject/cac:RealizedLocation/cac:Address', 'value': None}]}], 'is_covered': True, 'xpath_conditions': [{'xpath_condition': '', 'meets_xpath_condition': True}], 'message': None}"
58,2025-04-24 00:48:48.746065+00:00,"{'sdk_element_id': 'BT-5101(a)-Procedure', 'sdk_element_title': 'Place Performance Street', 'sdk_element_xpath': '/*/cac:ProcurementProject/cac:RealizedLocation/cac:Address/cbc:StreetName', 'test_data_xpaths': [{'test_data_suite_oid': '6809839e9090eed3decccd14', 'test_data_suite_id': 'sdk_examples_pin-1.3', 'test_data_oid': '6809839e9090eed3decccd1d', 'test_data_id': 'pin-only_24_maximal', 'xpaths': [{'xpath': 'PriorInformationNotice/cac:ProcurementProject/cac:RealizedLocation/cac:Address/cbc:StreetName', 'value': 'Bruce Wayne House'}]}, {'test_data_suite_oid': '6809839e9090eed3decccd14', 'test_data_suite_id': 'sdk_examples_pin-1.3', 'test_data_oid': '6809839e9090eed3decccd1e', 'test_data_id': 'pin-only_fin-reg', 'xpaths': [{'xpath': 'PriorInformationNotice/cac:ProcurementProject/cac:RealizedLocation/cac:Address/cbc:StreetName', 'value': 'RealizedLocStreet1234'}]}, {'test_data_suite_oid': '6809839e9090eed3decccd14', 'test_data_suite_id': 'sdk_examples_pin-1.3', 'test_data_oid': '6809839e9090eed3decccd21', 'test_data_id': 'pin-only_24', 'xpaths': [{'xpath': 'PriorInformationNotice/cac:ProcurementProject/cac:RealizedLocation/cac:Address/cbc:StreetName', 'value': 'RealizedLocStreet1234'}]}], 'is_covered': True, 'xpath_conditions': [{'xpath_condition': '', 'meets_xpath_condition': True}], 'message': None}"
59,2025-04-24 00:48:48.746065+00:00,"{'sdk_element_id': 'BT-5101(b)-Procedure', 'sdk_element_title': 'Place Performance Streetline 1', 'sdk_element_xpath': '/*/cac:ProcurementProject/cac:RealizedLocation/cac:Address/cbc:AdditionalStreetName', 'test_data_xpaths': [{'test_data_suite_oid': '6809839e9090eed3decccd14', 'test_data_suite_id': 'sdk_examples_pin-1.3', 'test_data_oid': '6809839e9090eed3decccd1d', 'test_data_id': 'pin-only_24_maximal', 'xpaths': [{'xpath': 'PriorInformationNotice/cac:ProcurementProject/cac:RealizedLocation/cac:Address/cbc:AdditionalStreetName', 'value': '2 Gotham Street'}]}, {'test_data_suite_oid': '6809839e9090eed3decccd14', 'test_data_suite_id': 'sdk_examples_pin-1.3', 'test_data_oid': '6809839e9090eed3decccd21', 'test_data_id': 'pin-only_24', 'xpaths': [{'xpath': 'PriorInformationNotice/cac:ProcurementProject/cac:RealizedLocation/cac:Address/cbc:AdditionalStreetName', 'value': 'RealizedLocAdditionalStreet1234'}]}], 'is_covered': True, 'xpath_conditions': [{'xpath_condition': '', 'meets_xpath_condition': True}], 'message': None}"
60,2025-04-24 00:48:48.746065+00:00,"{'sdk_element_id': 'BT-5101(c)-Procedure', 'sdk_element_title': 'Place Performance Streetline 2', 'sdk_element_xpath': '/*/cac:ProcurementProject/cac:RealizedLocation/cac:Address/cac:AddressLine/cbc:Line', 'test_data_xpaths': [{'test_data_suite_oid': '6809839e9090eed3decccd14', 'test_data_suite_id': 'sdk_examples_pin-1.3', 'test_data_oid': '6809839e9090eed3decccd21', 'test_data_id': 'pin-only_24', 'xpaths': [{'xpath': 'PriorInformationNotice/cac:ProcurementProject/cac:RealizedLocation/cac:Address/cac:AddressLine/cbc:Line', 'value': 'RealizedLocAddressLine1234'}]}], 'is_covered': True, 'xpath_conditions': [{'xpath_condition': '', 'meets_xpath_condition': True}], 'message': None}"
61,2025-04-24 00:48:48.746065+00:00,"{'sdk_element_id': 'BT-5131-Procedure', 'sdk_element_title': 'Place Performance City', 'sdk_element_xpath': '/*/cac:ProcurementProject/cac:RealizedLocation/cac:Address/cbc:CityName', 'test_data_xpaths': [{'test_data_suite_oid': '6809839e9090eed3decccd14', 'test_data_suite_id': 'sdk_examples_pin-1.3', 'test_data_oid': '6809839e9090eed3decccd1d', 'test_data_id': 'pin-only_24_maximal', 'xpaths': [{'xpath': 'PriorInformationNotice/cac:ProcurementProject/cac:RealizedLocation/cac:Address/cbc:CityName', 'value': 'London'}]}, {'test_data_suite_oid': '6809839e9090eed3decccd14', 'test_data_suite_id': 'sdk_examples_pin-1.3', 'test_data_oid': '6809839e9090eed3decccd1e', 'test_data_id': 'pin-only_fin-reg', 'xpaths': [{'xpath': 'PriorInformationNotice/cac:ProcurementProject/cac:RealizedLocation/cac:Address/cbc:CityName', 'value': 'RealizedLocCity1234'}]}, {'test_data_suite_oid': '6809839e9090eed3decccd14', 'test_data_suite_id': 'sdk_examples_pin-1.3', 'test_data_oid': '6809839e9090eed3decccd21', 'test_data_id': 'pin-only_24', 'xpaths': [{'xpath': 'PriorInformationNotice/cac:ProcurementProject/cac:RealizedLocation/cac:Address/cbc:CityName', 'value': 'RealizedLocCity1234'}]}], 'is_covered': True, 'xpath_conditions': [{'xpath_condition': '', 'meets_xpath_condition': True}, {'xpath_condition': 'exists(cbc:StreetName) or exists(cbc:AdditionalStreetName) or exists(cac:AddressLine/cbc:Line)', 'meets_xpath_condition': True}], 'message': None}"
62,2025-04-24 00:48:48.746065+00:00,"{'sdk_element_id': 'BT-5121-Procedure', 'sdk_element_title': 'Place Performance Post Code', 'sdk_element_xpath': '/*/cac:ProcurementProject/cac:RealizedLocation/cac:Address/cbc:PostalZone', 'test_data_xpaths': [{'test_data_suite_oid': '6809839e9090eed3decccd14', 'test_data_suite_id': 'sdk_examples_pin-1.3', 'test_data_oid': '6809839e9090eed3decccd1d', 'test_data_id': 'pin-only_24_maximal', 'xpaths': [{'xpath': 'PriorInformationNotice/cac:ProcurementProject/cac:RealizedLocation/cac:Address/cbc:PostalZone', 'value': 'N1 9FL'}]}, {'test_data_suite_oid': '6809839e9090eed3decccd14', 'test_data_suite_id': 'sdk_examples_pin-1.3', 'test_data_oid': '6809839e9090eed3decccd1e', 'test_data_id': 'pin-only_fin-reg', 'xpaths': [{'xpath': 'PriorInformationNotice/cac:ProcurementProject/cac:RealizedLocation/cac:Address/cbc:PostalZone', 'value': 'RealizedLocPostalZone1234'}]}, {'test_data_suite_oid': '6809839e9090eed3decccd14', 'test_data_suite_id': 'sdk_examples_pin-1.3', 'test_data_oid': '6809839e9090eed3decccd21', 'test_data_id': 'pin-only_24', 'xpaths': [{'xpath': 'PriorInformationNotice/cac:ProcurementProject/cac:RealizedLocation/cac:Address/cbc:PostalZone', 'value': 'RealizedLocPostalZone1234'}]}], 'is_covered': True, 'xpath_conditions': [{'xpath_condition': '', 'meets_xpath_condition': True}, {'xpath_condition': 'exists(cbc:StreetName) or exists(cbc:AdditionalStreetName) or exists(cac:AddressLine/cbc:Line)', 'meets_xpath_condition': True}], 'message': None}"
63,2025-04-24 00:48:48.746065+00:00,"{'sdk_element_id': 'BT-5071-Procedure', 'sdk_element_title': 'Place Performance Country Subdivision', 'sdk_element_xpath': '/*/cac:ProcurementProject/cac:RealizedLocation/cac:Address/cbc:CountrySubentityCode', 'test_data_xpaths': [{'test_data_suite_oid': '6809839e9090eed3decccd14', 'test_data_suite_id': 'sdk_examples_pin-1.3', 'test_data_oid': '6809839e9090eed3decccd16', 'test_data_id': 'pin-buyer_24', 'xpaths': [{'xpath': 'PriorInformationNotice/cac:ProcurementProject/cac:RealizedLocation/cac:Address/cbc:CountrySubentityCode', 'value': 'ITC33'}]}, {'test_data_suite_oid': '6809839e9090eed3decccd14', 'test_data_suite_id': 'sdk_examples_pin-1.3', 'test_data_oid': '6809839e9090eed3decccd17', 'test_data_id': 'pin-buyer_24_published', 'xpaths': [{'xpath': 'PriorInformationNotice/cac:ProcurementProject/cac:RealizedLocation/cac:Address/cbc:CountrySubentityCode', 'value': 'ITC33'}]}, {'test_data_suite_oid': '6809839e9090eed3decccd14', 'test_data_suite_id': 'sdk_examples_pin-1.3', 'test_data_oid': '6809839e9090eed3decccd18', 'test_data_id': 'qu-sy_25', 'xpaths': [{'xpath': 'PriorInformationNotice/cac:ProcurementProject/cac:RealizedLocation/cac:Address/cbc:CountrySubentityCode', 'value': 'ITC47'}]}, {'test_data_suite_oid': '6809839e9090eed3decccd14', 'test_data_suite_id': 'sdk_examples_pin-1.3', 'test_data_oid': '6809839e9090eed3decccd19', 'test_data_id': 'CEI', 'xpaths': [{'xpath': 'PriorInformationNotice/cac:ProcurementProject/cac:RealizedLocation/cac:Address/cbc:CountrySubentityCode', 'value': 'BE100'}]}, {'test_data_suite_oid': '6809839e9090eed3decccd14', 'test_data_suite_id': 'sdk_examples_pin-1.3', 'test_data_oid': '6809839e9090eed3decccd1d', 'test_data_id': 'pin-only_24_maximal', 'xpaths': [{'xpath': 'PriorInformationNotice/cac:ProcurementProject/cac:RealizedLocation/cac:Address/cbc:CountrySubentityCode', 'value': 'UKI62'}]}, {'test_data_suite_oid': '6809839e9090eed3decccd14', 'test_data_suite_id': 'sdk_examples_pin-1.3', 'test_data_oid': '6809839e9090eed3decccd1e', 'test_data_id': 'pin-only_fin-reg', 'xpaths': [{'xpath': 'PriorInformationNotice/cac:ProcurementProject/cac:RealizedLocation/cac:Address/cbc:CountrySubentityCode', 'value': 'DE123'}]}, {'test_data_suite_oid': '6809839e9090eed3decccd14', 'test_data_suite_id': 'sdk_examples_pin-1.3', 'test_data_oid': '6809839e9090eed3decccd21', 'test_data_id': 'pin-only_24', 'xpaths': [{'xpath': 'PriorInformationNotice/cac:ProcurementProject/cac:RealizedLocation/cac:Address/cbc:CountrySubentityCode', 'value': 'DE123'}]}], 'is_covered': True, 'xpath_conditions': [{'xpath_condition': '', 'meets_xpath_condition': True}], 'message': None}"
64,2025-04-24 00:48:48.746065+00:00,"{'sdk_element_id': 'BT-5141-Procedure', 'sdk_element_title': 'Place Performance Country Code', 'sdk_element_xpath': '/*/cac:ProcurementProject/cac:RealizedLocation/cac:Address/cac:Country/cbc:IdentificationCode', 'test_data_xpaths': [{'test_data_suite_oid': '6809839e9090eed3decccd14', 'test_data_suite_id': 'sdk_examples_pin-1.3', 'test_data_oid': '6809839e9090eed3decccd16', 'test_data_id': 'pin-buyer_24', 'xpaths': [{'xpath': 'PriorInformationNotice/cac:ProcurementProject/cac:RealizedLocation/cac:Address/cac:Country/cbc:IdentificationCode', 'value': 'GBR'}]}, {'test_data_suite_oid': '6809839e9090eed3decccd14', 'test_data_suite_id': 'sdk_examples_pin-1.3', 'test_data_oid': '6809839e9090eed3decccd17', 'test_data_id': 'pin-buyer_24_published', 'xpaths': [{'xpath': 'PriorInformationNotice/cac:ProcurementProject/cac:RealizedLocation/cac:Address/cac:Country/cbc:IdentificationCode', 'value': 'GBR'}]}, {'test_data_suite_oid': '6809839e9090eed3decccd14', 'test_data_suite_id': 'sdk_examples_pin-1.3', 'test_data_oid': '6809839e9090eed3decccd18', 'test_data_id': 'qu-sy_25', 'xpaths': [{'xpath': 'PriorInformationNotice/cac:ProcurementProject/cac:RealizedLocation/cac:Address/cac:Country/cbc:IdentificationCode', 'value': 'ITA'}]}, {'test_data_suite_oid': '6809839e9090eed3decccd14', 'test_data_suite_id': 'sdk_examples_pin-1.3', 'test_data_oid': '6809839e9090eed3decccd19', 'test_data_id': 'CEI', 'xpaths': [{'xpath': 'PriorInformationNotice/cac:ProcurementProject/cac:RealizedLocation/cac:Address/cac:Country/cbc:IdentificationCode', 'value': 'BEL'}]}, {'test_data_suite_oid': '6809839e9090eed3decccd14', 'test_data_suite_id': 'sdk_examples_pin-1.3', 'test_data_oid': '6809839e9090eed3decccd1b', 'test_data_id': 'pin-only_81_FRA', 'xpaths': [{'xpath': 'PriorInformationNotice/cac:ProcurementProject/cac:RealizedLocation/cac:Address/cac:Country/cbc:IdentificationCode', 'value': 'FRA'}]}, {'test_data_suite_oid': '6809839e9090eed3decccd14', 'test_data_suite_id': 'sdk_examples_pin-1.3', 'test_data_oid': '6809839e9090eed3decccd1c', 'test_data_id': 'pin-only_24_lots', 'xpaths': [{'xpath': 'PriorInformationNotice/cac:ProcurementProject/cac:RealizedLocation/cac:Address/cac:Country/cbc:IdentificationCode', 'value': 'GBR'}]}, {'test_data_suite_oid': '6809839e9090eed3decccd14', 'test_data_suite_id': 'sdk_examples_pin-1.3', 'test_data_oid': '6809839e9090eed3decccd1d', 'test_data_id': 'pin-only_24_maximal', 'xpaths': [{'xpath': 'PriorInformationNotice/cac:ProcurementProject/cac:RealizedLocation/cac:Address/cac:Country/cbc:IdentificationCode', 'value': 'GBR'}]}, {'test_data_suite_oid': '6809839e9090eed3decccd14', 'test_data_suite_id': 'sdk_examples_pin-1.3', 'test_data_oid': '6809839e9090eed3decccd1e', 'test_data_id': 'pin-only_fin-reg', 'xpaths': [{'xpath': 'PriorInformationNotice/cac:ProcurementProject/cac:RealizedLocation/cac:Address/cac:Country/cbc:IdentificationCode', 'value': 'DEU'}]}, {'test_data_suite_oid': '6809839e9090eed3decccd14', 'test_data_suite_id': 'sdk_examples_pin-1.3', 'test_data_oid': '6809839e9090eed3decccd1f', 'test_data_id': 'pin-only_81', 'xpaths': [{'xpath': 'PriorInformationNotice/cac:ProcurementProject/cac:RealizedLocation/cac:Address/cac:Country/cbc:IdentificationCode', 'value': 'GBR'}]}, {'test_data_suite_oid': '6809839e9090eed3decccd14', 'test_data_suite_id': 'sdk_examples_pin-1.3', 'test_data_oid': '6809839e9090eed3decccd21', 'test_data_id': 'pin-only_24', 'xpaths': [{'xpath': 'PriorInformationNotice/cac:ProcurementProject/cac:RealizedLocation/cac:Address/cac:Country/cbc:IdentificationCode', 'value': 'DEU'}]}], 'is_covered': True, 'xpath_conditions': [{'xpath_condition': '', 'meets_xpath_condition': True}, {'xpath_condition': 'exists(cbc:StreetName) or exists(cbc:AdditionalStreetName) or exists(cac:AddressLine/cbc:Line)', 'meets_xpath_condition': True}], 'message': None}"
65,2025-04-24 00:48:48.746065+00:00,"{'sdk_element_id': 'BT-727-Procedure', 'sdk_element_title': 'Place Performance Services Other', 'sdk_element_xpath': '/*/cac:ProcurementProject/cac:RealizedLocation/cac:Address/cbc:Region', 'test_data_xpaths': [{'test_data_suite_oid': '6809839e9090eed3decccd14', 'test_data_suite_id': 'sdk_examples_pin-1.3', 'test_data_oid': '6809839e9090eed3decccd1b', 'test_data_id': 'pin-only_81_FRA', 'xpaths': [{'xpath': 'PriorInformationNotice/cac:ProcurementProject/cac:RealizedLocation/cac:Address/cbc:Region', 'value': 'anyw-cou'}]}, {'test_data_suite_oid': '6809839e9090eed3decccd14', 'test_data_suite_id': 'sdk_examples_pin-1.3', 'test_data_oid': '6809839e9090eed3decccd1c', 'test_data_id': 'pin-only_24_lots', 'xpaths': [{'xpath': 'PriorInformationNotice/cac:ProcurementProject/cac:RealizedLocation/cac:Address/cbc:Region', 'value': 'anyw-cou'}]}, {'test_data_suite_oid': '6809839e9090eed3decccd14', 'test_data_suite_id': 'sdk_examples_pin-1.3', 'test_data_oid': '6809839e9090eed3decccd1d', 'test_data_id': 'pin-only_24_maximal', 'xpaths': [{'xpath': 'PriorInformationNotice/cac:ProcurementProject/cac:RealizedLocation/cac:Address/cbc:Region', 'value': 'anyw-eea'}]}, {'test_data_suite_oid': '6809839e9090eed3decccd14', 'test_data_suite_id': 'sdk_examples_pin-1.3', 'test_data_oid': '6809839e9090eed3decccd1f', 'test_data_id': 'pin-only_81', 'xpaths': [{'xpath': 'PriorInformationNotice/cac:ProcurementProject/cac:RealizedLocation/cac:Address/cbc:Region', 'value': 'anyw-cou'}]}], 'is_covered': True, 'xpath_conditions': [{'xpath_condition': '', 'meets_xpath_condition': True}], 'message': None}"
66,2025-04-24 00:48:48.746065+00:00,"{'sdk_element_id': 'BT-728-Procedure', 'sdk_element_title': 'Place Performance Additional Information', 'sdk_element_xpath': '/*/cac:ProcurementProject/cac:RealizedLocation/cbc:Description', 'test_data_xpaths': [{'test_data_suite_oid': '6809839e9090eed3decccd14', 'test_data_suite_id': 'sdk_examples_pin-1.3', 'test_data_oid': '6809839e9090eed3decccd18', 'test_data_id': 'qu-sy_25', 'xpaths': [{'xpath': 'PriorInformationNotice/cac:ProcurementProject/cac:RealizedLocation/cbc:Description', 'value': 'Comuni della Provincia di Brescia il cui elenco è disponibile al link https://www.acquebresciane.it/public/acquebresciane-portal/home/societa/comuni-gestiti.'}]}, {'test_data_suite_oid': '6809839e9090eed3decccd14', 'test_data_suite_id': 'sdk_examples_pin-1.3', 'test_data_oid': '6809839e9090eed3decccd1d', 'test_data_id': 'pin-only_24_maximal', 'xpaths': [{'xpath': 'PriorInformationNotice/cac:ProcurementProject/cac:RealizedLocation/cbc:Description', 'value': 'The main location is ...'}, {'xpath': 'PriorInformationNotice/cac:ProcurementProject/cac:RealizedLocation/cbc:Description', 'value': 'Additional information ---'}]}, {'test_data_suite_oid': '6809839e9090eed3decccd14', 'test_data_suite_id': 'sdk_examples_pin-1.3', 'test_data_oid': '6809839e9090eed3decccd1e', 'test_data_id': 'pin-only_fin-reg', 'xpaths': [{'xpath': 'PriorInformationNotice/cac:ProcurementProject/cac:RealizedLocation/cbc:Description', 'value': 'RealizedLocDesc1234'}]}, {'test_data_suite_oid': '6809839e9090eed3decccd14', 'test_data_suite_id': 'sdk_examples_pin-1.3', 'test_data_oid': '6809839e9090eed3decccd21', 'test_data_id': 'pin-only_24', 'xpaths': [{'xpath': 'PriorInformationNotice/cac:ProcurementProject/cac:RealizedLocation/cbc:Description', 'value': 'RealizedLocDesc1234'}]}], 'is_covered': True, 'xpath_conditions': [{'xpath_condition': '', 'meets_xpath_condition': True}], 'message': None}"
67,2025-04-24 00:48:48.746065+00:00,"{'sdk_element_id': 'ND-TendererQualificationRequest', 'sdk_element_title': None, 'sdk_element_xpath': '/*/cac:TenderingTerms/cac:TendererQualificationRequest', 'test_data_xpaths': [{'test_data_suite_oid': '6809839e9090eed3decccd14', 'test_data_suite_id': 'sdk_examples_pin-1.3', 'test_data_oid': '6809839e9090eed3decccd19', 'test_data_id': 'CEI', 'xpaths': [{'xpath': 'PriorInformationNotice/cac:TenderingTerms/cac:TendererQualificationRequest', 'value': None}]}], 'is_covered': True, 'xpath_conditions': [{'xpath_condition': '', 'meets_xpath_condition': True}], 'message': None}"
68,2025-04-24 00:48:48.746065+00:00,"{'sdk_element_id': 'ND-ExclusionGrounds', 'sdk_element_title': None, 'sdk_element_xpath': '/*/cac:TenderingTerms/cac:TendererQualificationRequest/cac:SpecificTendererRequirement', 'test_data_xpaths': [{'test_data_suite_oid': '6809839e9090eed3decccd14', 'test_data_suite_id': 'sdk_examples_pin-1.3', 'test_data_oid': '6809839e9090eed3decccd19', 'test_data_id': 'CEI', 'xpaths': [{'xpath': 'PriorInformationNotice/cac:TenderingTerms/cac:TendererQualificationRequest/cac:SpecificTendererRequirement', 'value': None}]}], 'is_covered': True, 'xpath_conditions': [{'xpath_condition': '', 'meets_xpath_condition': True}], 'message': None}"
69,2025-04-24 00:48:48.746065+00:00,"{'sdk_element_id': 'BT-67(a)-Procedure', 'sdk_element_title': 'Exclusion Grounds', 'sdk_element_xpath': ""/*/cac:TenderingTerms/cac:TendererQualificationRequest/cac:SpecificTendererRequirement/cbc:TendererRequirementTypeCode[@listName='exclusion-ground']"", 'test_data_xpaths': [{'test_data_suite_oid': '6809839e9090eed3decccd14', 'test_data_suite_id': 'sdk_examples_pin-1.3', 'test_data_oid': '6809839e9090eed3decccd19', 'test_data_id': 'CEI', 'xpaths': [{'xpath': 'PriorInformationNotice/cac:TenderingTerms/cac:TendererQualificationRequest/cac:SpecificTendererRequirement/cbc:TendererRequirementTypeCode', 'value': 'bankruptcy'}]}], 'is_covered': True, 'xpath_conditions': [{'xpath_condition': '', 'meets_xpath_condition': True}], 'message': None}"
70,2025-04-24 00:48:48.746065+00:00,"{'sdk_element_id': 'BT-67(b)-Procedure', 'sdk_element_title': 'Exclusion Grounds', 'sdk_element_xpath': '/*/cac:TenderingTerms/cac:TendererQualificationRequest/cac:SpecificTendererRequirement/cbc:Description', 'test_data_xpaths': [{'test_data_suite_oid': '6809839e9090eed3decccd14', 'test_data_suite_id': 'sdk_examples_pin-1.3', 'test_data_oid': '6809839e9090eed3decccd19', 'test_data_id': 'CEI', 'xpaths': [{'xpath': 'PriorInformationNotice/cac:TenderingTerms/cac:TendererQualificationRequest/cac:SpecificTendererRequirement/cbc:Description', 'value': 'Applicants shall be excluded from participating in a contract if:\n(a) they are bankrupt, being wound up or have suspended business activities, their affairs are being administered by the court, they have entered into an arrangement with creditors or similar measures or are the subject of any proceedings of that nature, or are in any analogous situation arising from a similar procedure provided for in national legislation or regulations;\n(b) they have been convicted of an offence concerning their professional conduct by a judgment which is not open to appeal;\n(c) they have been guilty of grave professional misconduct;\n(d) they have not fulfilled obligations relating to the payment of social security contributions or taxes;\n(e) they are guilty of serious misrepresentation in supplying the information required by the authorizing department.'}]}], 'is_covered': True, 'xpath_conditions': [{'xpath_condition': '', 'meets_xpath_condition': True}], 'message': None}"
71,2025-04-24 00:48:48.746065+00:00,"{'sdk_element_id': 'ND-CrossBorderLaw', 'sdk_element_title': None, 'sdk_element_xpath': ""/*/cac:TenderingTerms/cac:ProcurementLegislationDocumentReference[cbc:ID/text()='CrossBorderLaw']"", 'test_data_xpaths': [], 'is_covered': False, 'xpath_conditions': [{'xpath_condition': '', 'meets_xpath_condition': True}], 'message': None}"
72,2025-04-24 00:48:48.746065+00:00,"{'sdk_element_id': 'BT-09(a)-Procedure', 'sdk_element_title': 'Cross Border Law', 'sdk_element_xpath': ""/*/cac:TenderingTerms/cac:ProcurementLegislationDocumentReference[cbc:ID/text()='CrossBorderLaw']/cbc:ID[text()='CrossBorderLaw']"", 'test_data_xpaths': [], 'is_covered': False, 'xpath_conditions': [{'xpath_condition': ""not( exists(ext:UBLExtensions/ext:UBLExtension/ext:ExtensionContent/efext:EformsExtension/efac:FieldsPrivacy[efbc:FieldIdentifierCode/text()='cro-bor-law']) and cbc:ID/text() = 'unpublished' )"", 'meets_xpath_condition': True}], 'message': None}"
73,2025-04-24 00:48:48.746065+00:00,"{'sdk_element_id': 'BT-09(b)-Procedure', 'sdk_element_title': 'Cross Border Law Description', 'sdk_element_xpath': ""/*/cac:TenderingTerms/cac:ProcurementLegislationDocumentReference[cbc:ID/text()='CrossBorderLaw']/cbc:DocumentDescription"", 'test_data_xpaths': [], 'is_covered': False, 'xpath_conditions': [{'xpath_condition': ""not( exists(ext:UBLExtensions/ext:UBLExtension/ext:ExtensionContent/efext:EformsExtension/efac:FieldsPrivacy[efbc:FieldIdentifierCode/text()='cro-bor-law']) and cbc:DocumentDescription/text() = 'unpublished' )"", 'meets_xpath_condition': True}], 'message': None}"
74,2025-04-24 00:48:48.746065+00:00,"{'sdk_element_id': 'ND-LotDistribution', 'sdk_element_title': None, 'sdk_element_xpath': '/*/cac:TenderingTerms/cac:LotDistribution', 'test_data_xpaths': [{'test_data_suite_oid': '6809839e9090eed3decccd14', 'test_data_suite_id': 'sdk_examples_pin-1.3', 'test_data_oid': '6809839e9090eed3decccd1a', 'test_data_id': 'pin-cfc_25', 'xpaths': [{'xpath': 'PriorInformationNotice/cac:TenderingTerms/cac:LotDistribution', 'value': None}]}], 'is_covered': True, 'xpath_conditions': [{'xpath_condition': '', 'meets_xpath_condition': True}], 'message': None}"
75,2025-04-24 00:48:48.746065+00:00,"{'sdk_element_id': 'BT-31-Procedure', 'sdk_element_title': 'Lots Max Allowed', 'sdk_element_xpath': '/*/cac:TenderingTerms/cac:LotDistribution/cbc:MaximumLotsSubmittedNumeric', 'test_data_xpaths': [{'test_data_suite_oid': '6809839e9090eed3decccd14', 'test_data_suite_id': 'sdk_examples_pin-1.3', 'test_data_oid': '6809839e9090eed3decccd1a', 'test_data_id': 'pin-cfc_25', 'xpaths': [{'xpath': 'PriorInformationNotice/cac:TenderingTerms/cac:LotDistribution/cbc:MaximumLotsSubmittedNumeric', 'value': '2'}]}], 'is_covered': True, 'xpath_conditions': [{'xpath_condition': '', 'meets_xpath_condition': True}], 'message': None}"
76,2025-04-24 00:48:48.746065+00:00,"{'sdk_element_id': 'BT-33-Procedure', 'sdk_element_title': 'Lots Max Awarded', 'sdk_element_xpath': '/*/cac:TenderingTerms/cac:LotDistribution/cbc:MaximumLotsAwardedNumeric', 'test_data_xpaths': [{'test_data_suite_oid': '6809839e9090eed3decccd14', 'test_data_suite_id': 'sdk_examples_pin-1.3', 'test_data_oid': '6809839e9090eed3decccd1a', 'test_data_id': 'pin-cfc_25', 'xpaths': [{'xpath': 'PriorInformationNotice/cac:TenderingTerms/cac:LotDistribution/cbc:MaximumLotsAwardedNumeric', 'value': '2'}]}], 'is_covered': True, 'xpath_conditions': [{'xpath_condition': '', 'meets_xpath_condition': True}], 'message': None}"
77,2025-04-24 00:48:48.746065+00:00,"{'sdk_element_id': 'BT-634-Procedure', 'sdk_element_title': 'Procurement Relaunch', 'sdk_element_xpath': '/*/cac:TenderingProcess/ext:UBLExtensions/ext:UBLExtension/ext:ExtensionContent/efext:EformsExtension/efbc:ProcedureRelaunchIndicator', 'test_data_xpaths': [], 'is_covered': False, 'xpath_conditions': [{'xpath_condition': '', 'meets_xpath_condition': True}], 'message': None}"
78,2025-04-24 00:48:48.746065+00:00,"{'sdk_element_id': 'BT-88-Procedure', 'sdk_element_title': 'Procedure Features', 'sdk_element_xpath': '/*/cac:TenderingProcess/cbc:Description', 'test_data_xpaths': [], 'is_covered': False, 'xpath_conditions': [{'xpath_condition': ""not( exists(ext:UBLExtensions/ext:UBLExtension/ext:ExtensionContent/efext:EformsExtension/efac:FieldsPrivacy[efbc:FieldIdentifierCode/text()='pro-fea']) and cbc:Description/text() = 'unpublished' )"", 'meets_xpath_condition': True}], 'message': None}"
79,2025-04-24 00:48:48.746065+00:00,"{'sdk_element_id': 'BT-105-Procedure', 'sdk_element_title': 'Procedure Type', 'sdk_element_xpath': '/*/cac:TenderingProcess/cbc:ProcedureCode', 'test_data_xpaths': [{'test_data_suite_oid': '6809839e9090eed3decccd14', 'test_data_suite_id': 'sdk_examples_pin-1.3', 'test_data_oid': '6809839e9090eed3decccd15', 'test_data_id': 't01_PRT', 'xpaths': [{'xpath': 'PriorInformationNotice/cac:TenderingProcess/cbc:ProcedureCode', 'value': 'open'}]}, {'test_data_suite_oid': '6809839e9090eed3decccd14', 'test_data_suite_id': 'sdk_examples_pin-1.3', 'test_data_oid': '6809839e9090eed3decccd19', 'test_data_id': 'CEI', 'xpaths': [{'xpath': 'PriorInformationNotice/cac:TenderingProcess/cbc:ProcedureCode', 'value': 'restricted'}]}, {'test_data_suite_oid': '6809839e9090eed3decccd14', 'test_data_suite_id': 'sdk_examples_pin-1.3', 'test_data_oid': '6809839e9090eed3decccd1a', 'test_data_id': 'pin-cfc_25', 'xpaths': [{'xpath': 'PriorInformationNotice/cac:TenderingProcess/cbc:ProcedureCode', 'value': 'neg-w-call'}]}], 'is_covered': True, 'xpath_conditions': [{'xpath_condition': ""not( exists(ext:UBLExtensions/ext:UBLExtension/ext:ExtensionContent/efext:EformsExtension/efac:FieldsPrivacy[efbc:FieldIdentifierCode/text()='pro-typ']) and cbc:ProcedureCode/text() = 'unpublished' )"", 'meets_xpath_condition': True}], 'message': None}"
80,2025-04-24 00:48:48.746065+00:00,"{'sdk_element_id': 'ND-AcceleratedProcedureJustification', 'sdk_element_title': None, 'sdk_element_xpath': '/*/cac:TenderingProcess/cac:ProcessJustification', 'test_data_xpaths': [], 'is_covered': False, 'xpath_conditions': [{'xpath_condition': '', 'meets_xpath_condition': True}], 'message': None}"
81,2025-04-24 00:48:48.746065+00:00,"{'sdk_element_id': 'BT-106-Procedure', 'sdk_element_title': 'Procedure Accelerated', 'sdk_element_xpath': ""/*/cac:TenderingProcess/cac:ProcessJustification/cbc:ProcessReasonCode[@listName='accelerated-procedure']"", 'test_data_xpaths': [], 'is_covered': False, 'xpath_conditions': [{'xpath_condition': ""not( exists(ext:UBLExtensions/ext:UBLExtension/ext:ExtensionContent/efext:EformsExtension/efac:FieldsPrivacy[efbc:FieldIdentifierCode/text()='pro-acc']) and cbc:ProcessReasonCode[@listName='accelerated-procedure']/text() = '0' )"", 'meets_xpath_condition': True}], 'message': None}"
82,2025-04-24 00:48:48.746065+00:00,"{'sdk_element_id': 'ND-AcceleratedProcedure', 'sdk_element_title': None, 'sdk_element_xpath': ""/*/cac:TenderingProcess/cac:ProcessJustification[cbc:ProcessReasonCode/@listName='accelerated-procedure']"", 'test_data_xpaths': [], 'is_covered': False, 'xpath_conditions': [{'xpath_condition': '', 'meets_xpath_condition': True}], 'message': None}"
83,2025-04-24 00:48:48.746065+00:00,"{'sdk_element_id': 'BT-1351-Procedure', 'sdk_element_title': 'Procedure Accelerated Justification', 'sdk_element_xpath': ""/*/cac:TenderingProcess/cac:ProcessJustification[cbc:ProcessReasonCode/@listName='accelerated-procedure']/cbc:ProcessReason"", 'test_data_xpaths': [], 'is_covered': False, 'xpath_conditions': [{'xpath_condition': ""not( exists(ext:UBLExtensions/ext:UBLExtension/ext:ExtensionContent/efext:EformsExtension/efac:FieldsPrivacy[efbc:FieldIdentifierCode/text()='pro-acc-jus']) and cbc:ProcessReason/text() = 'unpublished' )"", 'meets_xpath_condition': True}], 'message': None}"
84,2025-04-24 00:48:48.746065+00:00,"{'sdk_element_id': 'BT-763-Procedure', 'sdk_element_title': 'Lots All Required', 'sdk_element_xpath': '/*/cac:TenderingProcess/cbc:PartPresentationCode', 'test_data_xpaths': [], 'is_covered': False, 'xpath_conditions': [{'xpath_condition': 'cbc:PartPresentationCode/text()=""all""', 'meets_xpath_condition': True}], 'message': None}"
85,2025-04-24 00:48:48.746065+00:00,"{'sdk_element_id': 'BT-300-Procedure', 'sdk_element_title': 'Additional Information', 'sdk_element_xpath': '/*/cac:ProcurementProject/cbc:Note', 'test_data_xpaths': [{'test_data_suite_oid': '6809839e9090eed3decccd14', 'test_data_suite_id': 'sdk_examples_pin-1.3', 'test_data_oid': '6809839e9090eed3decccd15', 'test_data_id': 't01_PRT', 'xpaths': [{'xpath': 'PriorInformationNotice/cac:ProcurementProject/cbc:Note', 'value': 'Some additional information on the procurement ... blablabla'}]}, {'test_data_suite_oid': '6809839e9090eed3decccd14', 'test_data_suite_id': 'sdk_examples_pin-1.3', 'test_data_oid': '6809839e9090eed3decccd16', 'test_data_id': 'pin-buyer_24', 'xpaths': [{'xpath': 'PriorInformationNotice/cac:ProcurementProject/cbc:Note', 'value': ""Si richiede ad eventuali operatori economici che dispongano di soluzioni che ottemperino in maniera equivalente ai requisiti tecnici e prestazionali sopra indicati di presentare adeguata documentazione tecnico-scientifica entro e non oltre le ore 12:00 del giorno 23.4.2020 al seguente indirizzo e-mail: protocollo@pec.hsanmartino.it. Indicando: — gli estremi del mittente (ragione/denominazione sociale), indirizzo, numero di telefono, fax ed indirizzo di posta elettronica ove inviare eventuali comunicazioni, — la dicitura: «fornitura di materiale dedicato a ventilatore polmonare mod. Monnal T75». Il termine per la presentazione della documentazione è tassativo. Qualora entro il termine stabilito un concorrente presenti più plichi, gli stessi sono numerati secondo l'ordine di presentazione e verrà considerato valido soltanto l'ultimo. Per eventuali chiarimenti rivolgersi al responsabile del procedimento: — sig.ra Paola Rovegno — tel. +39 0105552612; paola.rovegno@hsanmartino.it, — dott.ssa Michela Mattera — +39 0105553063; michela.mattera@hsanmartino.it.""}]}, {'test_data_suite_oid': '6809839e9090eed3decccd14', 'test_data_suite_id': 'sdk_examples_pin-1.3', 'test_data_oid': '6809839e9090eed3decccd17', 'test_data_id': 'pin-buyer_24_published', 'xpaths': [{'xpath': 'PriorInformationNotice/cac:ProcurementProject/cbc:Note', 'value': ""Si richiede ad eventuali operatori economici che dispongano di soluzioni che ottemperino in maniera equivalente ai requisiti tecnici e prestazionali sopra indicati di presentare adeguata documentazione tecnico-scientifica entro e non oltre le ore 12:00 del giorno 23.4.2020 al seguente indirizzo e-mail: protocollo@pec.hsanmartino.it. Indicando: — gli estremi del mittente (ragione/denominazione sociale), indirizzo, numero di telefono, fax ed indirizzo di posta elettronica ove inviare eventuali comunicazioni, — la dicitura: «fornitura di materiale dedicato a ventilatore polmonare mod. Monnal T75». Il termine per la presentazione della documentazione è tassativo. Qualora entro il termine stabilito un concorrente presenti più plichi, gli stessi sono numerati secondo l'ordine di presentazione e verrà considerato valido soltanto l'ultimo. Per eventuali chiarimenti rivolgersi al responsabile del procedimento: — sig.ra Paola Rovegno — tel. +39 0105552612; paola.rovegno@hsanmartino.it, — dott.ssa Michela Mattera — +39 0105553063; michela.mattera@hsanmartino.it.""}]}, {'test_data_suite_oid': '6809839e9090eed3decccd14', 'test_data_suite_id': 'sdk_examples_pin-1.3', 'test_data_oid': '6809839e9090eed3decccd18', 'test_data_id': 'qu-sy_25', 'xpaths': [{'xpath': 'PriorInformationNotice/cac:ProcurementProject/cbc:Note', 'value': 'A) Controversie. Ai sensi e per gli effetti degli art. 119 e 120 del D.Lgs. 104/2010 e s.m.i. così come recentemente modificato dal codice dei contratti, mediante ricorso al Tribunale amministrativo regionale della Lombardia, sez. di Brescia. Per gli oneri e le tempistiche di impugnazione, posti a pena di inammissibilità del ricorso, si rinvia integralmente a quanto previsto dal predetto art. 120 del D.Lgs. 104/2010 e s.m.i. Tutte le controversie derivanti dall’esecuzione dei contratti afferenti al presente sistema di qualificazione, previo esperimento dei tentativi di transazione e di accordo bonario ai sensi degli art. 205 e 206 del Codice, saranno deferite alla giurisdizione dell’Autorità giudiziaria di Brescia, con esclusione della giurisdizione arbitrale. B) Riserva di aggiudicazione. Acque Bresciane si riserva la facoltà di non procedere agli inviti mediante procedure ristrette/negoziate ai sensi del presente regolamento e di avvalersi per l’aggiudicazione di tali lavori di altre procedure consentite e regolamentate dal codice; Acque Bresciane si riserva, altresì, la facoltà di revocare le successive aggiudicazioni qualora accerti, in qualsiasi momento e con qualunque mezzo di prova, l’assenza di uno o più d’uno dei requisiti minimi richiesti dal presente regolamento, oppure quando accerti una violazione in materia di dichiarazioni, a prescindere dalle verifiche già effettuate, nonché il mancato rispetto della legge n. 136/2010 e s.m.i. C) Trattamento dei dati personali: Acque Bresciane tratterà le informazioni finalizzate all’iscrizione nel «Sistema di qualificazione» nel rispetto dei legittimi interessi dell’operatore economico, riguardante la protezione dei segreti tecnici e commerciali, e della normativa sulla privacy di cui al regolamento europeo n. 2016/679 («GDPR») ed alla normativa applicabile in materia di protezione dei dati personali. Il trattamento suddetto verrà svolto dalla SA secondo le modalità descritte nell’informativa ai sensi dell’art. 13 del GDPR, disponibile sul Portale al seguente indirizzo https://acquebresciane.acquistitelematici.it D) Responsabile del procedimento. Verrà nominato per ciascuna procedura ristretta o negoziata.'}]}, {'test_data_suite_oid': '6809839e9090eed3decccd14', 'test_data_suite_id': 'sdk_examples_pin-1.3', 'test_data_oid': '6809839e9090eed3decccd19', 'test_data_id': 'CEI', 'xpaths': [{'xpath': 'PriorInformationNotice/cac:ProcurementProject/cbc:Note', 'value': ""This CEI must be read in conjunction with its annexes, which are either to be filled in by the applicant, or provided for information purposes or for later submission.\n— the annexes to be filled in are:\n—— Annex I — Application Form;\n—— Annex II — Declaration on honour;\n—— Annex III — Financial identification form.\n— The annexes provided for information purposes or for later submission are:\n—— Annex IV — Information on the European Parliament's environmental policy;\n—— Annex V — Draft Order Form;\n—— Annex VI — Declaration on professional independence and absence of conflicts of interest.\nIf you are interested in taking part in this CEI, please submit your application — to be drafted in English — by email, following the structure set out in the Application Form (Annex I), to the following address:\nEPRS-ESMH-19-01-CEI@europarl.europa.eu\nPlease indicate the following information in the subject of your email:\nEPRS/ESMH/SER/19/001CEI (family name)\nYou are required to send a scanned pdf version of the original documents duly completed and signed.\nInterested experts may submit their applications at any point in time until 3 months before the list expires. It is, however, recommended that applications be submitted as early as possible.""}]}, {'test_data_suite_oid': '6809839e9090eed3decccd14', 'test_data_suite_id': 'sdk_examples_pin-1.3', 'test_data_oid': '6809839e9090eed3decccd1a', 'test_data_id': 'pin-cfc_25', 'xpaths': [{'xpath': 'PriorInformationNotice/cac:ProcurementProject/cbc:Note', 'value': 'a) Der Auftraggeber ist ausschließlich Sektorenauftraggeber nach § 100 Abs. 1 Nr. 2 GWB. b) Hinweise zum Verfahrensablauf: In der 1. Phase der Interessenbekundung haben Unternehmen zunächst nur allgemein ihr Interesse an der Teilnahme am Vergabeverfahren zu bekunden. Der Auftraggeber hat hierfür ein Formblatt erstellt. Das Formblatt kann nach Ziffer I.3 der vorliegenden Bekanntmachung abgerufen werden. Die Interessenbekundungen müssen in Textform über die Vergabeplattform des Auftraggebers bis zum Schlusstermin für deren Eingang nach Ziffer IV.2.2) eingehen. Eine Interessenbekundung als Bewerbergemeinschaft ist möglich. Die Einreichung der Eignungsunterlagen (entsprechend dem Teilnahmeantrag) ist in dieser Phase nicht erforderlich. Ein Unternehmen, das sein Interesse in der 1. Phase nicht bekundet hat, kann im weiteren Verlauf des Vergabeverfahrens nicht berücksichtigt werden. Der Auftraggeber wird in der 2. Phase des Vergabeverfahrens die Unternehmen, die frist- und formgerecht eine Interessenbekundung eingereicht haben, auffordern ihr Interesse zu bestätigen (Interessensbestätigung), in dem die in der entsprechenden Aufforderung aufgeführten Eignungsunterlagen eingereicht werden (Teilnahmeantrag). Eine Bewerbergemeinschaft kann in dieser Phase nur noch mit Unternehmen gebildet werden, die zur Interessenbestätigung aufgefordert wurden. In der Aufforderung zur Interessenbestätigung werden die für die Teilnahme maßgeblichen Informationen mitgeteilt werden. In der 3. Phase werden die erfolgreichen Bewerber zur Angabe eines Angebots aufgefordert. Der Auftraggeber behält sich nach § 15 Abs. 4 SektVO vor, den Auftrag auf der Grundlage der Erstangebote zu vergeben, ohne in Verhandlungen einzutreten. c) Die in Ziffer II.2.7) und in Ziffer IV.2.3) enthaltenen Zeitangaben stehen unter dem Vorbehalt der Anpassung und Aktualisierung. d) Fragen zum Vergabeverfahren sind elektronisch in Textform über die eVergabe-Plattform gem. Ziffer I.3 einzureichen. Fragen sind rechtzeitig gestellt, wenn sie bis spätestens zum 20.3.2020 eingegangen sind. e) Der Auftraggeber behält sich vor, bei Unterschreitung der Mindestzahl von drei zulassungsfähigen Bewerbungen das vorliegende Vergabeverfahren einzustellen. Der Auftraggeber behält sich zudem vor, bei einer Unterschreitung der Mindestzahl von drei wertungsfähigen Angeboten das vorliegende Vergabeverfahren einzustellen. Bei einer losweisen Vergabe gelten die voranstehenden Vorbehalte für jedes Los.'}]}, {'test_data_suite_oid': '6809839e9090eed3decccd14', 'test_data_suite_id': 'sdk_examples_pin-1.3', 'test_data_oid': '6809839e9090eed3decccd1d', 'test_data_id': 'pin-only_24_maximal', 'xpaths': [{'xpath': 'PriorInformationNotice/cac:ProcurementProject/cbc:Note', 'value': 'Additional information ---'}]}, {'test_data_suite_oid': '6809839e9090eed3decccd14', 'test_data_suite_id': 'sdk_examples_pin-1.3', 'test_data_oid': '6809839e9090eed3decccd1e', 'test_data_id': 'pin-only_fin-reg', 'xpaths': [{'xpath': 'PriorInformationNotice/cac:ProcurementProject/cbc:Note', 'value': 'Noteblablabla'}]}, {'test_data_suite_oid': '6809839e9090eed3decccd14', 'test_data_suite_id': 'sdk_examples_pin-1.3', 'test_data_oid': '6809839e9090eed3decccd1f', 'test_data_id': 'pin-only_81', 'xpaths': [{'xpath': 'PriorInformationNotice/cac:ProcurementProject/cbc:Note', 'value': 'The authority reserves the right to amend any condition related to security of information to reflect any changes in national law or government policy. If any contract documents are accompanied by instructions on safeguarding classified information (e.g. a Security Aspects Letter), the authority reserves the right to amend the terms of these instructions to reflect any changes in national law or government policy, whether in respect of the applicable protective marking scheme, specific protective markings given, the aspects to which any protective marking applies or otherwise. The link below to the Gov.uk website provides information on the Government Security Classification. https://www.gov.uk/government/publications/government-security-classifications Advertising regime OJEU: This contract opportunity is published in the Official Journal of the European Union (OJEU), the MoD Defence Contracts Bulletin and www.contracts.mod.uk Go reference: GO-2020416-DCB-16375622'}]}, {'test_data_suite_oid': '6809839e9090eed3decccd14', 'test_data_suite_id': 'sdk_examples_pin-1.3', 'test_data_oid': '6809839e9090eed3decccd21', 'test_data_id': 'pin-only_24', 'xpaths': [{'xpath': 'PriorInformationNotice/cac:ProcurementProject/cbc:Note', 'value': 'Noteblablabla'}]}], 'is_covered': True, 'xpath_conditions': [{'xpath_condition': '', 'meets_xpath_condition': True}], 'message': None}"
86,2025-04-24 00:48:48.746065+00:00,"{'sdk_element_id': 'ND-Lot', 'sdk_element_title': None, 'sdk_element_xpath': ""/*/cac:ProcurementProjectLot[cbc:ID/@schemeName='Lot']"", 'test_data_xpaths': [{'test_data_suite_oid': '6809839e9090eed3decccd14', 'test_data_suite_id': 'sdk_examples_pin-1.3', 'test_data_oid': '6809839e9090eed3decccd15', 'test_data_id': 't01_PRT', 'xpaths': [{'xpath': 'PriorInformationNotice/cac:ProcurementProjectLot', 'value': None}]}, {'test_data_suite_oid': '6809839e9090eed3decccd14', 'test_data_suite_id': 'sdk_examples_pin-1.3', 'test_data_oid': '6809839e9090eed3decccd18', 'test_data_id': 'qu-sy_25', 'xpaths': [{'xpath': 'PriorInformationNotice/cac:ProcurementProjectLot', 'value': None}]}, {'test_data_suite_oid': '6809839e9090eed3decccd14', 'test_data_suite_id': 'sdk_examples_pin-1.3', 'test_data_oid': '6809839e9090eed3decccd19', 'test_data_id': 'CEI', 'xpaths': [{'xpath': 'PriorInformationNotice/cac:ProcurementProjectLot', 'value': None}]}, {'test_data_suite_oid': '6809839e9090eed3decccd14', 'test_data_suite_id': 'sdk_examples_pin-1.3', 'test_data_oid': '6809839e9090eed3decccd1a', 'test_data_id': 'pin-cfc_25', 'xpaths': [{'xpath': 'PriorInformationNotice/cac:ProcurementProjectLot', 'value': None}, {'xpath': 'PriorInformationNotice/cac:ProcurementProjectLot', 'value': None}]}], 'is_covered': True, 'xpath_conditions': [{'xpath_condition': '', 'meets_xpath_condition': True}, {'xpath_condition': ""/*/cbc:NoticeTypeCode/@listName='competition' or (/*/cbc:NoticeTypeCode/@listName='change' and exists(/*/ext:UBLExtensions/ext:UBLExtension/ext:ExtensionContent/efext:EformsExtension/efac:NoticeSubType/cbc:SubTypeCode[contains('10 11 12 13 14 15 16 17 18 19 20 21 22 23 24 CEI', text())]))"", 'meets_xpath_condition': True}, {'xpath_condition': ""/*/cbc:NoticeTypeCode/@listName='dir-awa-pre' or (/*/cbc:NoticeTypeCode/@listName='change' and exists(/*/ext:UBLExtensions/ext:UBLExtension/ext:ExtensionContent/efext:EformsExtension/efac:NoticeSubType/cbc:SubTypeCode[contains('25 26 27 28', text())]))"", 'meets_xpath_condition': True}], 'message': None}"
87,2025-04-24 00:48:48.746065+00:00,"{'sdk_element_id': 'BT-137-Lot', 'sdk_element_title': 'Purpose Lot Identifier', 'sdk_element_xpath': ""/*/cac:ProcurementProjectLot[cbc:ID/@schemeName='Lot']/cbc:ID"", 'test_data_xpaths': [{'test_data_suite_oid': '6809839e9090eed3decccd14', 'test_data_suite_id': 'sdk_examples_pin-1.3', 'test_data_oid': '6809839e9090eed3decccd15', 'test_data_id': 't01_PRT', 'xpaths': [{'xpath': 'PriorInformationNotice/cac:ProcurementProjectLot/cbc:ID', 'value': 'LOT-0000'}]}, {'test_data_suite_oid': '6809839e9090eed3decccd14', 'test_data_suite_id': 'sdk_examples_pin-1.3', 'test_data_oid': '6809839e9090eed3decccd18', 'test_data_id': 'qu-sy_25', 'xpaths': [{'xpath': 'PriorInformationNotice/cac:ProcurementProjectLot/cbc:ID', 'value': 'LOT-0000'}]}, {'test_data_suite_oid': '6809839e9090eed3decccd14', 'test_data_suite_id': 'sdk_examples_pin-1.3', 'test_data_oid': '6809839e9090eed3decccd19', 'test_data_id': 'CEI', 'xpaths': [{'xpath': 'PriorInformationNotice/cac:ProcurementProjectLot/cbc:ID', 'value': 'LOT-0000'}]}, {'test_data_suite_oid': '6809839e9090eed3decccd14', 'test_data_suite_id': 'sdk_examples_pin-1.3', 'test_data_oid': '6809839e9090eed3decccd1a', 'test_data_id': 'pin-cfc_25', 'xpaths': [{'xpath': 'PriorInformationNotice/cac:ProcurementProjectLot/cbc:ID', 'value': 'LOT-0001'}, {'xpath': 'PriorInformationNotice/cac:ProcurementProjectLot/cbc:ID', 'value': 'LOT-0002'}]}], 'is_covered': True, 'xpath_conditions': [{'xpath_condition': '', 'meets_xpath_condition': True}], 'message': None}"
88,2025-04-24 00:48:48.746065+00:00,"{'sdk_element_id': 'ND-LotTenderingProcess', 'sdk_element_title': None, 'sdk_element_xpath': ""/*/cac:ProcurementProjectLot[cbc:ID/@schemeName='Lot']/cac:TenderingProcess"", 'test_data_xpaths': [{'test_data_suite_oid': '6809839e9090eed3decccd14', 'test_data_suite_id': 'sdk_examples_pin-1.3', 'test_data_oid': '6809839e9090eed3decccd18', 'test_data_id': 'qu-sy_25', 'xpaths': [{'xpath': 'PriorInformationNotice/cac:ProcurementProjectLot/cac:TenderingProcess', 'value': None}]}, {'test_data_suite_oid': '6809839e9090eed3decccd14', 'test_data_suite_id': 'sdk_examples_pin-1.3', 'test_data_oid': '6809839e9090eed3decccd19', 'test_data_id': 'CEI', 'xpaths': [{'xpath': 'PriorInformationNotice/cac:ProcurementProjectLot/cac:TenderingProcess', 'value': None}]}, {'test_data_suite_oid': '6809839e9090eed3decccd14', 'test_data_suite_id': 'sdk_examples_pin-1.3', 'test_data_oid': '6809839e9090eed3decccd1a', 'test_data_id': 'pin-cfc_25', 'xpaths': [{'xpath': 'PriorInformationNotice/cac:ProcurementProjectLot/cac:TenderingProcess', 'value': None}, {'xpath': 'PriorInformationNotice/cac:ProcurementProjectLot/cac:TenderingProcess', 'value': None}]}], 'is_covered': True, 'xpath_conditions': [{'xpath_condition': '', 'meets_xpath_condition': True}], 'message': None}"
89,2025-04-24 00:48:48.746065+00:00,"{'sdk_element_id': 'ND-LotPreviousPlanning', 'sdk_element_title': None, 'sdk_element_xpath': ""/*/cac:ProcurementProjectLot[cbc:ID/@schemeName='Lot']/cac:TenderingProcess/cac:NoticeDocumentReference"", 'test_data_xpaths': [], 'is_covered': False, 'xpath_conditions': [{'xpath_condition': '', 'meets_xpath_condition': True}], 'message': None}"
90,2025-04-24 00:48:48.746065+00:00,"{'sdk_element_id': 'BT-125(i)-Lot', 'sdk_element_title': 'Previous Planning Identifier', 'sdk_element_xpath': ""/*/cac:ProcurementProjectLot[cbc:ID/@schemeName='Lot']/cac:TenderingProcess/cac:NoticeDocumentReference/cbc:ID"", 'test_data_xpaths': [], 'is_covered': False, 'xpath_conditions': [{'xpath_condition': '', 'meets_xpath_condition': True}], 'message': None}"
91,2025-04-24 00:48:48.746065+00:00,"{'sdk_element_id': 'BT-1251-Lot', 'sdk_element_title': 'Previous Planning Part Identifier', 'sdk_element_xpath': ""/*/cac:ProcurementProjectLot[cbc:ID/@schemeName='Lot']/cac:TenderingProcess/cac:NoticeDocumentReference/cbc:ReferencedDocumentInternalAddress"", 'test_data_xpaths': [], 'is_covered': False, 'xpath_conditions': [{'xpath_condition': '', 'meets_xpath_condition': True}], 'message': None}"
92,2025-04-24 00:48:48.746065+00:00,"{'sdk_element_id': 'ND-LotProcurementScope', 'sdk_element_title': None, 'sdk_element_xpath': ""/*/cac:ProcurementProjectLot[cbc:ID/@schemeName='Lot']/cac:ProcurementProject"", 'test_data_xpaths': [{'test_data_suite_oid': '6809839e9090eed3decccd14', 'test_data_suite_id': 'sdk_examples_pin-1.3', 'test_data_oid': '6809839e9090eed3decccd15', 'test_data_id': 't01_PRT', 'xpaths': [{'xpath': 'PriorInformationNotice/cac:ProcurementProjectLot/cac:ProcurementProject', 'value': None}]}, {'test_data_suite_oid': '6809839e9090eed3decccd14', 'test_data_suite_id': 'sdk_examples_pin-1.3', 'test_data_oid': '6809839e9090eed3decccd18', 'test_data_id': 'qu-sy_25', 'xpaths': [{'xpath': 'PriorInformationNotice/cac:ProcurementProjectLot/cac:ProcurementProject', 'value': None}]}, {'test_data_suite_oid': '6809839e9090eed3decccd14', 'test_data_suite_id': 'sdk_examples_pin-1.3', 'test_data_oid': '6809839e9090eed3decccd19', 'test_data_id': 'CEI', 'xpaths': [{'xpath': 'PriorInformationNotice/cac:ProcurementProjectLot/cac:ProcurementProject', 'value': None}]}, {'test_data_suite_oid': '6809839e9090eed3decccd14', 'test_data_suite_id': 'sdk_examples_pin-1.3', 'test_data_oid': '6809839e9090eed3decccd1a', 'test_data_id': 'pin-cfc_25', 'xpaths': [{'xpath': 'PriorInformationNotice/cac:ProcurementProjectLot/cac:ProcurementProject', 'value': None}, {'xpath': 'PriorInformationNotice/cac:ProcurementProjectLot/cac:ProcurementProject', 'value': None}]}], 'is_covered': True, 'xpath_conditions': [{'xpath_condition': '', 'meets_xpath_condition': True}], 'message': None}"
93,2025-04-24 00:48:48.746065+00:00,"{'sdk_element_id': 'BT-22-Lot', 'sdk_element_title': 'Internal Identifier', 'sdk_element_xpath': ""/*/cac:ProcurementProjectLot[cbc:ID/@schemeName='Lot']/cac:ProcurementProject/cbc:ID"", 'test_data_xpaths': [{'test_data_suite_oid': '6809839e9090eed3decccd14', 'test_data_suite_id': 'sdk_examples_pin-1.3', 'test_data_oid': '6809839e9090eed3decccd15', 'test_data_id': 't01_PRT', 'xpaths': [{'xpath': 'PriorInformationNotice/cac:ProcurementProjectLot/cac:ProcurementProject/cbc:ID', 'value': 'RA/DAF/SERV-96/18'}]}, {'test_data_suite_oid': '6809839e9090eed3decccd14', 'test_data_suite_id': 'sdk_examples_pin-1.3', 'test_data_oid': '6809839e9090eed3decccd18', 'test_data_id': 'qu-sy_25', 'xpaths': [{'xpath': 'PriorInformationNotice/cac:ProcurementProjectLot/cac:ProcurementProject/cbc:ID', 'value': 'SQASF2020'}]}, {'test_data_suite_oid': '6809839e9090eed3decccd14', 'test_data_suite_id': 'sdk_examples_pin-1.3', 'test_data_oid': '6809839e9090eed3decccd19', 'test_data_id': 'CEI', 'xpaths': [{'xpath': 'PriorInformationNotice/cac:ProcurementProjectLot/cac:ProcurementProject/cbc:ID', 'value': 'EPRS/ESMH/SER/19/001CEI'}]}, {'test_data_suite_oid': '6809839e9090eed3decccd14', 'test_data_suite_id': 'sdk_examples_pin-1.3', 'test_data_oid': '6809839e9090eed3decccd1a', 'test_data_id': 'pin-cfc_25', 'xpaths': [{'xpath': 'PriorInformationNotice/cac:ProcurementProjectLot/cac:ProcurementProject/cbc:ID', 'value': 'lot 1'}, {'xpath': 'PriorInformationNotice/cac:ProcurementProjectLot/cac:ProcurementProject/cbc:ID', 'value': 'lot 2'}]}], 'is_covered': True, 'xpath_conditions': [{'xpath_condition': '', 'meets_xpath_condition': True}], 'message': None}"
94,2025-04-24 00:48:48.746065+00:00,"{'sdk_element_id': 'BT-21-Lot', 'sdk_element_title': 'Title', 'sdk_element_xpath': ""/*/cac:ProcurementProjectLot[cbc:ID/@schemeName='Lot']/cac:ProcurementProject/cbc:Name"", 'test_data_xpaths': [{'test_data_suite_oid': '6809839e9090eed3decccd14', 'test_data_suite_id': 'sdk_examples_pin-1.3', 'test_data_oid': '6809839e9090eed3decccd15', 'test_data_id': 't01_PRT', 'xpaths': [{'xpath': 'PriorInformationNotice/cac:ProcurementProjectLot/cac:ProcurementProject/cbc:Name', 'value': 'Serviço público de transportes de passageiros de Águeda'}]}, {'test_data_suite_oid': '6809839e9090eed3decccd14', 'test_data_suite_id': 'sdk_examples_pin-1.3', 'test_data_oid': '6809839e9090eed3decccd18', 'test_data_id': 'qu-sy_25', 'xpaths': [{'xpath': 'PriorInformationNotice/cac:ProcurementProjectLot/cac:ProcurementProject/cbc:Name', 'value': 'Sistema di qualificazione lavori di asfaltatura dei rappezzi e delle tracce di scavo'}]}, {'test_data_suite_oid': '6809839e9090eed3decccd14', 'test_data_suite_id': 'sdk_examples_pin-1.3', 'test_data_oid': '6809839e9090eed3decccd19', 'test_data_id': 'CEI', 'xpaths': [{'xpath': 'PriorInformationNotice/cac:ProcurementProjectLot/cac:ProcurementProject/cbc:Name', 'value': 'Call for Expression of Interest EPRS/ESMH/SER/19/001CEI to compile a list of experts in the field of science communication and other relevant domains for the provision of draft articles and other science communication outputs.'}]}, {'test_data_suite_oid': '6809839e9090eed3decccd14', 'test_data_suite_id': 'sdk_examples_pin-1.3', 'test_data_oid': '6809839e9090eed3decccd1a', 'test_data_id': 'pin-cfc_25', 'xpaths': [{'xpath': 'PriorInformationNotice/cac:ProcurementProjectLot/cac:ProcurementProject/cbc:Name', 'value': 'Instandhaltung Brandschutztüren Terminals'}, {'xpath': 'PriorInformationNotice/cac:ProcurementProjectLot/cac:ProcurementProject/cbc:Name', 'value': 'Lot No: 2'}]}], 'is_covered': True, 'xpath_conditions': [{'xpath_condition': '', 'meets_xpath_condition': True}], 'message': None}"
95,2025-04-24 00:48:48.746065+00:00,"{'sdk_element_id': 'BT-24-Lot', 'sdk_element_title': 'Description', 'sdk_element_xpath': ""/*/cac:ProcurementProjectLot[cbc:ID/@schemeName='Lot']/cac:ProcurementProject/cbc:Description"", 'test_data_xpaths': [{'test_data_suite_oid': '6809839e9090eed3decccd14', 'test_data_suite_id': 'sdk_examples_pin-1.3', 'test_data_oid': '6809839e9090eed3decccd15', 'test_data_id': 't01_PRT', 'xpaths': [{'xpath': 'PriorInformationNotice/cac:ProcurementProjectLot/cac:ProcurementProject/cbc:Description', 'value': 'Serviço público de transportes de passageiros de Águeda.'}]}, {'test_data_suite_oid': '6809839e9090eed3decccd14', 'test_data_suite_id': 'sdk_examples_pin-1.3', 'test_data_oid': '6809839e9090eed3decccd18', 'test_data_id': 'qu-sy_25', 'xpaths': [{'xpath': 'PriorInformationNotice/cac:ProcurementProjectLot/cac:ProcurementProject/cbc:Description', 'value': ""Acque Bresciane, ai sensi dell’art. 134 del Codice e in conformità a quanto previsto dal regolamento dei contratti, intende istituire un sistema di qualificazione di operatori economici qualificati per l’esecuzione dei lavori di asfaltatura dei rappezzi e delle tracce di scavo derivanti da: — interventi di manutenzione e allacciamenti alle reti di distribuzione acquedotto e fognatura, — estendimenti e/o rifacimenti delle reti di distribuzione acquedotto e fognatura. Il sistema di qualificazione potrà essere utilizzato anche dalle società del gruppo Cogeme e/o da altra società, sempreché controllante o controllata, ai sensi e per gli effetti di cui all’art. 2359 del Codice civile, o comunque partecipante o partecipata. Il sistema di qualificazione ha lo scopo di: — definire le regole con cui viene istituito e gestito il sistema di qualificazione, i requisiti che devono essere posseduti dagli operatori economici al fine di ottenere la qualificazione e la documentazione comprovante il possesso dei predetti requisiti, — costituire elenchi di operatori economici qualificati nell’attività specifica dei lavori oggetto del presente regolamento e di comprovata idoneità tecnico-professionale (disponibilità minima di mezzi, attrezzature, personale) nell’ambito dei quali la SA, e nell’eventualità le società del gruppo Cogeme (e/o altra società, sempreché controllante o controllata, ai sensi e per gli effetti di cui all’art. 2359 del Codice civile, o comunque partecipante o partecipata) individua i soggetti da invitare — nel rispetto dei principi di non discriminazione, parità di trattamento, proporzionalità, trasparenza e rotazione — alle singole procedure di affidamento di lavori, siano esse procedure ristrette o negoziate di importo inferiore o superiore alla soglia comunitaria. A tali procedure potranno partecipare solo gli operatori economici qualificati, fatto salvo le eccezioni di cui all'art. 10) del regolamento. Il presente regolamento e l’istituzione del sistema di qualificazione non vincolano in alcun modo Acque Bresciane e non costituiscono l’avvio di una procedura di affidamento e/o di aggiudicazione di appalti; il regolamento, l’avviso, le dichiarazioni e la documentazione forniti dagli operatori economici hanno il solo scopo di manifestare la volontà dei medesimi di essere iscritti nel sistema di qualificazione, senza che questo costituisca un vincolo per la SA, atteso che il sistema di qualificazione rappresenta per Acque Bresciane uno strumento da utilizzare, secondo le proprie necessità, per la selezione di operatori economici nell’ambito di affidamento degli appalti appartenenti alle predette categorie di lavori o altre categorie di lavori analoghi e affini. Le disposizioni del presente regolamento devono intendersi sostituite, modificate, abrogate ovvero disapplicate automaticamente ove il relativo contenuto sia incompatibile con sopravvenute inderogabili disposizioni legislative o regolamentari.""}]}, {'test_data_suite_oid': '6809839e9090eed3decccd14', 'test_data_suite_id': 'sdk_examples_pin-1.3', 'test_data_oid': '6809839e9090eed3decccd19', 'test_data_id': 'CEI', 'xpaths': [{'xpath': 'PriorInformationNotice/cac:ProcurementProjectLot/cac:ProcurementProject/cbc:Description', 'value': 'The science communication outputs requested by this CEI will be related to various policy areas such as (nonexclusive list):\n— eco-mobility and modern energy solutions,\n— sustainable management of natural resources,\n— potentials and challenges of the information society, new technologies, artificial intelligence,\n— health and new technologies in the life sciences,\n— science policy, communication and global networking.'}]}, {'test_data_suite_oid': '6809839e9090eed3decccd14', 'test_data_suite_id': 'sdk_examples_pin-1.3', 'test_data_oid': '6809839e9090eed3decccd1a', 'test_data_id': 'pin-cfc_25', 'xpaths': [{'xpath': 'PriorInformationNotice/cac:ProcurementProjectLot/cac:ProcurementProject/cbc:Description', 'value': 'Instandhaltung der Brandschutztüren in folgenden Gebäuden: — Terminal 1; — Terminal 2; — Terminal 3; — Terminal 4; — VL-Gebäude; — OPS-Gebäude; — LVT-Gebäude. Massen: — BS-Tür 1-Flügel mit Türschließer: 346; — BS-Tür 1-Flügel ohne Türschließer: 18; — BS-Tür 2-Flügel mit Türschließer: 153; — Tür 1-Flügel mit Türschließer: 311; — Tür 1-Flügel ohne Türschließer:35; — Tür 2-Flügel mit Türschließer: 87; — Tür 2-Flügel ohne Türschließer: 10. Der AG gibt die grobe Wartungs- und Prüfplanung vor. Der AN macht die Detailplanung, führt Wartungen und Funktionsprüfungen durch. Die Dokumentation der Wartung erfolgt in vom AG gestellten Ipads, eine separate Dokumentation seitens des AN ist nicht gewünscht. Die Dokumentation der Funktionsprüfungen erfolgt in Papierform.'}, {'xpath': 'PriorInformationNotice/cac:ProcurementProjectLot/cac:ProcurementProject/cbc:Description', 'value': 'Instandhaltung der Brandschutztüren in folgenden Gebäuden: — CCS; — Feuerwache; — SkyLoop. Massen: — BS-Tür 1-Flügel mit Türschließer: 400; — BS-Tür 1-Flügel ohne Türschließer: 31; — BS-Tür 2-Flügel mit Türschließer: 121; — Drehflügeltür 1-Flügel mit FSA: 25; — Drehflügeltür 2-Flügel mit FSA: 58; — Tür 1-Flügel mit Türschließer: 295; — Tür 1-Flügel ohne Türschließer: 90; — Tür 2-Flügel mit Türschließer: 136; — Tür 2-Flügel ohne Türschließer: 24. Der AG gibt die grobe Wartungs- und Prüfplanung vor. Der AN macht die Detailplanung, führt Wartungen und Funktionsprüfungen durch. Die Dokumentation der Wartung erfolgt in vom AG gestellten Ipads, eine separate Dokumentation seitens des AN ist nicht gewünscht. Die Dokumentation der Funktionsprüfungen erfolgt in Papierform.'}]}], 'is_covered': True, 'xpath_conditions': [{'xpath_condition': '', 'meets_xpath_condition': True}], 'message': None}"
96,2025-04-24 00:48:48.746065+00:00,"{'sdk_element_id': 'BT-23-Lot', 'sdk_element_title': 'Main Nature', 'sdk_element_xpath': ""/*/cac:ProcurementProjectLot[cbc:ID/@schemeName='Lot']/cac:ProcurementProject/cbc:ProcurementTypeCode[@listName='contract-nature']"", 'test_data_xpaths': [{'test_data_suite_oid': '6809839e9090eed3decccd14', 'test_data_suite_id': 'sdk_examples_pin-1.3', 'test_data_oid': '6809839e9090eed3decccd15', 'test_data_id': 't01_PRT', 'xpaths': [{'xpath': 'PriorInformationNotice/cac:ProcurementProjectLot/cac:ProcurementProject/cbc:ProcurementTypeCode', 'value': 'services'}]}, {'test_data_suite_oid': '6809839e9090eed3decccd14', 'test_data_suite_id': 'sdk_examples_pin-1.3', 'test_data_oid': '6809839e9090eed3decccd18', 'test_data_id': 'qu-sy_25', 'xpaths': [{'xpath': 'PriorInformationNotice/cac:ProcurementProjectLot/cac:ProcurementProject/cbc:ProcurementTypeCode', 'value': 'works'}]}, {'test_data_suite_oid': '6809839e9090eed3decccd14', 'test_data_suite_id': 'sdk_examples_pin-1.3', 'test_data_oid': '6809839e9090eed3decccd19', 'test_data_id': 'CEI', 'xpaths': [{'xpath': 'PriorInformationNotice/cac:ProcurementProjectLot/cac:ProcurementProject/cbc:ProcurementTypeCode', 'value': 'services'}]}, {'test_data_suite_oid': '6809839e9090eed3decccd14', 'test_data_suite_id': 'sdk_examples_pin-1.3', 'test_data_oid': '6809839e9090eed3decccd1a', 'test_data_id': 'pin-cfc_25', 'xpaths': [{'xpath': 'PriorInformationNotice/cac:ProcurementProjectLot/cac:ProcurementProject/cbc:ProcurementTypeCode', 'value': 'services'}, {'xpath': 'PriorInformationNotice/cac:ProcurementProjectLot/cac:ProcurementProject/cbc:ProcurementTypeCode', 'value': 'services'}]}], 'is_covered': True, 'xpath_conditions': [{'xpath_condition': '', 'meets_xpath_condition': True}], 'message': None}"
97,2025-04-24 00:48:48.746065+00:00,"{'sdk_element_id': 'BT-531-Lot', 'sdk_element_title': 'Additional Nature (different from Main)', 'sdk_element_xpath': ""/*/cac:ProcurementProjectLot[cbc:ID/@schemeName='Lot']/cac:ProcurementProject/cac:ProcurementAdditionalType/cbc:ProcurementTypeCode[@listName='contract-nature']"", 'test_data_xpaths': [], 'is_covered': False, 'xpath_conditions': [{'xpath_condition': '', 'meets_xpath_condition': True}], 'message': None}"
98,2025-04-24 00:48:48.746065+00:00,"{'sdk_element_id': 'BT-25-Lot', 'sdk_element_title': 'Quantity', 'sdk_element_xpath': ""/*/cac:ProcurementProjectLot[cbc:ID/@schemeName='Lot']/cac:ProcurementProject/cbc:EstimatedOverallContractQuantity"", 'test_data_xpaths': [], 'is_covered': False, 'xpath_conditions': [{'xpath_condition': '', 'meets_xpath_condition': True}], 'message': None}"
99,2025-04-24 00:48:48.746065+00:00,"{'sdk_element_id': 'BT-625-Lot', 'sdk_element_title': 'Unit', 'sdk_element_xpath': ""/*/cac:ProcurementProjectLot[cbc:ID/@schemeName='Lot']/cac:ProcurementProject/cbc:EstimatedOverallContractQuantity/@unitCode"", 'test_data_xpaths': [], 'is_covered': False, 'xpath_conditions': [{'xpath_condition': '', 'meets_xpath_condition': True}], 'message': None}"
100,2025-04-24 00:48:48.746065+00:00,"{'sdk_element_id': 'BT-726-Lot', 'sdk_element_title': 'Suitable For SMEs', 'sdk_element_xpath': ""/*/cac:ProcurementProjectLot[cbc:ID/@schemeName='Lot']/cac:ProcurementProject/cbc:SMESuitableIndicator"", 'test_data_xpaths': [{'test_data_suite_oid': '6809839e9090eed3decccd14', 'test_data_suite_id': 'sdk_examples_pin-1.3', 'test_data_oid': '6809839e9090eed3decccd19', 'test_data_id': 'CEI', 'xpaths': [{'xpath': 'PriorInformationNotice/cac:ProcurementProjectLot/cac:ProcurementProject/cbc:SMESuitableIndicator', 'value': 'true'}]}], 'is_covered': True, 'xpath_conditions': [{'xpath_condition': '', 'meets_xpath_condition': True}], 'message': None}"
101,2025-04-24 00:48:48.746065+00:00,"{'sdk_element_id': 'ND-LotValueEstimate', 'sdk_element_title': None, 'sdk_element_xpath': ""/*/cac:ProcurementProjectLot[cbc:ID/@schemeName='Lot']/cac:ProcurementProject/cac:RequestedTenderTotal"", 'test_data_xpaths': [], 'is_covered': False, 'xpath_conditions': [{'xpath_condition': '', 'meets_xpath_condition': True}], 'message': None}"
102,2025-04-24 00:48:48.746065+00:00,"{'sdk_element_id': 'BT-27-Lot', 'sdk_element_title': 'Estimated Value', 'sdk_element_xpath': ""/*/cac:ProcurementProjectLot[cbc:ID/@schemeName='Lot']/cac:ProcurementProject/cac:RequestedTenderTotal/cbc:EstimatedOverallContractAmount"", 'test_data_xpaths': [], 'is_covered': False, 'xpath_conditions': [{'xpath_condition': '', 'meets_xpath_condition': True}], 'message': None}"
103,2025-04-24 00:48:48.746065+00:00,"{'sdk_element_id': 'ND-LotMainClassification', 'sdk_element_title': None, 'sdk_element_xpath': ""/*/cac:ProcurementProjectLot[cbc:ID/@schemeName='Lot']/cac:ProcurementProject/cac:MainCommodityClassification"", 'test_data_xpaths': [{'test_data_suite_oid': '6809839e9090eed3decccd14', 'test_data_suite_id': 'sdk_examples_pin-1.3', 'test_data_oid': '6809839e9090eed3decccd15', 'test_data_id': 't01_PRT', 'xpaths': [{'xpath': 'PriorInformationNotice/cac:ProcurementProjectLot/cac:ProcurementProject/cac:MainCommodityClassification', 'value': None}]}, {'test_data_suite_oid': '6809839e9090eed3decccd14', 'test_data_suite_id': 'sdk_examples_pin-1.3', 'test_data_oid': '6809839e9090eed3decccd18', 'test_data_id': 'qu-sy_25', 'xpaths': [{'xpath': 'PriorInformationNotice/cac:ProcurementProjectLot/cac:ProcurementProject/cac:MainCommodityClassification', 'value': None}]}, {'test_data_suite_oid': '6809839e9090eed3decccd14', 'test_data_suite_id': 'sdk_examples_pin-1.3', 'test_data_oid': '6809839e9090eed3decccd19', 'test_data_id': 'CEI', 'xpaths': [{'xpath': 'PriorInformationNotice/cac:ProcurementProjectLot/cac:ProcurementProject/cac:MainCommodityClassification', 'value': None}]}, {'test_data_suite_oid': '6809839e9090eed3decccd14', 'test_data_suite_id': 'sdk_examples_pin-1.3', 'test_data_oid': '6809839e9090eed3decccd1a', 'test_data_id': 'pin-cfc_25', 'xpaths': [{'xpath': 'PriorInformationNotice/cac:ProcurementProjectLot/cac:ProcurementProject/cac:MainCommodityClassification', 'value': None}, {'xpath': 'PriorInformationNotice/cac:ProcurementProjectLot/cac:ProcurementProject/cac:MainCommodityClassification', 'value': None}]}], 'is_covered': True, 'xpath_conditions': [{'xpath_condition': '', 'meets_xpath_condition': True}], 'message': None}"
104,2025-04-24 00:48:48.746065+00:00,"{'sdk_element_id': 'ND-LotMainClassificationCode', 'sdk_element_title': None, 'sdk_element_xpath': ""/*/cac:ProcurementProjectLot[cbc:ID/@schemeName='Lot']/cac:ProcurementProject/cac:MainCommodityClassification/cbc:ItemClassificationCode"", 'test_data_xpaths': [{'test_data_suite_oid': '6809839e9090eed3decccd14', 'test_data_suite_id': 'sdk_examples_pin-1.3', 'test_data_oid': '6809839e9090eed3decccd15', 'test_data_id': 't01_PRT', 'xpaths': [{'xpath': 'PriorInformationNotice/cac:ProcurementProjectLot/cac:ProcurementProject/cac:MainCommodityClassification/cbc:ItemClassificationCode', 'value': '60130000'}]}, {'test_data_suite_oid': '6809839e9090eed3decccd14', 'test_data_suite_id': 'sdk_examples_pin-1.3', 'test_data_oid': '6809839e9090eed3decccd18', 'test_data_id': 'qu-sy_25', 'xpaths': [{'xpath': 'PriorInformationNotice/cac:ProcurementProjectLot/cac:ProcurementProject/cac:MainCommodityClassification/cbc:ItemClassificationCode', 'value': '45233222'}]}, {'test_data_suite_oid': '6809839e9090eed3decccd14', 'test_data_suite_id': 'sdk_examples_pin-1.3', 'test_data_oid': '6809839e9090eed3decccd19', 'test_data_id': 'CEI', 'xpaths': [{'xpath': 'PriorInformationNotice/cac:ProcurementProjectLot/cac:ProcurementProject/cac:MainCommodityClassification/cbc:ItemClassificationCode', 'value': '98390000'}]}, {'test_data_suite_oid': '6809839e9090eed3decccd14', 'test_data_suite_id': 'sdk_examples_pin-1.3', 'test_data_oid': '6809839e9090eed3decccd1a', 'test_data_id': 'pin-cfc_25', 'xpaths': [{'xpath': 'PriorInformationNotice/cac:ProcurementProjectLot/cac:ProcurementProject/cac:MainCommodityClassification/cbc:ItemClassificationCode', 'value': '50712000'}, {'xpath': 'PriorInformationNotice/cac:ProcurementProjectLot/cac:ProcurementProject/cac:MainCommodityClassification/cbc:ItemClassificationCode', 'value': '50712000'}]}], 'is_covered': True, 'xpath_conditions': [{'xpath_condition': '', 'meets_xpath_condition': True}, {'xpath_condition': ""cbc:ItemClassificationCode[@listName='cpv']"", 'meets_xpath_condition': False}], 'message': None}"
105,2025-04-24 00:48:48.746065+00:00,"{'sdk_element_id': 'BT-26(m)-Lot', 'sdk_element_title': 'Classification Type (e.g. CPV)', 'sdk_element_xpath': ""/*/cac:ProcurementProjectLot[cbc:ID/@schemeName='Lot']/cac:ProcurementProject/cac:MainCommodityClassification/cbc:ItemClassificationCode/@listName"", 'test_data_xpaths': [{'test_data_suite_oid': '6809839e9090eed3decccd14', 'test_data_suite_id': 'sdk_examples_pin-1.3', 'test_data_oid': '6809839e9090eed3decccd15', 'test_data_id': 't01_PRT', 'xpaths': [{'xpath': 'PriorInformationNotice/cac:ProcurementProjectLot/cac:ProcurementProject/cac:MainCommodityClassification/cbc:ItemClassificationCode/listName', 'value': 'cpv'}]}, {'test_data_suite_oid': '6809839e9090eed3decccd14', 'test_data_suite_id': 'sdk_examples_pin-1.3', 'test_data_oid': '6809839e9090eed3decccd18', 'test_data_id': 'qu-sy_25', 'xpaths': [{'xpath': 'PriorInformationNotice/cac:ProcurementProjectLot/cac:ProcurementProject/cac:MainCommodityClassification/cbc:ItemClassificationCode/listName', 'value': 'cpv'}]}, {'test_data_suite_oid': '6809839e9090eed3decccd14', 'test_data_suite_id': 'sdk_examples_pin-1.3', 'test_data_oid': '6809839e9090eed3decccd19', 'test_data_id': 'CEI', 'xpaths': [{'xpath': 'PriorInformationNotice/cac:ProcurementProjectLot/cac:ProcurementProject/cac:MainCommodityClassification/cbc:ItemClassificationCode/listName', 'value': 'cpv'}]}, {'test_data_suite_oid': '6809839e9090eed3decccd14', 'test_data_suite_id': 'sdk_examples_pin-1.3', 'test_data_oid': '6809839e9090eed3decccd1a', 'test_data_id': 'pin-cfc_25', 'xpaths': [{'xpath': 'PriorInformationNotice/cac:ProcurementProjectLot/cac:ProcurementProject/cac:MainCommodityClassification/cbc:ItemClassificationCode/listName', 'value': 'cpv'}, {'xpath': 'PriorInformationNotice/cac:ProcurementProjectLot/cac:ProcurementProject/cac:MainCommodityClassification/cbc:ItemClassificationCode/listName', 'value': 'cpv'}]}], 'is_covered': True, 'xpath_conditions': [{'xpath_condition': ""cbc:ItemClassificationCode[@listName='cpv']"", 'meets_xpath_condition': False}], 'message': None}"
106,2025-04-24 00:48:48.746065+00:00,"{'sdk_element_id': 'ND-LotAdditionalClassification', 'sdk_element_title': None, 'sdk_element_xpath': ""/*/cac:ProcurementProjectLot[cbc:ID/@schemeName='Lot']/cac:ProcurementProject/cac:AdditionalCommodityClassification"", 'test_data_xpaths': [], 'is_covered': False, 'xpath_conditions': [{'xpath_condition': '', 'meets_xpath_condition': True}], 'message': None}"
107,2025-04-24 00:48:48.746065+00:00,"{'sdk_element_id': 'BT-26(a)-Lot', 'sdk_element_title': 'Classification Type (e.g. CPV)', 'sdk_element_xpath': ""/*/cac:ProcurementProjectLot[cbc:ID/@schemeName='Lot']/cac:ProcurementProject/cac:AdditionalCommodityClassification/cbc:ItemClassificationCode/@listName"", 'test_data_xpaths': [], 'is_covered': False, 'xpath_conditions': [{'xpath_condition': ""cbc:ItemClassificationCode[@listName='cpv']"", 'meets_xpath_condition': False}], 'message': None}"
108,2025-04-24 00:48:48.746065+00:00,"{'sdk_element_id': 'BT-263-Lot', 'sdk_element_title': 'Additional Classification Code', 'sdk_element_xpath': ""/*/cac:ProcurementProjectLot[cbc:ID/@schemeName='Lot']/cac:ProcurementProject/cac:AdditionalCommodityClassification/cbc:ItemClassificationCode"", 'test_data_xpaths': [], 'is_covered': False, 'xpath_conditions': [{'xpath_condition': ""cbc:ItemClassificationCode[@listName='cpv']"", 'meets_xpath_condition': False}], 'message': None}"
109,2025-04-24 00:48:48.746065+00:00,"{'sdk_element_id': 'BT-774-Lot', 'sdk_element_title': 'Green Procurement', 'sdk_element_xpath': ""/*/cac:ProcurementProjectLot[cbc:ID/@schemeName='Lot']/cac:ProcurementProject/cac:ProcurementAdditionalType/cbc:ProcurementTypeCode[@listName='environmental-impact']"", 'test_data_xpaths': [], 'is_covered': False, 'xpath_conditions': [{'xpath_condition': '', 'meets_xpath_condition': True}], 'message': None}"
110,2025-04-24 00:48:48.746065+00:00,"{'sdk_element_id': 'ND-LotGreenCriteria', 'sdk_element_title': None, 'sdk_element_xpath': ""/*/cac:ProcurementProjectLot[cbc:ID/@schemeName='Lot']/cac:ProcurementProject/cac:ProcurementAdditionalType[cbc:ProcurementTypeCode/@listName='gpp-criteria']"", 'test_data_xpaths': [], 'is_covered': False, 'xpath_conditions': [{'xpath_condition': '', 'meets_xpath_condition': True}], 'message': None}"
111,2025-04-24 00:48:48.746065+00:00,"{'sdk_element_id': 'BT-805-Lot', 'sdk_element_title': 'Green Procurement Criteria', 'sdk_element_xpath': ""/*/cac:ProcurementProjectLot[cbc:ID/@schemeName='Lot']/cac:ProcurementProject/cac:ProcurementAdditionalType[cbc:ProcurementTypeCode/@listName='gpp-criteria']/cbc:ProcurementTypeCode[@listName='gpp-criteria']"", 'test_data_xpaths': [], 'is_covered': False, 'xpath_conditions': [{'xpath_condition': '', 'meets_xpath_condition': True}], 'message': None}"
112,2025-04-24 00:48:48.746065+00:00,"{'sdk_element_id': 'BT-775-Lot', 'sdk_element_title': 'Social Procurement', 'sdk_element_xpath': ""/*/cac:ProcurementProjectLot[cbc:ID/@schemeName='Lot']/cac:ProcurementProject/cac:ProcurementAdditionalType/cbc:ProcurementTypeCode[@listName='social-objective']"", 'test_data_xpaths': [], 'is_covered': False, 'xpath_conditions': [{'xpath_condition': '', 'meets_xpath_condition': True}], 'message': None}"
113,2025-04-24 00:48:48.746065+00:00,"{'sdk_element_id': 'BT-776-Lot', 'sdk_element_title': 'Innovative Procurement', 'sdk_element_xpath': ""/*/cac:ProcurementProjectLot[cbc:ID/@schemeName='Lot']/cac:ProcurementProject/cac:ProcurementAdditionalType/cbc:ProcurementTypeCode[@listName='innovative-acquisition']"", 'test_data_xpaths': [], 'is_covered': False, 'xpath_conditions': [{'xpath_condition': '', 'meets_xpath_condition': True}], 'message': None}"
114,2025-04-24 00:48:48.746065+00:00,"{'sdk_element_id': 'BT-06-Lot', 'sdk_element_title': 'Strategic Procurement', 'sdk_element_xpath': ""/*/cac:ProcurementProjectLot[cbc:ID/@schemeName='Lot']/cac:ProcurementProject/cac:ProcurementAdditionalType/cbc:ProcurementTypeCode[@listName='strategic-procurement']"", 'test_data_xpaths': [], 'is_covered': False, 'xpath_conditions': [{'xpath_condition': ""cbc:ProcurementTypeCode[@listName='strategic-procurement']/text() = 'env-imp'"", 'meets_xpath_condition': False}, {'xpath_condition': ""cbc:ProcurementTypeCode[@listName='strategic-procurement']/text() = 'inn-pur'"", 'meets_xpath_condition': False}, {'xpath_condition': ""cbc:ProcurementTypeCode[@listName='strategic-procurement']/text() = 'soc-obj'"", 'meets_xpath_condition': False}], 'message': None}"
115,2025-04-24 00:48:48.746065+00:00,"{'sdk_element_id': 'ND-StrategicProcurementType', 'sdk_element_title': None, 'sdk_element_xpath': ""/*/cac:ProcurementProjectLot[cbc:ID/@schemeName='Lot']/cac:ProcurementProject/cac:ProcurementAdditionalType[cbc:ProcurementTypeCode/@listName='strategic-procurement']"", 'test_data_xpaths': [], 'is_covered': False, 'xpath_conditions': [{'xpath_condition': '', 'meets_xpath_condition': True}], 'message': None}"
116,2025-04-24 00:48:48.746065+00:00,"{'sdk_element_id': 'BT-777-Lot', 'sdk_element_title': 'Strategic Procurement Description', 'sdk_element_xpath': ""/*/cac:ProcurementProjectLot[cbc:ID/@schemeName='Lot']/cac:ProcurementProject/cac:ProcurementAdditionalType[cbc:ProcurementTypeCode/@listName='strategic-procurement']/cbc:ProcurementType"", 'test_data_xpaths': [], 'is_covered': False, 'xpath_conditions': [{'xpath_condition': '', 'meets_xpath_condition': True}], 'message': None}"
117,2025-04-24 00:48:48.746065+00:00,"{'sdk_element_id': 'BT-754-Lot', 'sdk_element_title': 'Accessibility', 'sdk_element_xpath': ""/*/cac:ProcurementProjectLot[cbc:ID/@schemeName='Lot']/cac:ProcurementProject/cac:ProcurementAdditionalType/cbc:ProcurementTypeCode[@listName='accessibility']"", 'test_data_xpaths': [], 'is_covered': False, 'xpath_conditions': [{'xpath_condition': '', 'meets_xpath_condition': True}], 'message': None}"
118,2025-04-24 00:48:48.746065+00:00,"{'sdk_element_id': 'ND-AccessibilityJustification', 'sdk_element_title': None, 'sdk_element_xpath': ""/*/cac:ProcurementProjectLot[cbc:ID/@schemeName='Lot']/cac:ProcurementProject/cac:ProcurementAdditionalType[cbc:ProcurementTypeCode/@listName='accessibility']"", 'test_data_xpaths': [], 'is_covered': False, 'xpath_conditions': [{'xpath_condition': '', 'meets_xpath_condition': True}], 'message': None}"
119,2025-04-24 00:48:48.746065+00:00,"{'sdk_element_id': 'BT-755-Lot', 'sdk_element_title': 'Accessibility Justification', 'sdk_element_xpath': ""/*/cac:ProcurementProjectLot[cbc:ID/@schemeName='Lot']/cac:ProcurementProject/cac:ProcurementAdditionalType[cbc:ProcurementTypeCode/@listName='accessibility']/cbc:ProcurementType"", 'test_data_xpaths': [], 'is_covered': False, 'xpath_conditions': [{'xpath_condition': '', 'meets_xpath_condition': True}], 'message': None}"
120,2025-04-24 00:48:48.746065+00:00,"{'sdk_element_id': 'ND-LotPlacePerformance', 'sdk_element_title': None, 'sdk_element_xpath': ""/*/cac:ProcurementProjectLot[cbc:ID/@schemeName='Lot']/cac:ProcurementProject/cac:RealizedLocation"", 'test_data_xpaths': [{'test_data_suite_oid': '6809839e9090eed3decccd14', 'test_data_suite_id': 'sdk_examples_pin-1.3', 'test_data_oid': '6809839e9090eed3decccd15', 'test_data_id': 't01_PRT', 'xpaths': [{'xpath': 'PriorInformationNotice/cac:ProcurementProjectLot/cac:ProcurementProject/cac:RealizedLocation', 'value': None}]}, {'test_data_suite_oid': '6809839e9090eed3decccd14', 'test_data_suite_id': 'sdk_examples_pin-1.3', 'test_data_oid': '6809839e9090eed3decccd18', 'test_data_id': 'qu-sy_25', 'xpaths': [{'xpath': 'PriorInformationNotice/cac:ProcurementProjectLot/cac:ProcurementProject/cac:RealizedLocation', 'value': None}]}, {'test_data_suite_oid': '6809839e9090eed3decccd14', 'test_data_suite_id': 'sdk_examples_pin-1.3', 'test_data_oid': '6809839e9090eed3decccd19', 'test_data_id': 'CEI', 'xpaths': [{'xpath': 'PriorInformationNotice/cac:ProcurementProjectLot/cac:ProcurementProject/cac:RealizedLocation', 'value': None}]}, {'test_data_suite_oid': '6809839e9090eed3decccd14', 'test_data_suite_id': 'sdk_examples_pin-1.3', 'test_data_oid': '6809839e9090eed3decccd1a', 'test_data_id': 'pin-cfc_25', 'xpaths': [{'xpath': 'PriorInformationNotice/cac:ProcurementProjectLot/cac:ProcurementProject/cac:RealizedLocation', 'value': None}, {'xpath': 'PriorInformationNotice/cac:ProcurementProjectLot/cac:ProcurementProject/cac:RealizedLocation', 'value': None}]}], 'is_covered': True, 'xpath_conditions': [{'xpath_condition': '', 'meets_xpath_condition': True}], 'message': None}"
121,2025-04-24 00:48:48.746065+00:00,"{'sdk_element_id': 'BT-5101(a)-Lot', 'sdk_element_title': 'Place Performance Street', 'sdk_element_xpath': ""/*/cac:ProcurementProjectLot[cbc:ID/@schemeName='Lot']/cac:ProcurementProject/cac:RealizedLocation/cac:Address/cbc:StreetName"", 'test_data_xpaths': [], 'is_covered': False, 'xpath_conditions': [{'xpath_condition': '', 'meets_xpath_condition': True}], 'message': None}"
122,2025-04-24 00:48:48.746065+00:00,"{'sdk_element_id': 'BT-5101(b)-Lot', 'sdk_element_title': 'Place Performance Streetline 1', 'sdk_element_xpath': ""/*/cac:ProcurementProjectLot[cbc:ID/@schemeName='Lot']/cac:ProcurementProject/cac:RealizedLocation/cac:Address/cbc:AdditionalStreetName"", 'test_data_xpaths': [], 'is_covered': False, 'xpath_conditions': [{'xpath_condition': '', 'meets_xpath_condition': True}], 'message': None}"
123,2025-04-24 00:48:48.746065+00:00,"{'sdk_element_id': 'BT-5101(c)-Lot', 'sdk_element_title': 'Place Performance Streetline 2', 'sdk_element_xpath': ""/*/cac:ProcurementProjectLot[cbc:ID/@schemeName='Lot']/cac:ProcurementProject/cac:RealizedLocation/cac:Address/cac:AddressLine/cbc:Line"", 'test_data_xpaths': [], 'is_covered': False, 'xpath_conditions': [{'xpath_condition': '', 'meets_xpath_condition': True}], 'message': None}"
124,2025-04-24 00:48:48.746065+00:00,"{'sdk_element_id': 'BT-5131-Lot', 'sdk_element_title': 'Place Performance City', 'sdk_element_xpath': ""/*/cac:ProcurementProjectLot[cbc:ID/@schemeName='Lot']/cac:ProcurementProject/cac:RealizedLocation/cac:Address/cbc:CityName"", 'test_data_xpaths': [{'test_data_suite_oid': '6809839e9090eed3decccd14', 'test_data_suite_id': 'sdk_examples_pin-1.3', 'test_data_oid': '6809839e9090eed3decccd19', 'test_data_id': 'CEI', 'xpaths': [{'xpath': 'PriorInformationNotice/cac:ProcurementProjectLot/cac:ProcurementProject/cac:RealizedLocation/cac:Address/cbc:CityName', 'value': 'Brussels'}]}], 'is_covered': True, 'xpath_conditions': [{'xpath_condition': '', 'meets_xpath_condition': True}, {'xpath_condition': 'exists(cac:Address/cbc:StreetName) or exists(cac:Address/cbc:AdditionalStreetName) or exists(cac:Address/cac:AddressLine/cbc:Line)', 'meets_xpath_condition': True}], 'message': None}"
125,2025-04-24 00:48:48.746065+00:00,"{'sdk_element_id': 'BT-5121-Lot', 'sdk_element_title': 'Place Performance Post Code', 'sdk_element_xpath': ""/*/cac:ProcurementProjectLot[cbc:ID/@schemeName='Lot']/cac:ProcurementProject/cac:RealizedLocation/cac:Address/cbc:PostalZone"", 'test_data_xpaths': [], 'is_covered': False, 'xpath_conditions': [{'xpath_condition': '', 'meets_xpath_condition': True}, {'xpath_condition': 'exists(cac:Address/cbc:StreetName) or exists(cac:Address/cbc:AdditionalStreetName) or exists(cac:Address/cac:AddressLine/cbc:Line)', 'meets_xpath_condition': True}], 'message': None}"
126,2025-04-24 00:48:48.746065+00:00,"{'sdk_element_id': 'BT-5071-Lot', 'sdk_element_title': 'Place Performance Country Subdivision', 'sdk_element_xpath': ""/*/cac:ProcurementProjectLot[cbc:ID/@schemeName='Lot']/cac:ProcurementProject/cac:RealizedLocation/cac:Address/cbc:CountrySubentityCode"", 'test_data_xpaths': [{'test_data_suite_oid': '6809839e9090eed3decccd14', 'test_data_suite_id': 'sdk_examples_pin-1.3', 'test_data_oid': '6809839e9090eed3decccd15', 'test_data_id': 't01_PRT', 'xpaths': [{'xpath': 'PriorInformationNotice/cac:ProcurementProjectLot/cac:ProcurementProject/cac:RealizedLocation/cac:Address/cbc:CountrySubentityCode', 'value': 'PT16D'}]}, {'test_data_suite_oid': '6809839e9090eed3decccd14', 'test_data_suite_id': 'sdk_examples_pin-1.3', 'test_data_oid': '6809839e9090eed3decccd18', 'test_data_id': 'qu-sy_25', 'xpaths': [{'xpath': 'PriorInformationNotice/cac:ProcurementProjectLot/cac:ProcurementProject/cac:RealizedLocation/cac:Address/cbc:CountrySubentityCode', 'value': 'ITC47'}]}, {'test_data_suite_oid': '6809839e9090eed3decccd14', 'test_data_suite_id': 'sdk_examples_pin-1.3', 'test_data_oid': '6809839e9090eed3decccd19', 'test_data_id': 'CEI', 'xpaths': [{'xpath': 'PriorInformationNotice/cac:ProcurementProjectLot/cac:ProcurementProject/cac:RealizedLocation/cac:Address/cbc:CountrySubentityCode', 'value': 'BE100'}]}, {'test_data_suite_oid': '6809839e9090eed3decccd14', 'test_data_suite_id': 'sdk_examples_pin-1.3', 'test_data_oid': '6809839e9090eed3decccd1a', 'test_data_id': 'pin-cfc_25', 'xpaths': [{'xpath': 'PriorInformationNotice/cac:ProcurementProjectLot/cac:ProcurementProject/cac:RealizedLocation/cac:Address/cbc:CountrySubentityCode', 'value': 'DE113'}, {'xpath': 'PriorInformationNotice/cac:ProcurementProjectLot/cac:ProcurementProject/cac:RealizedLocation/cac:Address/cbc:CountrySubentityCode', 'value': 'DE113'}]}], 'is_covered': True, 'xpath_conditions': [{'xpath_condition': '', 'meets_xpath_condition': True}], 'message': None}"
127,2025-04-24 00:48:48.746065+00:00,"{'sdk_element_id': 'BT-5141-Lot', 'sdk_element_title': 'Place Performance Country Code', 'sdk_element_xpath': ""/*/cac:ProcurementProjectLot[cbc:ID/@schemeName='Lot']/cac:ProcurementProject/cac:RealizedLocation/cac:Address/cac:Country/cbc:IdentificationCode"", 'test_data_xpaths': [{'test_data_suite_oid': '6809839e9090eed3decccd14', 'test_data_suite_id': 'sdk_examples_pin-1.3', 'test_data_oid': '6809839e9090eed3decccd15', 'test_data_id': 't01_PRT', 'xpaths': [{'xpath': 'PriorInformationNotice/cac:ProcurementProjectLot/cac:ProcurementProject/cac:RealizedLocation/cac:Address/cac:Country/cbc:IdentificationCode', 'value': 'PRT'}]}, {'test_data_suite_oid': '6809839e9090eed3decccd14', 'test_data_suite_id': 'sdk_examples_pin-1.3', 'test_data_oid': '6809839e9090eed3decccd18', 'test_data_id': 'qu-sy_25', 'xpaths': [{'xpath': 'PriorInformationNotice/cac:ProcurementProjectLot/cac:ProcurementProject/cac:RealizedLocation/cac:Address/cac:Country/cbc:IdentificationCode', 'value': 'ITA'}]}, {'test_data_suite_oid': '6809839e9090eed3decccd14', 'test_data_suite_id': 'sdk_examples_pin-1.3', 'test_data_oid': '6809839e9090eed3decccd19', 'test_data_id': 'CEI', 'xpaths': [{'xpath': 'PriorInformationNotice/cac:ProcurementProjectLot/cac:ProcurementProject/cac:RealizedLocation/cac:Address/cac:Country/cbc:IdentificationCode', 'value': 'BEL'}]}, {'test_data_suite_oid': '6809839e9090eed3decccd14', 'test_data_suite_id': 'sdk_examples_pin-1.3', 'test_data_oid': '6809839e9090eed3decccd1a', 'test_data_id': 'pin-cfc_25', 'xpaths': [{'xpath': 'PriorInformationNotice/cac:ProcurementProjectLot/cac:ProcurementProject/cac:RealizedLocation/cac:Address/cac:Country/cbc:IdentificationCode', 'value': 'DEU'}, {'xpath': 'PriorInformationNotice/cac:ProcurementProjectLot/cac:ProcurementProject/cac:RealizedLocation/cac:Address/cac:Country/cbc:IdentificationCode', 'value': 'DEU'}]}], 'is_covered': True, 'xpath_conditions': [{'xpath_condition': '', 'meets_xpath_condition': True}, {'xpath_condition': 'exists(cac:Address/cbc:StreetName) or exists(cac:Address/cbc:AdditionalStreetName) or exists(cac:Address/cac:AddressLine/cbc:Line)', 'meets_xpath_condition': True}], 'message': None}"
128,2025-04-24 00:48:48.746065+00:00,"{'sdk_element_id': 'BT-727-Lot', 'sdk_element_title': 'Place Performance Services Other', 'sdk_element_xpath': ""/*/cac:ProcurementProjectLot[cbc:ID/@schemeName='Lot']/cac:ProcurementProject/cac:RealizedLocation/cac:Address/cbc:Region"", 'test_data_xpaths': [], 'is_covered': False, 'xpath_conditions': [{'xpath_condition': '', 'meets_xpath_condition': True}], 'message': None}"
129,2025-04-24 00:48:48.746065+00:00,"{'sdk_element_id': 'BT-728-Lot', 'sdk_element_title': 'Place Performance Additional Information', 'sdk_element_xpath': ""/*/cac:ProcurementProjectLot[cbc:ID/@schemeName='Lot']/cac:ProcurementProject/cac:RealizedLocation/cbc:Description"", 'test_data_xpaths': [{'test_data_suite_oid': '6809839e9090eed3decccd14', 'test_data_suite_id': 'sdk_examples_pin-1.3', 'test_data_oid': '6809839e9090eed3decccd15', 'test_data_id': 't01_PRT', 'xpaths': [{'xpath': 'PriorInformationNotice/cac:ProcurementProjectLot/cac:ProcurementProject/cac:RealizedLocation/cbc:Description', 'value': 'urbano/regional'}]}, {'test_data_suite_oid': '6809839e9090eed3decccd14', 'test_data_suite_id': 'sdk_examples_pin-1.3', 'test_data_oid': '6809839e9090eed3decccd18', 'test_data_id': 'qu-sy_25', 'xpaths': [{'xpath': 'PriorInformationNotice/cac:ProcurementProjectLot/cac:ProcurementProject/cac:RealizedLocation/cbc:Description', 'value': 'Comuni della Provincia di Brescia il cui elenco è disponibile al link https://www.acquebresciane.it/public/acquebresciane-portal/home/societa/comuni-gestiti.'}]}, {'test_data_suite_oid': '6809839e9090eed3decccd14', 'test_data_suite_id': 'sdk_examples_pin-1.3', 'test_data_oid': '6809839e9090eed3decccd1a', 'test_data_id': 'pin-cfc_25', 'xpaths': [{'xpath': 'PriorInformationNotice/cac:ProcurementProjectLot/cac:ProcurementProject/cac:RealizedLocation/cbc:Description', 'value': 'Flughafen Stuttgart'}, {'xpath': 'PriorInformationNotice/cac:ProcurementProjectLot/cac:ProcurementProject/cac:RealizedLocation/cbc:Description', 'value': 'Flughafen Stuttgart'}]}], 'is_covered': True, 'xpath_conditions': [{'xpath_condition': '', 'meets_xpath_condition': True}], 'message': None}"
130,2025-04-24 00:48:48.746065+00:00,"{'sdk_element_id': 'ND-LotDuration', 'sdk_element_title': None, 'sdk_element_xpath': ""/*/cac:ProcurementProjectLot[cbc:ID/@schemeName='Lot']/cac:ProcurementProject/cac:PlannedPeriod"", 'test_data_xpaths': [{'test_data_suite_oid': '6809839e9090eed3decccd14', 'test_data_suite_id': 'sdk_examples_pin-1.3', 'test_data_oid': '6809839e9090eed3decccd15', 'test_data_id': 't01_PRT', 'xpaths': [{'xpath': 'PriorInformationNotice/cac:ProcurementProjectLot/cac:ProcurementProject/cac:PlannedPeriod', 'value': None}]}, {'test_data_suite_oid': '6809839e9090eed3decccd14', 'test_data_suite_id': 'sdk_examples_pin-1.3', 'test_data_oid': '6809839e9090eed3decccd18', 'test_data_id': 'qu-sy_25', 'xpaths': [{'xpath': 'PriorInformationNotice/cac:ProcurementProjectLot/cac:ProcurementProject/cac:PlannedPeriod', 'value': None}]}, {'test_data_suite_oid': '6809839e9090eed3decccd14', 'test_data_suite_id': 'sdk_examples_pin-1.3', 'test_data_oid': '6809839e9090eed3decccd19', 'test_data_id': 'CEI', 'xpaths': [{'xpath': 'PriorInformationNotice/cac:ProcurementProjectLot/cac:ProcurementProject/cac:PlannedPeriod', 'value': None}]}, {'test_data_suite_oid': '6809839e9090eed3decccd14', 'test_data_suite_id': 'sdk_examples_pin-1.3', 'test_data_oid': '6809839e9090eed3decccd1a', 'test_data_id': 'pin-cfc_25', 'xpaths': [{'xpath': 'PriorInformationNotice/cac:ProcurementProjectLot/cac:ProcurementProject/cac:PlannedPeriod', 'value': None}, {'xpath': 'PriorInformationNotice/cac:ProcurementProjectLot/cac:ProcurementProject/cac:PlannedPeriod', 'value': None}]}], 'is_covered': True, 'xpath_conditions': [{'xpath_condition': '', 'meets_xpath_condition': True}], 'message': None}"
131,2025-04-24 00:48:48.746065+00:00,"{'sdk_element_id': 'BT-536-Lot', 'sdk_element_title': 'Duration Start Date', 'sdk_element_xpath': ""/*/cac:ProcurementProjectLot[cbc:ID/@schemeName='Lot']/cac:ProcurementProject/cac:PlannedPeriod/cbc:StartDate"", 'test_data_xpaths': [{'test_data_suite_oid': '6809839e9090eed3decccd14', 'test_data_suite_id': 'sdk_examples_pin-1.3', 'test_data_oid': '6809839e9090eed3decccd18', 'test_data_id': 'qu-sy_25', 'xpaths': [{'xpath': 'PriorInformationNotice/cac:ProcurementProjectLot/cac:ProcurementProject/cac:PlannedPeriod/cbc:StartDate', 'value': '2020-05-01+02:00'}]}, {'test_data_suite_oid': '6809839e9090eed3decccd14', 'test_data_suite_id': 'sdk_examples_pin-1.3', 'test_data_oid': '6809839e9090eed3decccd19', 'test_data_id': 'CEI', 'xpaths': [{'xpath': 'PriorInformationNotice/cac:ProcurementProjectLot/cac:ProcurementProject/cac:PlannedPeriod/cbc:StartDate', 'value': '2020-06-01+02:00'}]}, {'test_data_suite_oid': '6809839e9090eed3decccd14', 'test_data_suite_id': 'sdk_examples_pin-1.3', 'test_data_oid': '6809839e9090eed3decccd1a', 'test_data_id': 'pin-cfc_25', 'xpaths': [{'xpath': 'PriorInformationNotice/cac:ProcurementProjectLot/cac:ProcurementProject/cac:PlannedPeriod/cbc:StartDate', 'value': '2020-09-01+02:00'}, {'xpath': 'PriorInformationNotice/cac:ProcurementProjectLot/cac:ProcurementProject/cac:PlannedPeriod/cbc:StartDate', 'value': '2020-09-01+02:00'}]}], 'is_covered': True, 'xpath_conditions': [{'xpath_condition': '', 'meets_xpath_condition': True}], 'message': None}"
132,2025-04-24 00:48:48.746065+00:00,"{'sdk_element_id': 'BT-537-Lot', 'sdk_element_title': 'Duration End Date', 'sdk_element_xpath': ""/*/cac:ProcurementProjectLot[cbc:ID/@schemeName='Lot']/cac:ProcurementProject/cac:PlannedPeriod/cbc:EndDate"", 'test_data_xpaths': [{'test_data_suite_oid': '6809839e9090eed3decccd14', 'test_data_suite_id': 'sdk_examples_pin-1.3', 'test_data_oid': '6809839e9090eed3decccd18', 'test_data_id': 'qu-sy_25', 'xpaths': [{'xpath': 'PriorInformationNotice/cac:ProcurementProjectLot/cac:ProcurementProject/cac:PlannedPeriod/cbc:EndDate', 'value': '2023-04-30+02:00'}]}], 'is_covered': True, 'xpath_conditions': [{'xpath_condition': '', 'meets_xpath_condition': True}], 'message': None}"
133,2025-04-24 00:48:48.746065+00:00,"{'sdk_element_id': 'BT-36-Lot', 'sdk_element_title': 'Duration Period', 'sdk_element_xpath': ""/*/cac:ProcurementProjectLot[cbc:ID/@schemeName='Lot']/cac:ProcurementProject/cac:PlannedPeriod/cbc:DurationMeasure"", 'test_data_xpaths': [{'test_data_suite_oid': '6809839e9090eed3decccd14', 'test_data_suite_id': 'sdk_examples_pin-1.3', 'test_data_oid': '6809839e9090eed3decccd15', 'test_data_id': 't01_PRT', 'xpaths': [{'xpath': 'PriorInformationNotice/cac:ProcurementProjectLot/cac:ProcurementProject/cac:PlannedPeriod/cbc:DurationMeasure', 'value': '60'}]}, {'test_data_suite_oid': '6809839e9090eed3decccd14', 'test_data_suite_id': 'sdk_examples_pin-1.3', 'test_data_oid': '6809839e9090eed3decccd19', 'test_data_id': 'CEI', 'xpaths': [{'xpath': 'PriorInformationNotice/cac:ProcurementProjectLot/cac:ProcurementProject/cac:PlannedPeriod/cbc:DurationMeasure', 'value': '48'}]}, {'test_data_suite_oid': '6809839e9090eed3decccd14', 'test_data_suite_id': 'sdk_examples_pin-1.3', 'test_data_oid': '6809839e9090eed3decccd1a', 'test_data_id': 'pin-cfc_25', 'xpaths': [{'xpath': 'PriorInformationNotice/cac:ProcurementProjectLot/cac:ProcurementProject/cac:PlannedPeriod/cbc:DurationMeasure', 'value': '24'}, {'xpath': 'PriorInformationNotice/cac:ProcurementProjectLot/cac:ProcurementProject/cac:PlannedPeriod/cbc:DurationMeasure', 'value': '24'}]}], 'is_covered': True, 'xpath_conditions': [{'xpath_condition': '', 'meets_xpath_condition': True}, {'xpath_condition': ""cbc:DurationMeasure[@unitCode='DAY']"", 'meets_xpath_condition': False}, {'xpath_condition': ""cbc:DurationMeasure[@unitCode='WEEK']"", 'meets_xpath_condition': False}, {'xpath_condition': ""cbc:DurationMeasure[@unitCode='MONTH']"", 'meets_xpath_condition': False}, {'xpath_condition': ""cbc:DurationMeasure[@unitCode='YEAR']"", 'meets_xpath_condition': False}], 'message': None}"
134,2025-04-24 00:48:48.746065+00:00,"{'sdk_element_id': 'BT-538-Lot', 'sdk_element_title': 'Duration Other', 'sdk_element_xpath': ""/*/cac:ProcurementProjectLot[cbc:ID/@schemeName='Lot']/cac:ProcurementProject/cac:PlannedPeriod/cbc:DescriptionCode"", 'test_data_xpaths': [], 'is_covered': False, 'xpath_conditions': [{'xpath_condition': '', 'meets_xpath_condition': True}], 'message': None}"
135,2025-04-24 00:48:48.746065+00:00,"{'sdk_element_id': 'ND-OptionsAndRenewals', 'sdk_element_title': None, 'sdk_element_xpath': ""/*/cac:ProcurementProjectLot[cbc:ID/@schemeName='Lot']/cac:ProcurementProject/cac:ContractExtension"", 'test_data_xpaths': [{'test_data_suite_oid': '6809839e9090eed3decccd14', 'test_data_suite_id': 'sdk_examples_pin-1.3', 'test_data_oid': '6809839e9090eed3decccd18', 'test_data_id': 'qu-sy_25', 'xpaths': [{'xpath': 'PriorInformationNotice/cac:ProcurementProjectLot/cac:ProcurementProject/cac:ContractExtension', 'value': None}]}, {'test_data_suite_oid': '6809839e9090eed3decccd14', 'test_data_suite_id': 'sdk_examples_pin-1.3', 'test_data_oid': '6809839e9090eed3decccd1a', 'test_data_id': 'pin-cfc_25', 'xpaths': [{'xpath': 'PriorInformationNotice/cac:ProcurementProjectLot/cac:ProcurementProject/cac:ContractExtension', 'value': None}, {'xpath': 'PriorInformationNotice/cac:ProcurementProjectLot/cac:ProcurementProject/cac:ContractExtension', 'value': None}]}], 'is_covered': True, 'xpath_conditions': [{'xpath_condition': '', 'meets_xpath_condition': True}], 'message': None}"
136,2025-04-24 00:48:48.746065+00:00,"{'sdk_element_id': 'BT-54-Lot', 'sdk_element_title': 'Options Description', 'sdk_element_xpath': ""/*/cac:ProcurementProjectLot[cbc:ID/@schemeName='Lot']/cac:ProcurementProject/cac:ContractExtension/cbc:OptionsDescription"", 'test_data_xpaths': [], 'is_covered': False, 'xpath_conditions': [{'xpath_condition': '', 'meets_xpath_condition': True}], 'message': None}"
137,2025-04-24 00:48:48.746065+00:00,"{'sdk_element_id': 'BT-58-Lot', 'sdk_element_title': 'Renewal Maximum', 'sdk_element_xpath': ""/*/cac:ProcurementProjectLot[cbc:ID/@schemeName='Lot']/cac:ProcurementProject/cac:ContractExtension/cbc:MaximumNumberNumeric"", 'test_data_xpaths': [{'test_data_suite_oid': '6809839e9090eed3decccd14', 'test_data_suite_id': 'sdk_examples_pin-1.3', 'test_data_oid': '6809839e9090eed3decccd18', 'test_data_id': 'qu-sy_25', 'xpaths': [{'xpath': 'PriorInformationNotice/cac:ProcurementProjectLot/cac:ProcurementProject/cac:ContractExtension/cbc:MaximumNumberNumeric', 'value': '0'}]}, {'test_data_suite_oid': '6809839e9090eed3decccd14', 'test_data_suite_id': 'sdk_examples_pin-1.3', 'test_data_oid': '6809839e9090eed3decccd1a', 'test_data_id': 'pin-cfc_25', 'xpaths': [{'xpath': 'PriorInformationNotice/cac:ProcurementProjectLot/cac:ProcurementProject/cac:ContractExtension/cbc:MaximumNumberNumeric', 'value': '2'}, {'xpath': 'PriorInformationNotice/cac:ProcurementProjectLot/cac:ProcurementProject/cac:ContractExtension/cbc:MaximumNumberNumeric', 'value': '2'}]}], 'is_covered': True, 'xpath_conditions': [{'xpath_condition': '', 'meets_xpath_condition': True}], 'message': None}"
138,2025-04-24 00:48:48.746065+00:00,"{'sdk_element_id': 'BT-57-Lot', 'sdk_element_title': 'Renewal Description', 'sdk_element_xpath': ""/*/cac:ProcurementProjectLot[cbc:ID/@schemeName='Lot']/cac:ProcurementProject/cac:ContractExtension/cac:Renewal/cac:Period/cbc:Description"", 'test_data_xpaths': [{'test_data_suite_oid': '6809839e9090eed3decccd14', 'test_data_suite_id': 'sdk_examples_pin-1.3', 'test_data_oid': '6809839e9090eed3decccd1a', 'test_data_id': 'pin-cfc_25', 'xpaths': [{'xpath': 'PriorInformationNotice/cac:ProcurementProjectLot/cac:ProcurementProject/cac:ContractExtension/cac:Renewal/cac:Period/cbc:Description', 'value': 'Zweimalige Option auf Verlängerung um jeweils 24 Monate (max. 48 Monate).'}, {'xpath': 'PriorInformationNotice/cac:ProcurementProjectLot/cac:ProcurementProject/cac:ContractExtension/cac:Renewal/cac:Period/cbc:Description', 'value': 'Zweimalige Option auf Verlängerung um jeweils 24 Monate (max. 48 Monate).'}]}], 'is_covered': True, 'xpath_conditions': [{'xpath_condition': '', 'meets_xpath_condition': True}], 'message': None}"
139,2025-04-24 00:48:48.746065+00:00,"{'sdk_element_id': 'ND-AuctionTerms', 'sdk_element_title': None, 'sdk_element_xpath': ""/*/cac:ProcurementProjectLot[cbc:ID/@schemeName='Lot']/cac:TenderingProcess/cac:AuctionTerms"", 'test_data_xpaths': [], 'is_covered': False, 'xpath_conditions': [{'xpath_condition': '', 'meets_xpath_condition': True}], 'message': None}"
140,2025-04-24 00:48:48.746065+00:00,"{'sdk_element_id': 'BT-767-Lot', 'sdk_element_title': 'Electronic Auction', 'sdk_element_xpath': ""/*/cac:ProcurementProjectLot[cbc:ID/@schemeName='Lot']/cac:TenderingProcess/cac:AuctionTerms/cbc:AuctionConstraintIndicator"", 'test_data_xpaths': [], 'is_covered': False, 'xpath_conditions': [{'xpath_condition': ""cbc:AuctionConstraintIndicator/text()='true'"", 'meets_xpath_condition': True}, {'xpath_condition': ""cbc:AuctionConstraintIndicator/text()='false'"", 'meets_xpath_condition': True}], 'message': None}"
141,2025-04-24 00:48:48.746065+00:00,"{'sdk_element_id': 'BT-122-Lot', 'sdk_element_title': 'Electronic Auction Description', 'sdk_element_xpath': ""/*/cac:ProcurementProjectLot[cbc:ID/@schemeName='Lot']/cac:TenderingProcess/cac:AuctionTerms/cbc:Description"", 'test_data_xpaths': [], 'is_covered': False, 'xpath_conditions': [{'xpath_condition': '', 'meets_xpath_condition': True}], 'message': None}"
142,2025-04-24 00:48:48.746065+00:00,"{'sdk_element_id': 'BT-123-Lot', 'sdk_element_title': 'Electronic Auction URL', 'sdk_element_xpath': ""/*/cac:ProcurementProjectLot[cbc:ID/@schemeName='Lot']/cac:TenderingProcess/cac:AuctionTerms/cbc:AuctionURI"", 'test_data_xpaths': [], 'is_covered': False, 'xpath_conditions': [{'xpath_condition': '', 'meets_xpath_condition': True}], 'message': None}"
143,2025-04-24 00:48:48.746065+00:00,"{'sdk_element_id': 'BT-115-Lot', 'sdk_element_title': 'GPA Coverage', 'sdk_element_xpath': ""/*/cac:ProcurementProjectLot[cbc:ID/@schemeName='Lot']/cac:TenderingProcess/cbc:GovernmentAgreementConstraintIndicator"", 'test_data_xpaths': [{'test_data_suite_oid': '6809839e9090eed3decccd14', 'test_data_suite_id': 'sdk_examples_pin-1.3', 'test_data_oid': '6809839e9090eed3decccd18', 'test_data_id': 'qu-sy_25', 'xpaths': [{'xpath': 'PriorInformationNotice/cac:ProcurementProjectLot/cac:TenderingProcess/cbc:GovernmentAgreementConstraintIndicator', 'value': 'true'}]}, {'test_data_suite_oid': '6809839e9090eed3decccd14', 'test_data_suite_id': 'sdk_examples_pin-1.3', 'test_data_oid': '6809839e9090eed3decccd1a', 'test_data_id': 'pin-cfc_25', 'xpaths': [{'xpath': 'PriorInformationNotice/cac:ProcurementProjectLot/cac:TenderingProcess/cbc:GovernmentAgreementConstraintIndicator', 'value': 'true'}, {'xpath': 'PriorInformationNotice/cac:ProcurementProjectLot/cac:TenderingProcess/cbc:GovernmentAgreementConstraintIndicator', 'value': 'true'}]}], 'is_covered': True, 'xpath_conditions': [{'xpath_condition': '', 'meets_xpath_condition': True}], 'message': None}"
144,2025-04-24 00:48:48.746065+00:00,"{'sdk_element_id': 'ND-LotTenderingTerms', 'sdk_element_title': None, 'sdk_element_xpath': ""/*/cac:ProcurementProjectLot[cbc:ID/@schemeName='Lot']/cac:TenderingTerms"", 'test_data_xpaths': [{'test_data_suite_oid': '6809839e9090eed3decccd14', 'test_data_suite_id': 'sdk_examples_pin-1.3', 'test_data_oid': '6809839e9090eed3decccd15', 'test_data_id': 't01_PRT', 'xpaths': [{'xpath': 'PriorInformationNotice/cac:ProcurementProjectLot/cac:TenderingTerms', 'value': None}]}, {'test_data_suite_oid': '6809839e9090eed3decccd14', 'test_data_suite_id': 'sdk_examples_pin-1.3', 'test_data_oid': '6809839e9090eed3decccd18', 'test_data_id': 'qu-sy_25', 'xpaths': [{'xpath': 'PriorInformationNotice/cac:ProcurementProjectLot/cac:TenderingTerms', 'value': None}]}, {'test_data_suite_oid': '6809839e9090eed3decccd14', 'test_data_suite_id': 'sdk_examples_pin-1.3', 'test_data_oid': '6809839e9090eed3decccd19', 'test_data_id': 'CEI', 'xpaths': [{'xpath': 'PriorInformationNotice/cac:ProcurementProjectLot/cac:TenderingTerms', 'value': None}]}, {'test_data_suite_oid': '6809839e9090eed3decccd14', 'test_data_suite_id': 'sdk_examples_pin-1.3', 'test_data_oid': '6809839e9090eed3decccd1a', 'test_data_id': 'pin-cfc_25', 'xpaths': [{'xpath': 'PriorInformationNotice/cac:ProcurementProjectLot/cac:TenderingTerms', 'value': None}, {'xpath': 'PriorInformationNotice/cac:ProcurementProjectLot/cac:TenderingTerms', 'value': None}]}], 'is_covered': True, 'xpath_conditions': [{'xpath_condition': '', 'meets_xpath_condition': True}], 'message': None}"
145,2025-04-24 00:48:48.746065+00:00,"{'sdk_element_id': 'BT-60-Lot', 'sdk_element_title': 'EU Funds', 'sdk_element_xpath': ""/*/cac:ProcurementProjectLot[cbc:ID/@schemeName='Lot']/cac:TenderingTerms/cbc:FundingProgramCode[@listName='eu-funded']"", 'test_data_xpaths': [{'test_data_suite_oid': '6809839e9090eed3decccd14', 'test_data_suite_id': 'sdk_examples_pin-1.3', 'test_data_oid': '6809839e9090eed3decccd19', 'test_data_id': 'CEI', 'xpaths': [{'xpath': 'PriorInformationNotice/cac:ProcurementProjectLot/cac:TenderingTerms/cbc:FundingProgramCode', 'value': 'eu-funds'}]}], 'is_covered': True, 'xpath_conditions': [{'xpath_condition': ""cbc:FundingProgramCode[@listName='eu-funded']/text()='eu-funds'"", 'meets_xpath_condition': True}, {'xpath_condition': ""cbc:FundingProgramCode[@listName='eu-funded']/text()='no-eu-funds'"", 'meets_xpath_condition': True}], 'message': None}"
146,2025-04-24 00:48:48.746065+00:00,"{'sdk_element_id': 'BT-765-Lot', 'sdk_element_title': 'Framework Agreement', 'sdk_element_xpath': ""/*/cac:ProcurementProjectLot[cbc:ID/@schemeName='Lot']/cac:TenderingProcess/cac:ContractingSystem/cbc:ContractingSystemTypeCode[@listName='framework-agreement']"", 'test_data_xpaths': [{'test_data_suite_oid': '6809839e9090eed3decccd14', 'test_data_suite_id': 'sdk_examples_pin-1.3', 'test_data_oid': '6809839e9090eed3decccd1a', 'test_data_id': 'pin-cfc_25', 'xpaths': [{'xpath': 'PriorInformationNotice/cac:ProcurementProjectLot/cac:TenderingProcess/cac:ContractingSystem/cbc:ContractingSystemTypeCode', 'value': 'none'}, {'xpath': 'PriorInformationNotice/cac:ProcurementProjectLot/cac:TenderingProcess/cac:ContractingSystem/cbc:ContractingSystemTypeCode', 'value': 'none'}]}], 'is_covered': True, 'xpath_conditions': [{'xpath_condition': '', 'meets_xpath_condition': True}], 'message': None}"
147,2025-04-24 00:48:48.746065+00:00,"{'sdk_element_id': 'BT-766-Lot', 'sdk_element_title': 'Dynamic Purchasing System', 'sdk_element_xpath': ""/*/cac:ProcurementProjectLot[cbc:ID/@schemeName='Lot']/cac:TenderingProcess/cac:ContractingSystem/cbc:ContractingSystemTypeCode[@listName='dps-usage']"", 'test_data_xpaths': [{'test_data_suite_oid': '6809839e9090eed3decccd14', 'test_data_suite_id': 'sdk_examples_pin-1.3', 'test_data_oid': '6809839e9090eed3decccd1a', 'test_data_id': 'pin-cfc_25', 'xpaths': [{'xpath': 'PriorInformationNotice/cac:ProcurementProjectLot/cac:TenderingProcess/cac:ContractingSystem/cbc:ContractingSystemTypeCode', 'value': 'none'}, {'xpath': 'PriorInformationNotice/cac:ProcurementProjectLot/cac:TenderingProcess/cac:ContractingSystem/cbc:ContractingSystemTypeCode', 'value': 'none'}]}], 'is_covered': True, 'xpath_conditions': [{'xpath_condition': '', 'meets_xpath_condition': True}], 'message': None}"
148,2025-04-24 00:48:48.746065+00:00,"{'sdk_element_id': 'ND-NonUBLTenderingTerms', 'sdk_element_title': None, 'sdk_element_xpath': ""/*/cac:ProcurementProjectLot[cbc:ID/@schemeName='Lot']/cac:TenderingTerms/ext:UBLExtensions/ext:UBLExtension/ext:ExtensionContent/efext:EformsExtension"", 'test_data_xpaths': [{'test_data_suite_oid': '6809839e9090eed3decccd14', 'test_data_suite_id': 'sdk_examples_pin-1.3', 'test_data_oid': '6809839e9090eed3decccd18', 'test_data_id': 'qu-sy_25', 'xpaths': [{'xpath': 'PriorInformationNotice/cac:ProcurementProjectLot/cac:TenderingTerms/ext:UBLExtensions/ext:UBLExtension/ext:ExtensionContent/efext:EformsExtension', 'value': None}]}, {'test_data_suite_oid': '6809839e9090eed3decccd14', 'test_data_suite_id': 'sdk_examples_pin-1.3', 'test_data_oid': '6809839e9090eed3decccd19', 'test_data_id': 'CEI', 'xpaths': [{'xpath': 'PriorInformationNotice/cac:ProcurementProjectLot/cac:TenderingTerms/ext:UBLExtensions/ext:UBLExtension/ext:ExtensionContent/efext:EformsExtension', 'value': None}]}, {'test_data_suite_oid': '6809839e9090eed3decccd14', 'test_data_suite_id': 'sdk_examples_pin-1.3', 'test_data_oid': '6809839e9090eed3decccd1a', 'test_data_id': 'pin-cfc_25', 'xpaths': [{'xpath': 'PriorInformationNotice/cac:ProcurementProjectLot/cac:TenderingTerms/ext:UBLExtensions/ext:UBLExtension/ext:ExtensionContent/efext:EformsExtension', 'value': None}, {'xpath': 'PriorInformationNotice/cac:ProcurementProjectLot/cac:TenderingTerms/ext:UBLExtensions/ext:UBLExtension/ext:ExtensionContent/efext:EformsExtension', 'value': None}]}], 'is_covered': True, 'xpath_conditions': [{'xpath_condition': '', 'meets_xpath_condition': True}], 'message': None}"
149,2025-04-24 00:48:48.746065+00:00,"{'sdk_element_id': 'ND-Funding', 'sdk_element_title': None, 'sdk_element_xpath': ""/*/cac:ProcurementProjectLot[cbc:ID/@schemeName='Lot']/cac:TenderingTerms/ext:UBLExtensions/ext:UBLExtension/ext:ExtensionContent/efext:EformsExtension/efac:Funding"", 'test_data_xpaths': [], 'is_covered': False, 'xpath_conditions': [{'xpath_condition': '', 'meets_xpath_condition': True}], 'message': None}"
150,2025-04-24 00:48:48.746065+00:00,"{'sdk_element_id': 'BT-7220-Lot', 'sdk_element_title': 'EU Funds Programme', 'sdk_element_xpath': ""/*/cac:ProcurementProjectLot[cbc:ID/@schemeName='Lot']/cac:TenderingTerms/ext:UBLExtensions/ext:UBLExtension/ext:ExtensionContent/efext:EformsExtension/efac:Funding/cbc:FundingProgramCode"", 'test_data_xpaths': [], 'is_covered': False, 'xpath_conditions': [{'xpath_condition': '', 'meets_xpath_condition': True}], 'message': None}"
151,2025-04-24 00:48:48.746065+00:00,"{'sdk_element_id': 'BT-5010-Lot', 'sdk_element_title': 'EU Funds Financing Identifier', 'sdk_element_xpath': ""/*/cac:ProcurementProjectLot[cbc:ID/@schemeName='Lot']/cac:TenderingTerms/ext:UBLExtensions/ext:UBLExtension/ext:ExtensionContent/efext:EformsExtension/efac:Funding/efbc:FinancingIdentifier"", 'test_data_xpaths': [], 'is_covered': False, 'xpath_conditions': [{'xpath_condition': '', 'meets_xpath_condition': True}], 'message': None}"
152,2025-04-24 00:48:48.746065+00:00,"{'sdk_element_id': 'BT-6140-Lot', 'sdk_element_title': 'EU Funds Details', 'sdk_element_xpath': ""/*/cac:ProcurementProjectLot[cbc:ID/@schemeName='Lot']/cac:TenderingTerms/ext:UBLExtensions/ext:UBLExtension/ext:ExtensionContent/efext:EformsExtension/efac:Funding/cbc:Description"", 'test_data_xpaths': [], 'is_covered': False, 'xpath_conditions': [{'xpath_condition': '', 'meets_xpath_condition': True}], 'message': None}"
153,2025-04-24 00:48:48.746065+00:00,"{'sdk_element_id': 'ND-FA', 'sdk_element_title': None, 'sdk_element_xpath': ""/*/cac:ProcurementProjectLot[cbc:ID/@schemeName='Lot']/cac:TenderingProcess/cac:FrameworkAgreement"", 'test_data_xpaths': [], 'is_covered': False, 'xpath_conditions': [{'xpath_condition': '', 'meets_xpath_condition': True}], 'message': None}"
154,2025-04-24 00:48:48.746065+00:00,"{'sdk_element_id': 'BT-113-Lot', 'sdk_element_title': 'Framework Maximum Participants Number', 'sdk_element_xpath': ""/*/cac:ProcurementProjectLot[cbc:ID/@schemeName='Lot']/cac:TenderingProcess/cac:FrameworkAgreement/cbc:MaximumOperatorQuantity"", 'test_data_xpaths': [], 'is_covered': False, 'xpath_conditions': [{'xpath_condition': '', 'meets_xpath_condition': True}], 'message': None}"
155,2025-04-24 00:48:48.746065+00:00,"{'sdk_element_id': 'BT-109-Lot', 'sdk_element_title': 'Framework Duration Justification', 'sdk_element_xpath': ""/*/cac:ProcurementProjectLot[cbc:ID/@schemeName='Lot']/cac:TenderingProcess/cac:FrameworkAgreement/cbc:Justification"", 'test_data_xpaths': [], 'is_covered': False, 'xpath_conditions': [{'xpath_condition': '', 'meets_xpath_condition': True}], 'message': None}"
156,2025-04-24 00:48:48.746065+00:00,"{'sdk_element_id': 'ND-LotBuyerCategories', 'sdk_element_title': None, 'sdk_element_xpath': ""/*/cac:ProcurementProjectLot[cbc:ID/@schemeName='Lot']/cac:TenderingProcess/cac:FrameworkAgreement/cac:SubsequentProcessTenderRequirement"", 'test_data_xpaths': [], 'is_covered': False, 'xpath_conditions': [{'xpath_condition': '', 'meets_xpath_condition': True}], 'message': None}"
157,2025-04-24 00:48:48.746065+00:00,"{'sdk_element_id': 'OPT-090-Lot', 'sdk_element_title': 'Buyer Categories', 'sdk_element_xpath': ""/*/cac:ProcurementProjectLot[cbc:ID/@schemeName='Lot']/cac:TenderingProcess/cac:FrameworkAgreement/cac:SubsequentProcessTenderRequirement/cbc:Name"", 'test_data_xpaths': [], 'is_covered': False, 'xpath_conditions': [{'xpath_condition': '', 'meets_xpath_condition': True}], 'message': None}"
158,2025-04-24 00:48:48.746065+00:00,"{'sdk_element_id': 'ND-FABuyerCategories', 'sdk_element_title': None, 'sdk_element_xpath': ""/*/cac:ProcurementProjectLot[cbc:ID/@schemeName='Lot']/cac:TenderingProcess/cac:FrameworkAgreement/cac:SubsequentProcessTenderRequirement[cbc:Name/text()='buyer-categories']"", 'test_data_xpaths': [], 'is_covered': False, 'xpath_conditions': [{'xpath_condition': '', 'meets_xpath_condition': True}], 'message': None}"
159,2025-04-24 00:48:48.746065+00:00,"{'sdk_element_id': 'BT-111-Lot', 'sdk_element_title': 'Framework Buyer Categories', 'sdk_element_xpath': ""/*/cac:ProcurementProjectLot[cbc:ID/@schemeName='Lot']/cac:TenderingProcess/cac:FrameworkAgreement/cac:SubsequentProcessTenderRequirement[cbc:Name/text()='buyer-categories']/cbc:Description"", 'test_data_xpaths': [], 'is_covered': False, 'xpath_conditions': [{'xpath_condition': '', 'meets_xpath_condition': True}], 'message': None}"
160,2025-04-24 00:48:48.746065+00:00,"{'sdk_element_id': 'ND-LotFiscalLegislation', 'sdk_element_title': None, 'sdk_element_xpath': ""/*/cac:ProcurementProjectLot[cbc:ID/@schemeName='Lot']/cac:TenderingTerms/cac:FiscalLegislationDocumentReference"", 'test_data_xpaths': [], 'is_covered': False, 'xpath_conditions': [{'xpath_condition': ""/*/cbc:NoticeTypeCode/@listName='planning' or /*/cbc:NoticeTypeCode/@listName='competition' or /*/cbc:NoticeTypeCode/@listName='dir-awa-pre' or (/*/cbc:NoticeTypeCode/@listName='change' and exists(/*/ext:UBLExtensions/ext:UBLExtension/ext:ExtensionContent/efext:EformsExtension/efac:NoticeSubType/cbc:SubTypeCode[contains('1 2 3 4 5 6 7 8 9 T01   10 11 12 13 14 15 16 17 18 19 20 21 22 23 24 CEI   25 26 27 28', text())]))"", 'meets_xpath_condition': True}, {'xpath_condition': ""/*/cbc:NoticeTypeCode/@listName='result' or /*/cbc:NoticeTypeCode/@listName='cont-modif' or /*/cbc:NoticeTypeCode/@listName='consultation' or /*/cbc:NoticeTypeCode/@listName='completion' or (/*/cbc:NoticeTypeCode/@listName='change' and exists(/*/ext:UBLExtensions/ext:UBLExtension/ext:ExtensionContent/efext:EformsExtension/efac:NoticeSubType/cbc:SubTypeCode[contains('29 30 31 32 33 34 35 36 37 T02   38 39 40', text())]))"", 'meets_xpath_condition': True}, {'xpath_condition': '', 'meets_xpath_condition': True}], 'message': None}"
161,2025-04-24 00:48:48.746065+00:00,"{'sdk_element_id': 'OPT-301-Lot-FiscalLegis', 'sdk_element_title': 'Fiscal Legislation Organization Technical Identifier Reference', 'sdk_element_xpath': ""/*/cac:ProcurementProjectLot[cbc:ID/@schemeName='Lot']/cac:TenderingTerms/cac:FiscalLegislationDocumentReference/cac:IssuerParty/cac:PartyIdentification/cbc:ID"", 'test_data_xpaths': [], 'is_covered': False, 'xpath_conditions': [{'xpath_condition': ""cac:IssuerParty/cac:PartyIdentification/cbc:ID/@schemeName='touchpoint' or exists(cac:IssuerParty/cac:PartyIdentification/cbc:ID[starts-with(text(), 'TPO-')])"", 'meets_xpath_condition': False}], 'message': None}"
162,2025-04-24 00:48:48.746065+00:00,"{'sdk_element_id': 'OPT-110-Lot-FiscalLegis', 'sdk_element_title': 'URL to Fiscal Legislation', 'sdk_element_xpath': ""/*/cac:ProcurementProjectLot[cbc:ID/@schemeName='Lot']/cac:TenderingTerms/cac:FiscalLegislationDocumentReference/cac:Attachment/cac:ExternalReference/cbc:URI"", 'test_data_xpaths': [], 'is_covered': False, 'xpath_conditions': [{'xpath_condition': '', 'meets_xpath_condition': True}], 'message': None}"
163,2025-04-24 00:48:48.746065+00:00,"{'sdk_element_id': 'OPT-111-Lot-FiscalLegis', 'sdk_element_title': 'Fiscal Legislation Document ID', 'sdk_element_xpath': ""/*/cac:ProcurementProjectLot[cbc:ID/@schemeName='Lot']/cac:TenderingTerms/cac:FiscalLegislationDocumentReference/cbc:ID"", 'test_data_xpaths': [], 'is_covered': False, 'xpath_conditions': [{'xpath_condition': '', 'meets_xpath_condition': True}], 'message': None}"
164,2025-04-24 00:48:48.746065+00:00,"{'sdk_element_id': 'ND-LotEnvironmentalLegislation', 'sdk_element_title': None, 'sdk_element_xpath': ""/*/cac:ProcurementProjectLot[cbc:ID/@schemeName='Lot']/cac:TenderingTerms/cac:EnvironmentalLegislationDocumentReference"", 'test_data_xpaths': [], 'is_covered': False, 'xpath_conditions': [{'xpath_condition': ""/*/cbc:NoticeTypeCode/@listName='planning' or /*/cbc:NoticeTypeCode/@listName='competition' or /*/cbc:NoticeTypeCode/@listName='dir-awa-pre' or (/*/cbc:NoticeTypeCode/@listName='change' and exists(/*/ext:UBLExtensions/ext:UBLExtension/ext:ExtensionContent/efext:EformsExtension/efac:NoticeSubType/cbc:SubTypeCode[contains('1 2 3 4 5 6 7 8 9 T01   10 11 12 13 14 15 16 17 18 19 20 21 22 23 24 CEI   25 26 27 28', text())]))"", 'meets_xpath_condition': True}, {'xpath_condition': ""/*/cbc:NoticeTypeCode/@listName='result' or /*/cbc:NoticeTypeCode/@listName='cont-modif' or /*/cbc:NoticeTypeCode/@listName='consultation' or /*/cbc:NoticeTypeCode/@listName='completion' or (/*/cbc:NoticeTypeCode/@listName='change' and exists(/*/ext:UBLExtensions/ext:UBLExtension/ext:ExtensionContent/efext:EformsExtension/efac:NoticeSubType/cbc:SubTypeCode[contains('29 30 31 32 33 34 35 36 37 T02   38 39 40', text())]))"", 'meets_xpath_condition': True}, {'xpath_condition': '', 'meets_xpath_condition': True}], 'message': None}"
165,2025-04-24 00:48:48.746065+00:00,"{'sdk_element_id': 'OPT-301-Lot-EnvironLegis', 'sdk_element_title': 'Environmental Legislation Organization Technical Identifier Reference', 'sdk_element_xpath': ""/*/cac:ProcurementProjectLot[cbc:ID/@schemeName='Lot']/cac:TenderingTerms/cac:EnvironmentalLegislationDocumentReference/cac:IssuerParty/cac:PartyIdentification/cbc:ID"", 'test_data_xpaths': [], 'is_covered': False, 'xpath_conditions': [{'xpath_condition': ""cac:IssuerParty/cac:PartyIdentification/cbc:ID/@schemeName='touchpoint' or exists(cac:IssuerParty/cac:PartyIdentification/cbc:ID[starts-with(text(), 'TPO-')])"", 'meets_xpath_condition': False}], 'message': None}"
166,2025-04-24 00:48:48.746065+00:00,"{'sdk_element_id': 'OPT-120-Lot-EnvironLegis', 'sdk_element_title': 'URL to Environmental Legislation', 'sdk_element_xpath': ""/*/cac:ProcurementProjectLot[cbc:ID/@schemeName='Lot']/cac:TenderingTerms/cac:EnvironmentalLegislationDocumentReference/cac:Attachment/cac:ExternalReference/cbc:URI"", 'test_data_xpaths': [], 'is_covered': False, 'xpath_conditions': [{'xpath_condition': '', 'meets_xpath_condition': True}], 'message': None}"
167,2025-04-24 00:48:48.746065+00:00,"{'sdk_element_id': 'OPT-112-Lot-EnvironLegis', 'sdk_element_title': 'Environmental Legislation Document ID', 'sdk_element_xpath': ""/*/cac:ProcurementProjectLot[cbc:ID/@schemeName='Lot']/cac:TenderingTerms/cac:EnvironmentalLegislationDocumentReference/cbc:ID"", 'test_data_xpaths': [], 'is_covered': False, 'xpath_conditions': [{'xpath_condition': '', 'meets_xpath_condition': True}], 'message': None}"
168,2025-04-24 00:48:48.746065+00:00,"{'sdk_element_id': 'ND-LotEmploymentLegislation', 'sdk_element_title': None, 'sdk_element_xpath': ""/*/cac:ProcurementProjectLot[cbc:ID/@schemeName='Lot']/cac:TenderingTerms/cac:EmploymentLegislationDocumentReference"", 'test_data_xpaths': [], 'is_covered': False, 'xpath_conditions': [{'xpath_condition': ""/*/cbc:NoticeTypeCode/@listName='planning' or /*/cbc:NoticeTypeCode/@listName='competition' or /*/cbc:NoticeTypeCode/@listName='dir-awa-pre' or (/*/cbc:NoticeTypeCode/@listName='change' and exists(/*/ext:UBLExtensions/ext:UBLExtension/ext:ExtensionContent/efext:EformsExtension/efac:NoticeSubType/cbc:SubTypeCode[contains('1 2 3 4 5 6 7 8 9 T01   10 11 12 13 14 15 16 17 18 19 20 21 22 23 24 CEI   25 26 27 28', text())]))"", 'meets_xpath_condition': True}, {'xpath_condition': ""/*/cbc:NoticeTypeCode/@listName='result' or /*/cbc:NoticeTypeCode/@listName='cont-modif' or /*/cbc:NoticeTypeCode/@listName='consultation' or /*/cbc:NoticeTypeCode/@listName='completion' or (/*/cbc:NoticeTypeCode/@listName='change' and exists(/*/ext:UBLExtensions/ext:UBLExtension/ext:ExtensionContent/efext:EformsExtension/efac:NoticeSubType/cbc:SubTypeCode[contains('29 30 31 32 33 34 35 36 37 T02   38 39 40', text())]))"", 'meets_xpath_condition': True}, {'xpath_condition': '', 'meets_xpath_condition': True}], 'message': None}"
169,2025-04-24 00:48:48.746065+00:00,"{'sdk_element_id': 'OPT-301-Lot-EmployLegis', 'sdk_element_title': 'Employment Legislation Organization Technical Identifier Reference', 'sdk_element_xpath': ""/*/cac:ProcurementProjectLot[cbc:ID/@schemeName='Lot']/cac:TenderingTerms/cac:EmploymentLegislationDocumentReference/cac:IssuerParty/cac:PartyIdentification/cbc:ID"", 'test_data_xpaths': [], 'is_covered': False, 'xpath_conditions': [{'xpath_condition': ""cac:IssuerParty/cac:PartyIdentification/cbc:ID/@schemeName='touchpoint' or exists(cac:IssuerParty/cac:PartyIdentification/cbc:ID[starts-with(text(), 'TPO-')])"", 'meets_xpath_condition': False}], 'message': None}"
170,2025-04-24 00:48:48.746065+00:00,"{'sdk_element_id': 'OPT-130-Lot-EmployLegis', 'sdk_element_title': 'URL to Employment Legislation', 'sdk_element_xpath': ""/*/cac:ProcurementProjectLot[cbc:ID/@schemeName='Lot']/cac:TenderingTerms/cac:EmploymentLegislationDocumentReference/cac:Attachment/cac:ExternalReference/cbc:URI"", 'test_data_xpaths': [], 'is_covered': False, 'xpath_conditions': [{'xpath_condition': '', 'meets_xpath_condition': True}], 'message': None}"
171,2025-04-24 00:48:48.746065+00:00,"{'sdk_element_id': 'OPT-113-Lot-EmployLegis', 'sdk_element_title': 'Employment Legislation Document ID', 'sdk_element_xpath': ""/*/cac:ProcurementProjectLot[cbc:ID/@schemeName='Lot']/cac:TenderingTerms/cac:EmploymentLegislationDocumentReference/cbc:ID"", 'test_data_xpaths': [], 'is_covered': False, 'xpath_conditions': [{'xpath_condition': '', 'meets_xpath_condition': True}], 'message': None}"
172,2025-04-24 00:48:48.746065+00:00,"{'sdk_element_id': 'BT-300-Lot', 'sdk_element_title': 'Additional Information', 'sdk_element_xpath': ""/*/cac:ProcurementProjectLot[cbc:ID/@schemeName='Lot']/cac:ProcurementProject/cbc:Note"", 'test_data_xpaths': [{'test_data_suite_oid': '6809839e9090eed3decccd14', 'test_data_suite_id': 'sdk_examples_pin-1.3', 'test_data_oid': '6809839e9090eed3decccd18', 'test_data_id': 'qu-sy_25', 'xpaths': [{'xpath': 'PriorInformationNotice/cac:ProcurementProjectLot/cac:ProcurementProject/cbc:Note', 'value': 'A) Controversie. Ai sensi e per gli effetti degli art. 119 e 120 del D.Lgs. 104/2010 e s.m.i. così come recentemente modificato dal codice dei contratti, mediante ricorso al Tribunale amministrativo regionale della Lombardia, sez. di Brescia. Per gli oneri e le tempistiche di impugnazione, posti a pena di inammissibilità del ricorso, si rinvia integralmente a quanto previsto dal predetto art. 120 del D.Lgs. 104/2010 e s.m.i. Tutte le controversie derivanti dall’esecuzione dei contratti afferenti al presente sistema di qualificazione, previo esperimento dei tentativi di transazione e di accordo bonario ai sensi degli art. 205 e 206 del Codice, saranno deferite alla giurisdizione dell’Autorità giudiziaria di Brescia, con esclusione della giurisdizione arbitrale. B) Riserva di aggiudicazione. Acque Bresciane si riserva la facoltà di non procedere agli inviti mediante procedure ristrette/negoziate ai sensi del presente regolamento e di avvalersi per l’aggiudicazione di tali lavori di altre procedure consentite e regolamentate dal codice; Acque Bresciane si riserva, altresì, la facoltà di revocare le successive aggiudicazioni qualora accerti, in qualsiasi momento e con qualunque mezzo di prova, l’assenza di uno o più d’uno dei requisiti minimi richiesti dal presente regolamento, oppure quando accerti una violazione in materia di dichiarazioni, a prescindere dalle verifiche già effettuate, nonché il mancato rispetto della legge n. 136/2010 e s.m.i. C) Trattamento dei dati personali: Acque Bresciane tratterà le informazioni finalizzate all’iscrizione nel «Sistema di qualificazione» nel rispetto dei legittimi interessi dell’operatore economico, riguardante la protezione dei segreti tecnici e commerciali, e della normativa sulla privacy di cui al regolamento europeo n. 2016/679 («GDPR») ed alla normativa applicabile in materia di protezione dei dati personali. Il trattamento suddetto verrà svolto dalla SA secondo le modalità descritte nell’informativa ai sensi dell’art. 13 del GDPR, disponibile sul Portale al seguente indirizzo https://acquebresciane.acquistitelematici.it D) Responsabile del procedimento. Verrà nominato per ciascuna procedura ristretta o negoziata.'}]}, {'test_data_suite_oid': '6809839e9090eed3decccd14', 'test_data_suite_id': 'sdk_examples_pin-1.3', 'test_data_oid': '6809839e9090eed3decccd19', 'test_data_id': 'CEI', 'xpaths': [{'xpath': 'PriorInformationNotice/cac:ProcurementProjectLot/cac:ProcurementProject/cbc:Note', 'value': 'additional information about the lot ...'}]}], 'is_covered': True, 'xpath_conditions': [{'xpath_condition': '', 'meets_xpath_condition': True}], 'message': None}"
173,2025-04-24 00:48:48.746065+00:00,"{'sdk_element_id': 'ND-SelectionCriteria', 'sdk_element_title': None, 'sdk_element_xpath': ""/*/cac:ProcurementProjectLot[cbc:ID/@schemeName='Lot']/cac:TenderingTerms/ext:UBLExtensions/ext:UBLExtension/ext:ExtensionContent/efext:EformsExtension/efac:SelectionCriteria"", 'test_data_xpaths': [{'test_data_suite_oid': '6809839e9090eed3decccd14', 'test_data_suite_id': 'sdk_examples_pin-1.3', 'test_data_oid': '6809839e9090eed3decccd18', 'test_data_id': 'qu-sy_25', 'xpaths': [{'xpath': 'PriorInformationNotice/cac:ProcurementProjectLot/cac:TenderingTerms/ext:UBLExtensions/ext:UBLExtension/ext:ExtensionContent/efext:EformsExtension/efac:SelectionCriteria', 'value': None}, {'xpath': 'PriorInformationNotice/cac:ProcurementProjectLot/cac:TenderingTerms/ext:UBLExtensions/ext:UBLExtension/ext:ExtensionContent/efext:EformsExtension/efac:SelectionCriteria', 'value': None}, {'xpath': 'PriorInformationNotice/cac:ProcurementProjectLot/cac:TenderingTerms/ext:UBLExtensions/ext:UBLExtension/ext:ExtensionContent/efext:EformsExtension/efac:SelectionCriteria', 'value': None}]}, {'test_data_suite_oid': '6809839e9090eed3decccd14', 'test_data_suite_id': 'sdk_examples_pin-1.3', 'test_data_oid': '6809839e9090eed3decccd19', 'test_data_id': 'CEI', 'xpaths': [{'xpath': 'PriorInformationNotice/cac:ProcurementProjectLot/cac:TenderingTerms/ext:UBLExtensions/ext:UBLExtension/ext:ExtensionContent/efext:EformsExtension/efac:SelectionCriteria', 'value': None}, {'xpath': 'PriorInformationNotice/cac:ProcurementProjectLot/cac:TenderingTerms/ext:UBLExtensions/ext:UBLExtension/ext:ExtensionContent/efext:EformsExtension/efac:SelectionCriteria', 'value': None}, {'xpath': 'PriorInformationNotice/cac:ProcurementProjectLot/cac:TenderingTerms/ext:UBLExtensions/ext:UBLExtension/ext:ExtensionContent/efext:EformsExtension/efac:SelectionCriteria', 'value': None}]}, {'test_data_suite_oid': '6809839e9090eed3decccd14', 'test_data_suite_id': 'sdk_examples_pin-1.3', 'test_data_oid': '6809839e9090eed3decccd1a', 'test_data_id': 'pin-cfc_25', 'xpaths': [{'xpath': 'PriorInformationNotice/cac:ProcurementProjectLot/cac:TenderingTerms/ext:UBLExtensions/ext:UBLExtension/ext:ExtensionContent/efext:EformsExtension/efac:SelectionCriteria', 'value': None}, {'xpath': 'PriorInformationNotice/cac:ProcurementProjectLot/cac:TenderingTerms/ext:UBLExtensions/ext:UBLExtension/ext:ExtensionContent/efext:EformsExtension/efac:SelectionCriteria', 'value': None}, {'xpath': 'PriorInformationNotice/cac:ProcurementProjectLot/cac:TenderingTerms/ext:UBLExtensions/ext:UBLExtension/ext:ExtensionContent/efext:EformsExtension/efac:SelectionCriteria', 'value': None}, {'xpath': 'PriorInformationNotice/cac:ProcurementProjectLot/cac:TenderingTerms/ext:UBLExtensions/ext:UBLExtension/ext:ExtensionContent/efext:EformsExtension/efac:SelectionCriteria', 'value': None}, {'xpath': 'PriorInformationNotice/cac:ProcurementProjectLot/cac:TenderingTerms/ext:UBLExtensions/ext:UBLExtension/ext:ExtensionContent/efext:EformsExtension/efac:SelectionCriteria', 'value': None}, {'xpath': 'PriorInformationNotice/cac:ProcurementProjectLot/cac:TenderingTerms/ext:UBLExtensions/ext:UBLExtension/ext:ExtensionContent/efext:EformsExtension/efac:SelectionCriteria', 'value': None}]}], 'is_covered': True, 'xpath_conditions': [{'xpath_condition': '', 'meets_xpath_condition': True}], 'message': None}"
174,2025-04-24 00:48:48.746065+00:00,"{'sdk_element_id': 'BT-747-Lot', 'sdk_element_title': 'Selection Criteria Type', 'sdk_element_xpath': ""/*/cac:ProcurementProjectLot[cbc:ID/@schemeName='Lot']/cac:TenderingTerms/ext:UBLExtensions/ext:UBLExtension/ext:ExtensionContent/efext:EformsExtension/efac:SelectionCriteria/cbc:CriterionTypeCode[@listName='selection-criterion']"", 'test_data_xpaths': [{'test_data_suite_oid': '6809839e9090eed3decccd14', 'test_data_suite_id': 'sdk_examples_pin-1.3', 'test_data_oid': '6809839e9090eed3decccd18', 'test_data_id': 'qu-sy_25', 'xpaths': [{'xpath': 'PriorInformationNotice/cac:ProcurementProjectLot/cac:TenderingTerms/ext:UBLExtensions/ext:UBLExtension/ext:ExtensionContent/efext:EformsExtension/efac:SelectionCriteria/cbc:CriterionTypeCode', 'value': 'sui-act'}, {'xpath': 'PriorInformationNotice/cac:ProcurementProjectLot/cac:TenderingTerms/ext:UBLExtensions/ext:UBLExtension/ext:ExtensionContent/efext:EformsExtension/efac:SelectionCriteria/cbc:CriterionTypeCode', 'value': 'ef-stand'}, {'xpath': 'PriorInformationNotice/cac:ProcurementProjectLot/cac:TenderingTerms/ext:UBLExtensions/ext:UBLExtension/ext:ExtensionContent/efext:EformsExtension/efac:SelectionCriteria/cbc:CriterionTypeCode', 'value': 'tp-abil'}]}, {'test_data_suite_oid': '6809839e9090eed3decccd14', 'test_data_suite_id': 'sdk_examples_pin-1.3', 'test_data_oid': '6809839e9090eed3decccd19', 'test_data_id': 'CEI', 'xpaths': [{'xpath': 'PriorInformationNotice/cac:ProcurementProjectLot/cac:TenderingTerms/ext:UBLExtensions/ext:UBLExtension/ext:ExtensionContent/efext:EformsExtension/efac:SelectionCriteria/cbc:CriterionTypeCode', 'value': 'sui-act'}, {'xpath': 'PriorInformationNotice/cac:ProcurementProjectLot/cac:TenderingTerms/ext:UBLExtensions/ext:UBLExtension/ext:ExtensionContent/efext:EformsExtension/efac:SelectionCriteria/cbc:CriterionTypeCode', 'value': 'ef-stand'}, {'xpath': 'PriorInformationNotice/cac:ProcurementProjectLot/cac:TenderingTerms/ext:UBLExtensions/ext:UBLExtension/ext:ExtensionContent/efext:EformsExtension/efac:SelectionCriteria/cbc:CriterionTypeCode', 'value': 'tp-abil'}]}, {'test_data_suite_oid': '6809839e9090eed3decccd14', 'test_data_suite_id': 'sdk_examples_pin-1.3', 'test_data_oid': '6809839e9090eed3decccd1a', 'test_data_id': 'pin-cfc_25', 'xpaths': [{'xpath': 'PriorInformationNotice/cac:ProcurementProjectLot/cac:TenderingTerms/ext:UBLExtensions/ext:UBLExtension/ext:ExtensionContent/efext:EformsExtension/efac:SelectionCriteria/cbc:CriterionTypeCode', 'value': 'sui-act'}, {'xpath': 'PriorInformationNotice/cac:ProcurementProjectLot/cac:TenderingTerms/ext:UBLExtensions/ext:UBLExtension/ext:ExtensionContent/efext:EformsExtension/efac:SelectionCriteria/cbc:CriterionTypeCode', 'value': 'ef-stand'}, {'xpath': 'PriorInformationNotice/cac:ProcurementProjectLot/cac:TenderingTerms/ext:UBLExtensions/ext:UBLExtension/ext:ExtensionContent/efext:EformsExtension/efac:SelectionCriteria/cbc:CriterionTypeCode', 'value': 'tp-abil'}, {'xpath': 'PriorInformationNotice/cac:ProcurementProjectLot/cac:TenderingTerms/ext:UBLExtensions/ext:UBLExtension/ext:ExtensionContent/efext:EformsExtension/efac:SelectionCriteria/cbc:CriterionTypeCode', 'value': 'sui-act'}, {'xpath': 'PriorInformationNotice/cac:ProcurementProjectLot/cac:TenderingTerms/ext:UBLExtensions/ext:UBLExtension/ext:ExtensionContent/efext:EformsExtension/efac:SelectionCriteria/cbc:CriterionTypeCode', 'value': 'ef-stand'}, {'xpath': 'PriorInformationNotice/cac:ProcurementProjectLot/cac:TenderingTerms/ext:UBLExtensions/ext:UBLExtension/ext:ExtensionContent/efext:EformsExtension/efac:SelectionCriteria/cbc:CriterionTypeCode', 'value': 'tp-abil'}]}], 'is_covered': True, 'xpath_conditions': [{'xpath_condition': '', 'meets_xpath_condition': True}], 'message': None}"
175,2025-04-24 00:48:48.746065+00:00,"{'sdk_element_id': 'BT-749-Lot', 'sdk_element_title': 'Selection Criteria Name', 'sdk_element_xpath': ""/*/cac:ProcurementProjectLot[cbc:ID/@schemeName='Lot']/cac:TenderingTerms/ext:UBLExtensions/ext:UBLExtension/ext:ExtensionContent/efext:EformsExtension/efac:SelectionCriteria/cbc:Name"", 'test_data_xpaths': [], 'is_covered': False, 'xpath_conditions': [{'xpath_condition': '', 'meets_xpath_condition': True}], 'message': None}"
176,2025-04-24 00:48:48.746065+00:00,"{'sdk_element_id': 'BT-750-Lot', 'sdk_element_title': 'Selection Criteria Description', 'sdk_element_xpath': ""/*/cac:ProcurementProjectLot[cbc:ID/@schemeName='Lot']/cac:TenderingTerms/ext:UBLExtensions/ext:UBLExtension/ext:ExtensionContent/efext:EformsExtension/efac:SelectionCriteria/cbc:Description"", 'test_data_xpaths': [{'test_data_suite_oid': '6809839e9090eed3decccd14', 'test_data_suite_id': 'sdk_examples_pin-1.3', 'test_data_oid': '6809839e9090eed3decccd18', 'test_data_id': 'qu-sy_25', 'xpaths': [{'xpath': 'PriorInformationNotice/cac:ProcurementProjectLot/cac:TenderingTerms/ext:UBLExtensions/ext:UBLExtension/ext:ExtensionContent/efext:EformsExtension/efac:SelectionCriteria/cbc:Description', 'value': ""L’istanza di ammissione al sistema di qualificazione è gestita tramite il Portale (https://acquebresciane.acquistitelematici.it) al quale si rinvia per le modalità di registrazione. La procedura di accreditamento è descritta nell'art. 3 del regolamento. Sono ammessi a presentare l’istanza di ammissione al sistema di qualificazione i soggetti di cui all’art. 45 del codice dei contratti. All'art. 5) del regolamento sono elencati i requisiti minimi per accedere al sistema di qualificazione, pena l'esclusione.""}, {'xpath': 'PriorInformationNotice/cac:ProcurementProjectLot/cac:TenderingTerms/ext:UBLExtensions/ext:UBLExtension/ext:ExtensionContent/efext:EformsExtension/efac:SelectionCriteria/cbc:Description', 'value': ""L’istanza di ammissione al sistema di qualificazione è gestita tramite il Portale (https://acquebresciane.acquistitelematici.it) al quale si rinvia per le modalità di registrazione. La procedura di accreditamento è descritta nell'art. 3 del regolamento. Sono ammessi a presentare l’istanza di ammissione al sistema di qualificazione i soggetti di cui all’art. 45 del codice dei contratti. All'art. 5) del regolamento sono elencati i requisiti minimi per accedere al sistema di qualificazione, pena l'esclusione.""}, {'xpath': 'PriorInformationNotice/cac:ProcurementProjectLot/cac:TenderingTerms/ext:UBLExtensions/ext:UBLExtension/ext:ExtensionContent/efext:EformsExtension/efac:SelectionCriteria/cbc:Description', 'value': ""L’istanza di ammissione al sistema di qualificazione è gestita tramite il Portale (https://acquebresciane.acquistitelematici.it) al quale si rinvia per le modalità di registrazione. La procedura di accreditamento è descritta nell'art. 3 del regolamento. Sono ammessi a presentare l’istanza di ammissione al sistema di qualificazione i soggetti di cui all’art. 45 del codice dei contratti. All'art. 5) del regolamento sono elencati i requisiti minimi per accedere al sistema di qualificazione, pena l'esclusione.""}]}, {'test_data_suite_oid': '6809839e9090eed3decccd14', 'test_data_suite_id': 'sdk_examples_pin-1.3', 'test_data_oid': '6809839e9090eed3decccd19', 'test_data_id': 'CEI', 'xpaths': [{'xpath': 'PriorInformationNotice/cac:ProcurementProjectLot/cac:TenderingTerms/ext:UBLExtensions/ext:UBLExtension/ext:ExtensionContent/efext:EformsExtension/efac:SelectionCriteria/cbc:Description', 'value': 'This call is exclusively addressed to natural persons (and not to legal persons, such as companies), with the specific requirements referred to in Section 5.'}, {'xpath': 'PriorInformationNotice/cac:ProcurementProjectLot/cac:TenderingTerms/ext:UBLExtensions/ext:UBLExtension/ext:ExtensionContent/efext:EformsExtension/efac:SelectionCriteria/cbc:Description', 'value': 'the applicant shall have the economic and financial capacity to provide the services set out in this document (see the declaration in point 3 of the Application Form).'}, {'xpath': 'PriorInformationNotice/cac:ProcurementProjectLot/cac:TenderingTerms/ext:UBLExtensions/ext:UBLExtension/ext:ExtensionContent/efext:EformsExtension/efac:SelectionCriteria/cbc:Description', 'value': ""Experts shall be selected for the list on the basis of their professional and technical ability to carry out the tasks described in this document. In order to be placed on this list of experts by the European Parliament, the applicant shall:\n— have a sound communication, academic or scientific background, with proven experience in science communication; he/she must have at least 4 years' professional experience in science communication, including at least 2 years clearly related to at least 1 of the policy fields in question, alternatively he/she must have a solid professional background linked to at least 1 of the thematic areas listed in paragraph 1.1, with 4 years’ proven professional experience in that area,\n— have an excellent command of English (duly proven through publications in English, language certificates, etc.),\nApplicants must provide evidence of their ability, skills, experience and competence for performing the work by means of:\n— a motivation letter of no more than 2 pages (max. 500 words), in which the applicant sets out his/her reasons for applying and the principal reasons why he/she should be admitted, including the thematic area/s he/she is interested in publishing about,\n— a full curriculum vitae, specifying specifies his/her educational and professional background, relevant expertise and experience and knowledge of languages; following the basic structure of the Europass template, the curriculum vitae should be organized as follows: personal information, work experience, education and training, level(s) of (foreign) language competence, personal skills and competences (with scientific/academic relevance), additional information pertinent for this call for expression of interest (e.g. publications, ongoing or planned research projects, awards received, etc.).""}]}, {'test_data_suite_oid': '6809839e9090eed3decccd14', 'test_data_suite_id': 'sdk_examples_pin-1.3', 'test_data_oid': '6809839e9090eed3decccd1a', 'test_data_id': 'pin-cfc_25', 'xpaths': [{'xpath': 'PriorInformationNotice/cac:ProcurementProjectLot/cac:TenderingTerms/ext:UBLExtensions/ext:UBLExtension/ext:ExtensionContent/efext:EformsExtension/efac:SelectionCriteria/cbc:Description', 'value': 'Die vorliegend maßgeblichen Eignungsunterlagen werden in der Aufforderung zur Interessenbestätigung nach § 36 Abs. 5 SektVO mitgeteilt werden. Für die Interessenbekundung interessierter Unternehmen wird auf Ziffer VI.3 b) der vorliegenden Bekanntmachung verwiesen.'}, {'xpath': 'PriorInformationNotice/cac:ProcurementProjectLot/cac:TenderingTerms/ext:UBLExtensions/ext:UBLExtension/ext:ExtensionContent/efext:EformsExtension/efac:SelectionCriteria/cbc:Description', 'value': 'Die vorliegend maßgeblichen Eignungsunterlagen werden in der Aufforderung zur Interessenbestätigung nach § 36 Abs. 5 SektVO mitgeteilt werden. Für die Interessenbekundung interessierter Unternehmen wird auf Ziffer VI.3 b) der vorliegenden Bekanntmachung verwiesen.'}, {'xpath': 'PriorInformationNotice/cac:ProcurementProjectLot/cac:TenderingTerms/ext:UBLExtensions/ext:UBLExtension/ext:ExtensionContent/efext:EformsExtension/efac:SelectionCriteria/cbc:Description', 'value': 'Die vorliegend maßgeblichen Eignungsunterlagen werden in der Aufforderung zur Interessenbestätigung nach § 36 Abs. 5 SektVO mitgeteilt werden. Für die Interessenbekundung interessierter Unternehmen wird auf Ziffer VI.3 b) der vorliegenden Bekanntmachung verwiesen.'}, {'xpath': 'PriorInformationNotice/cac:ProcurementProjectLot/cac:TenderingTerms/ext:UBLExtensions/ext:UBLExtension/ext:ExtensionContent/efext:EformsExtension/efac:SelectionCriteria/cbc:Description', 'value': 'Die vorliegend maßgeblichen Eignungsunterlagen werden in der Aufforderung zur Interessenbestätigung nach § 36 Abs. 5 SektVO mitgeteilt werden. Für die Interessenbekundung interessierter Unternehmen wird auf Ziffer VI.3 b) der vorliegenden Bekanntmachung verwiesen.'}, {'xpath': 'PriorInformationNotice/cac:ProcurementProjectLot/cac:TenderingTerms/ext:UBLExtensions/ext:UBLExtension/ext:ExtensionContent/efext:EformsExtension/efac:SelectionCriteria/cbc:Description', 'value': 'Die vorliegend maßgeblichen Eignungsunterlagen werden in der Aufforderung zur Interessenbestätigung nach § 36 Abs. 5 SektVO mitgeteilt werden. Für die Interessenbekundung interessierter Unternehmen wird auf Ziffer VI.3 b) der vorliegenden Bekanntmachung verwiesen.'}, {'xpath': 'PriorInformationNotice/cac:ProcurementProjectLot/cac:TenderingTerms/ext:UBLExtensions/ext:UBLExtension/ext:ExtensionContent/efext:EformsExtension/efac:SelectionCriteria/cbc:Description', 'value': 'Die vorliegend maßgeblichen Eignungsunterlagen werden in der Aufforderung zur Interessenbestätigung nach § 36 Abs. 5 SektVO mitgeteilt werden. Für die Interessenbekundung interessierter Unternehmen wird auf Ziffer VI.3 b) der vorliegenden Bekanntmachung verwiesen.'}]}], 'is_covered': True, 'xpath_conditions': [{'xpath_condition': '', 'meets_xpath_condition': True}], 'message': None}"
177,2025-04-24 00:48:48.746065+00:00,"{'sdk_element_id': 'BT-748-Lot', 'sdk_element_title': 'Selection Criteria Used', 'sdk_element_xpath': ""/*/cac:ProcurementProjectLot[cbc:ID/@schemeName='Lot']/cac:TenderingTerms/ext:UBLExtensions/ext:UBLExtension/ext:ExtensionContent/efext:EformsExtension/efac:SelectionCriteria/cbc:CalculationExpressionCode[@listName='usage']"", 'test_data_xpaths': [{'test_data_suite_oid': '6809839e9090eed3decccd14', 'test_data_suite_id': 'sdk_examples_pin-1.3', 'test_data_oid': '6809839e9090eed3decccd18', 'test_data_id': 'qu-sy_25', 'xpaths': [{'xpath': 'PriorInformationNotice/cac:ProcurementProjectLot/cac:TenderingTerms/ext:UBLExtensions/ext:UBLExtension/ext:ExtensionContent/efext:EformsExtension/efac:SelectionCriteria/cbc:CalculationExpressionCode', 'value': 'used'}, {'xpath': 'PriorInformationNotice/cac:ProcurementProjectLot/cac:TenderingTerms/ext:UBLExtensions/ext:UBLExtension/ext:ExtensionContent/efext:EformsExtension/efac:SelectionCriteria/cbc:CalculationExpressionCode', 'value': 'used'}, {'xpath': 'PriorInformationNotice/cac:ProcurementProjectLot/cac:TenderingTerms/ext:UBLExtensions/ext:UBLExtension/ext:ExtensionContent/efext:EformsExtension/efac:SelectionCriteria/cbc:CalculationExpressionCode', 'value': 'used'}]}, {'test_data_suite_oid': '6809839e9090eed3decccd14', 'test_data_suite_id': 'sdk_examples_pin-1.3', 'test_data_oid': '6809839e9090eed3decccd19', 'test_data_id': 'CEI', 'xpaths': [{'xpath': 'PriorInformationNotice/cac:ProcurementProjectLot/cac:TenderingTerms/ext:UBLExtensions/ext:UBLExtension/ext:ExtensionContent/efext:EformsExtension/efac:SelectionCriteria/cbc:CalculationExpressionCode', 'value': 'used'}, {'xpath': 'PriorInformationNotice/cac:ProcurementProjectLot/cac:TenderingTerms/ext:UBLExtensions/ext:UBLExtension/ext:ExtensionContent/efext:EformsExtension/efac:SelectionCriteria/cbc:CalculationExpressionCode', 'value': 'used'}, {'xpath': 'PriorInformationNotice/cac:ProcurementProjectLot/cac:TenderingTerms/ext:UBLExtensions/ext:UBLExtension/ext:ExtensionContent/efext:EformsExtension/efac:SelectionCriteria/cbc:CalculationExpressionCode', 'value': 'used'}]}, {'test_data_suite_oid': '6809839e9090eed3decccd14', 'test_data_suite_id': 'sdk_examples_pin-1.3', 'test_data_oid': '6809839e9090eed3decccd1a', 'test_data_id': 'pin-cfc_25', 'xpaths': [{'xpath': 'PriorInformationNotice/cac:ProcurementProjectLot/cac:TenderingTerms/ext:UBLExtensions/ext:UBLExtension/ext:ExtensionContent/efext:EformsExtension/efac:SelectionCriteria/cbc:CalculationExpressionCode', 'value': 'used'}, {'xpath': 'PriorInformationNotice/cac:ProcurementProjectLot/cac:TenderingTerms/ext:UBLExtensions/ext:UBLExtension/ext:ExtensionContent/efext:EformsExtension/efac:SelectionCriteria/cbc:CalculationExpressionCode', 'value': 'used'}, {'xpath': 'PriorInformationNotice/cac:ProcurementProjectLot/cac:TenderingTerms/ext:UBLExtensions/ext:UBLExtension/ext:ExtensionContent/efext:EformsExtension/efac:SelectionCriteria/cbc:CalculationExpressionCode', 'value': 'used'}, {'xpath': 'PriorInformationNotice/cac:ProcurementProjectLot/cac:TenderingTerms/ext:UBLExtensions/ext:UBLExtension/ext:ExtensionContent/efext:EformsExtension/efac:SelectionCriteria/cbc:CalculationExpressionCode', 'value': 'used'}, {'xpath': 'PriorInformationNotice/cac:ProcurementProjectLot/cac:TenderingTerms/ext:UBLExtensions/ext:UBLExtension/ext:ExtensionContent/efext:EformsExtension/efac:SelectionCriteria/cbc:CalculationExpressionCode', 'value': 'used'}, {'xpath': 'PriorInformationNotice/cac:ProcurementProjectLot/cac:TenderingTerms/ext:UBLExtensions/ext:UBLExtension/ext:ExtensionContent/efext:EformsExtension/efac:SelectionCriteria/cbc:CalculationExpressionCode', 'value': 'used'}]}], 'is_covered': True, 'xpath_conditions': [{'xpath_condition': '', 'meets_xpath_condition': True}], 'message': None}"
178,2025-04-24 00:48:48.746065+00:00,"{'sdk_element_id': 'BT-40-Lot', 'sdk_element_title': 'Selection Criteria Second Stage Invite', 'sdk_element_xpath': ""/*/cac:ProcurementProjectLot[cbc:ID/@schemeName='Lot']/cac:TenderingTerms/ext:UBLExtensions/ext:UBLExtension/ext:ExtensionContent/efext:EformsExtension/efac:SelectionCriteria/efbc:SecondStageIndicator"", 'test_data_xpaths': [], 'is_covered': False, 'xpath_conditions': [{'xpath_condition': '', 'meets_xpath_condition': True}], 'message': None}"
179,2025-04-24 00:48:48.746065+00:00,"{'sdk_element_id': 'ND-SecondStageCriterionParameter', 'sdk_element_title': None, 'sdk_element_xpath': ""/*/cac:ProcurementProjectLot[cbc:ID/@schemeName='Lot']/cac:TenderingTerms/ext:UBLExtensions/ext:UBLExtension/ext:ExtensionContent/efext:EformsExtension/efac:SelectionCriteria/efac:CriterionParameter"", 'test_data_xpaths': [], 'is_covered': False, 'xpath_conditions': [{'xpath_condition': '', 'meets_xpath_condition': True}], 'message': None}"
180,2025-04-24 00:48:48.746065+00:00,"{'sdk_element_id': 'BT-7532-Lot', 'sdk_element_title': 'Selection Criteria Second Stage Invite Number Threshold', 'sdk_element_xpath': ""/*/cac:ProcurementProjectLot[cbc:ID/@schemeName='Lot']/cac:TenderingTerms/ext:UBLExtensions/ext:UBLExtension/ext:ExtensionContent/efext:EformsExtension/efac:SelectionCriteria/efac:CriterionParameter/efbc:ParameterCode[@listName='number-threshold']"", 'test_data_xpaths': [], 'is_covered': False, 'xpath_conditions': [{'xpath_condition': '', 'meets_xpath_condition': True}], 'message': None}"
181,2025-04-24 00:48:48.746065+00:00,"{'sdk_element_id': 'BT-752-Lot', 'sdk_element_title': 'Selection Criteria Second Stage Invite Number', 'sdk_element_xpath': ""/*/cac:ProcurementProjectLot[cbc:ID/@schemeName='Lot']/cac:TenderingTerms/ext:UBLExtensions/ext:UBLExtension/ext:ExtensionContent/efext:EformsExtension/efac:SelectionCriteria/efac:CriterionParameter/efbc:ParameterNumeric"", 'test_data_xpaths': [], 'is_covered': False, 'xpath_conditions': [{'xpath_condition': ""exists(efbc:ParameterCode/@listName='number-weight')"", 'meets_xpath_condition': True}, {'xpath_condition': ""exists(efbc:ParameterCode/@listName='number-threshold')"", 'meets_xpath_condition': True}], 'message': None}"
182,2025-04-24 00:48:48.746065+00:00,"{'sdk_element_id': 'BT-52-Lot', 'sdk_element_title': 'Successive Reduction Indicator (Lot)', 'sdk_element_xpath': ""/*/cac:ProcurementProjectLot[cbc:ID/@schemeName='Lot']/cac:TenderingProcess/cbc:CandidateReductionConstraintIndicator"", 'test_data_xpaths': [], 'is_covered': False, 'xpath_conditions': [{'xpath_condition': '', 'meets_xpath_condition': True}], 'message': None}"
183,2025-04-24 00:48:48.746065+00:00,"{'sdk_element_id': 'ND-SecondStage', 'sdk_element_title': None, 'sdk_element_xpath': ""/*/cac:ProcurementProjectLot[cbc:ID/@schemeName='Lot']/cac:TenderingProcess/cac:EconomicOperatorShortList"", 'test_data_xpaths': [], 'is_covered': False, 'xpath_conditions': [{'xpath_condition': '', 'meets_xpath_condition': True}], 'message': None}"
184,2025-04-24 00:48:48.746065+00:00,"{'sdk_element_id': 'BT-661-Lot', 'sdk_element_title': 'Maximum Candidates Indicator', 'sdk_element_xpath': ""/*/cac:ProcurementProjectLot[cbc:ID/@schemeName='Lot']/cac:TenderingProcess/cac:EconomicOperatorShortList/cbc:LimitationDescription"", 'test_data_xpaths': [], 'is_covered': False, 'xpath_conditions': [{'xpath_condition': '', 'meets_xpath_condition': True}], 'message': None}"
185,2025-04-24 00:48:48.746065+00:00,"{'sdk_element_id': 'BT-51-Lot', 'sdk_element_title': 'Maximum Candidates Number', 'sdk_element_xpath': ""/*/cac:ProcurementProjectLot[cbc:ID/@schemeName='Lot']/cac:TenderingProcess/cac:EconomicOperatorShortList/cbc:MaximumQuantity"", 'test_data_xpaths': [], 'is_covered': False, 'xpath_conditions': [{'xpath_condition': '', 'meets_xpath_condition': True}], 'message': None}"
186,2025-04-24 00:48:48.746065+00:00,"{'sdk_element_id': 'BT-50-Lot', 'sdk_element_title': 'Minimum Candidates', 'sdk_element_xpath': ""/*/cac:ProcurementProjectLot[cbc:ID/@schemeName='Lot']/cac:TenderingProcess/cac:EconomicOperatorShortList/cbc:MinimumQuantity"", 'test_data_xpaths': [], 'is_covered': False, 'xpath_conditions': [{'xpath_condition': '', 'meets_xpath_condition': True}], 'message': None}"
187,2025-04-24 00:48:48.746065+00:00,"{'sdk_element_id': 'ND-AwardingTerms', 'sdk_element_title': None, 'sdk_element_xpath': ""/*/cac:ProcurementProjectLot[cbc:ID/@schemeName='Lot']/cac:TenderingTerms/cac:AwardingTerms"", 'test_data_xpaths': [{'test_data_suite_oid': '6809839e9090eed3decccd14', 'test_data_suite_id': 'sdk_examples_pin-1.3', 'test_data_oid': '6809839e9090eed3decccd18', 'test_data_id': 'qu-sy_25', 'xpaths': [{'xpath': 'PriorInformationNotice/cac:ProcurementProjectLot/cac:TenderingTerms/cac:AwardingTerms', 'value': None}]}, {'test_data_suite_oid': '6809839e9090eed3decccd14', 'test_data_suite_id': 'sdk_examples_pin-1.3', 'test_data_oid': '6809839e9090eed3decccd1a', 'test_data_id': 'pin-cfc_25', 'xpaths': [{'xpath': 'PriorInformationNotice/cac:ProcurementProjectLot/cac:TenderingTerms/cac:AwardingTerms', 'value': None}, {'xpath': 'PriorInformationNotice/cac:ProcurementProjectLot/cac:TenderingTerms/cac:AwardingTerms', 'value': None}]}], 'is_covered': True, 'xpath_conditions': [{'xpath_condition': '', 'meets_xpath_condition': True}], 'message': None}"
188,2025-04-24 00:48:48.746065+00:00,"{'sdk_element_id': 'ND-LotAwardCriteria', 'sdk_element_title': None, 'sdk_element_xpath': ""/*/cac:ProcurementProjectLot[cbc:ID/@schemeName='Lot']/cac:TenderingTerms/cac:AwardingTerms/cac:AwardingCriterion"", 'test_data_xpaths': [{'test_data_suite_oid': '6809839e9090eed3decccd14', 'test_data_suite_id': 'sdk_examples_pin-1.3', 'test_data_oid': '6809839e9090eed3decccd18', 'test_data_id': 'qu-sy_25', 'xpaths': [{'xpath': 'PriorInformationNotice/cac:ProcurementProjectLot/cac:TenderingTerms/cac:AwardingTerms/cac:AwardingCriterion', 'value': None}]}, {'test_data_suite_oid': '6809839e9090eed3decccd14', 'test_data_suite_id': 'sdk_examples_pin-1.3', 'test_data_oid': '6809839e9090eed3decccd1a', 'test_data_id': 'pin-cfc_25', 'xpaths': [{'xpath': 'PriorInformationNotice/cac:ProcurementProjectLot/cac:TenderingTerms/cac:AwardingTerms/cac:AwardingCriterion', 'value': None}, {'xpath': 'PriorInformationNotice/cac:ProcurementProjectLot/cac:TenderingTerms/cac:AwardingTerms/cac:AwardingCriterion', 'value': None}]}], 'is_covered': True, 'xpath_conditions': [{'xpath_condition': 'if( exists(cbc:CalculationExpression) or exists(cbc:Description))', 'meets_xpath_condition': False}], 'message': None}"
189,2025-04-24 00:48:48.746065+00:00,"{'sdk_element_id': 'ND-LotAwardCriterion', 'sdk_element_title': None, 'sdk_element_xpath': ""/*/cac:ProcurementProjectLot[cbc:ID/@schemeName='Lot']/cac:TenderingTerms/cac:AwardingTerms/cac:AwardingCriterion/cac:SubordinateAwardingCriterion"", 'test_data_xpaths': [{'test_data_suite_oid': '6809839e9090eed3decccd14', 'test_data_suite_id': 'sdk_examples_pin-1.3', 'test_data_oid': '6809839e9090eed3decccd18', 'test_data_id': 'qu-sy_25', 'xpaths': [{'xpath': 'PriorInformationNotice/cac:ProcurementProjectLot/cac:TenderingTerms/cac:AwardingTerms/cac:AwardingCriterion/cac:SubordinateAwardingCriterion', 'value': None}]}, {'test_data_suite_oid': '6809839e9090eed3decccd14', 'test_data_suite_id': 'sdk_examples_pin-1.3', 'test_data_oid': '6809839e9090eed3decccd1a', 'test_data_id': 'pin-cfc_25', 'xpaths': [{'xpath': 'PriorInformationNotice/cac:ProcurementProjectLot/cac:TenderingTerms/cac:AwardingTerms/cac:AwardingCriterion/cac:SubordinateAwardingCriterion', 'value': None}, {'xpath': 'PriorInformationNotice/cac:ProcurementProjectLot/cac:TenderingTerms/cac:AwardingTerms/cac:AwardingCriterion/cac:SubordinateAwardingCriterion', 'value': None}]}], 'is_covered': True, 'xpath_conditions': [{'xpath_condition': '', 'meets_xpath_condition': True}], 'message': None}"
190,2025-04-24 00:48:48.746065+00:00,"{'sdk_element_id': 'BT-539-Lot', 'sdk_element_title': 'Award Criterion Type', 'sdk_element_xpath': ""/*/cac:ProcurementProjectLot[cbc:ID/@schemeName='Lot']/cac:TenderingTerms/cac:AwardingTerms/cac:AwardingCriterion/cac:SubordinateAwardingCriterion/cbc:AwardingCriterionTypeCode[@listName='award-criterion-type']"", 'test_data_xpaths': [{'test_data_suite_oid': '6809839e9090eed3decccd14', 'test_data_suite_id': 'sdk_examples_pin-1.3', 'test_data_oid': '6809839e9090eed3decccd18', 'test_data_id': 'qu-sy_25', 'xpaths': [{'xpath': 'PriorInformationNotice/cac:ProcurementProjectLot/cac:TenderingTerms/cac:AwardingTerms/cac:AwardingCriterion/cac:SubordinateAwardingCriterion/cbc:AwardingCriterionTypeCode', 'value': 'cost'}]}, {'test_data_suite_oid': '6809839e9090eed3decccd14', 'test_data_suite_id': 'sdk_examples_pin-1.3', 'test_data_oid': '6809839e9090eed3decccd1a', 'test_data_id': 'pin-cfc_25', 'xpaths': [{'xpath': 'PriorInformationNotice/cac:ProcurementProjectLot/cac:TenderingTerms/cac:AwardingTerms/cac:AwardingCriterion/cac:SubordinateAwardingCriterion/cbc:AwardingCriterionTypeCode', 'value': 'price'}, {'xpath': 'PriorInformationNotice/cac:ProcurementProjectLot/cac:TenderingTerms/cac:AwardingTerms/cac:AwardingCriterion/cac:SubordinateAwardingCriterion/cbc:AwardingCriterionTypeCode', 'value': 'price'}]}], 'is_covered': True, 'xpath_conditions': [{'xpath_condition': ""not( exists(ext:UBLExtensions/ext:UBLExtension/ext:ExtensionContent/efext:EformsExtension/efac:FieldsPrivacy[efbc:FieldIdentifierCode/text()='awa-cri-typ']) and cbc:AwardingCriterionTypeCode[@listName='award-criterion-type']/text() = 'unpublished' )"", 'meets_xpath_condition': True}], 'message': None}"
191,2025-04-24 00:48:48.746065+00:00,"{'sdk_element_id': 'BT-540-Lot', 'sdk_element_title': 'Award Criterion Description', 'sdk_element_xpath': ""/*/cac:ProcurementProjectLot[cbc:ID/@schemeName='Lot']/cac:TenderingTerms/cac:AwardingTerms/cac:AwardingCriterion/cac:SubordinateAwardingCriterion/cbc:Description"", 'test_data_xpaths': [{'test_data_suite_oid': '6809839e9090eed3decccd14', 'test_data_suite_id': 'sdk_examples_pin-1.3', 'test_data_oid': '6809839e9090eed3decccd18', 'test_data_id': 'qu-sy_25', 'xpaths': [{'xpath': 'PriorInformationNotice/cac:ProcurementProjectLot/cac:TenderingTerms/cac:AwardingTerms/cac:AwardingCriterion/cac:SubordinateAwardingCriterion/cbc:Description', 'value': 'Il prezzo non è il solo criterio di aggiudicazione e tutti i criteri sono indicati solo nei documenti di gara'}]}, {'test_data_suite_oid': '6809839e9090eed3decccd14', 'test_data_suite_id': 'sdk_examples_pin-1.3', 'test_data_oid': '6809839e9090eed3decccd1a', 'test_data_id': 'pin-cfc_25', 'xpaths': [{'xpath': 'PriorInformationNotice/cac:ProcurementProjectLot/cac:TenderingTerms/cac:AwardingTerms/cac:AwardingCriterion/cac:SubordinateAwardingCriterion/cbc:Description', 'value': 'Der Preis wird bewertet...'}, {'xpath': 'PriorInformationNotice/cac:ProcurementProjectLot/cac:TenderingTerms/cac:AwardingTerms/cac:AwardingCriterion/cac:SubordinateAwardingCriterion/cbc:Description', 'value': 'Der Preis wird bewertet...'}]}], 'is_covered': True, 'xpath_conditions': [{'xpath_condition': ""not( exists(ext:UBLExtensions/ext:UBLExtension/ext:ExtensionContent/efext:EformsExtension/efac:FieldsPrivacy[efbc:FieldIdentifierCode/text()='awa-cri-des']) and cbc:Description/text() = 'unpublished' )"", 'meets_xpath_condition': True}], 'message': None}"
192,2025-04-24 00:48:48.746065+00:00,"{'sdk_element_id': 'ND-LotAwardCriterionParameters', 'sdk_element_title': None, 'sdk_element_xpath': ""/*/cac:ProcurementProjectLot[cbc:ID/@schemeName='Lot']/cac:TenderingTerms/cac:AwardingTerms/cac:AwardingCriterion/cac:SubordinateAwardingCriterion/ext:UBLExtensions/ext:UBLExtension/ext:ExtensionContent/efext:EformsExtension"", 'test_data_xpaths': [{'test_data_suite_oid': '6809839e9090eed3decccd14', 'test_data_suite_id': 'sdk_examples_pin-1.3', 'test_data_oid': '6809839e9090eed3decccd1a', 'test_data_id': 'pin-cfc_25', 'xpaths': [{'xpath': 'PriorInformationNotice/cac:ProcurementProjectLot/cac:TenderingTerms/cac:AwardingTerms/cac:AwardingCriterion/cac:SubordinateAwardingCriterion/ext:UBLExtensions/ext:UBLExtension/ext:ExtensionContent/efext:EformsExtension', 'value': None}, {'xpath': 'PriorInformationNotice/cac:ProcurementProjectLot/cac:TenderingTerms/cac:AwardingTerms/cac:AwardingCriterion/cac:SubordinateAwardingCriterion/ext:UBLExtensions/ext:UBLExtension/ext:ExtensionContent/efext:EformsExtension', 'value': None}]}], 'is_covered': True, 'xpath_conditions': [{'xpath_condition': '', 'meets_xpath_condition': True}], 'message': None}"
193,2025-04-24 00:48:48.746065+00:00,"{'sdk_element_id': 'ND-LotAwardCriterionParameter', 'sdk_element_title': None, 'sdk_element_xpath': ""/*/cac:ProcurementProjectLot[cbc:ID/@schemeName='Lot']/cac:TenderingTerms/cac:AwardingTerms/cac:AwardingCriterion/cac:SubordinateAwardingCriterion/ext:UBLExtensions/ext:UBLExtension/ext:ExtensionContent/efext:EformsExtension/efac:AwardCriterionParameter"", 'test_data_xpaths': [{'test_data_suite_oid': '6809839e9090eed3decccd14', 'test_data_suite_id': 'sdk_examples_pin-1.3', 'test_data_oid': '6809839e9090eed3decccd1a', 'test_data_id': 'pin-cfc_25', 'xpaths': [{'xpath': 'PriorInformationNotice/cac:ProcurementProjectLot/cac:TenderingTerms/cac:AwardingTerms/cac:AwardingCriterion/cac:SubordinateAwardingCriterion/ext:UBLExtensions/ext:UBLExtension/ext:ExtensionContent/efext:EformsExtension/efac:AwardCriterionParameter', 'value': None}, {'xpath': 'PriorInformationNotice/cac:ProcurementProjectLot/cac:TenderingTerms/cac:AwardingTerms/cac:AwardingCriterion/cac:SubordinateAwardingCriterion/ext:UBLExtensions/ext:UBLExtension/ext:ExtensionContent/efext:EformsExtension/efac:AwardCriterionParameter', 'value': None}]}], 'is_covered': True, 'xpath_conditions': [{'xpath_condition': '', 'meets_xpath_condition': True}], 'message': None}"
194,2025-04-24 00:48:48.746065+00:00,"{'sdk_element_id': 'BT-541-Lot', 'sdk_element_title': 'Award Criterion Number', 'sdk_element_xpath': ""/*/cac:ProcurementProjectLot[cbc:ID/@schemeName='Lot']/cac:TenderingTerms/cac:AwardingTerms/cac:AwardingCriterion/cac:SubordinateAwardingCriterion/ext:UBLExtensions/ext:UBLExtension/ext:ExtensionContent/efext:EformsExtension/efac:AwardCriterionParameter/efbc:ParameterNumeric"", 'test_data_xpaths': [{'test_data_suite_oid': '6809839e9090eed3decccd14', 'test_data_suite_id': 'sdk_examples_pin-1.3', 'test_data_oid': '6809839e9090eed3decccd1a', 'test_data_id': 'pin-cfc_25', 'xpaths': [{'xpath': 'PriorInformationNotice/cac:ProcurementProjectLot/cac:TenderingTerms/cac:AwardingTerms/cac:AwardingCriterion/cac:SubordinateAwardingCriterion/ext:UBLExtensions/ext:UBLExtension/ext:ExtensionContent/efext:EformsExtension/efac:AwardCriterionParameter/efbc:ParameterNumeric', 'value': '100'}, {'xpath': 'PriorInformationNotice/cac:ProcurementProjectLot/cac:TenderingTerms/cac:AwardingTerms/cac:AwardingCriterion/cac:SubordinateAwardingCriterion/ext:UBLExtensions/ext:UBLExtension/ext:ExtensionContent/efext:EformsExtension/efac:AwardCriterionParameter/efbc:ParameterNumeric', 'value': '100'}]}], 'is_covered': True, 'xpath_conditions': [{'xpath_condition': ""not( exists(efac:FieldsPrivacy[efbc:FieldIdentifierCode/text()='awa-cri-num']) and efbc:ParameterNumeric/text() = '-1' )"", 'meets_xpath_condition': True}], 'message': None}"
195,2025-04-24 00:48:48.746065+00:00,"{'sdk_element_id': 'BT-5421-Lot', 'sdk_element_title': 'Award Criterion Number Weight', 'sdk_element_xpath': ""/*/cac:ProcurementProjectLot[cbc:ID/@schemeName='Lot']/cac:TenderingTerms/cac:AwardingTerms/cac:AwardingCriterion/cac:SubordinateAwardingCriterion/ext:UBLExtensions/ext:UBLExtension/ext:ExtensionContent/efext:EformsExtension/efac:AwardCriterionParameter/efbc:ParameterCode[@listName='number-weight']"", 'test_data_xpaths': [{'test_data_suite_oid': '6809839e9090eed3decccd14', 'test_data_suite_id': 'sdk_examples_pin-1.3', 'test_data_oid': '6809839e9090eed3decccd1a', 'test_data_id': 'pin-cfc_25', 'xpaths': [{'xpath': 'PriorInformationNotice/cac:ProcurementProjectLot/cac:TenderingTerms/cac:AwardingTerms/cac:AwardingCriterion/cac:SubordinateAwardingCriterion/ext:UBLExtensions/ext:UBLExtension/ext:ExtensionContent/efext:EformsExtension/efac:AwardCriterionParameter/efbc:ParameterCode', 'value': 'per-exa'}, {'xpath': 'PriorInformationNotice/cac:ProcurementProjectLot/cac:TenderingTerms/cac:AwardingTerms/cac:AwardingCriterion/cac:SubordinateAwardingCriterion/ext:UBLExtensions/ext:UBLExtension/ext:ExtensionContent/efext:EformsExtension/efac:AwardCriterionParameter/efbc:ParameterCode', 'value': 'per-exa'}]}], 'is_covered': True, 'xpath_conditions': [{'xpath_condition': ""not( exists(efac:FieldsPrivacy[efbc:FieldIdentifierCode/text()='awa-cri-wei']) and efbc:ParameterCode/text() = 'unpublished' )"", 'meets_xpath_condition': True}], 'message': None}"
196,2025-04-24 00:48:48.746065+00:00,"{'sdk_element_id': 'BT-5422-Lot', 'sdk_element_title': 'Award Criterion Number Fixed', 'sdk_element_xpath': ""/*/cac:ProcurementProjectLot[cbc:ID/@schemeName='Lot']/cac:TenderingTerms/cac:AwardingTerms/cac:AwardingCriterion/cac:SubordinateAwardingCriterion/ext:UBLExtensions/ext:UBLExtension/ext:ExtensionContent/efext:EformsExtension/efac:AwardCriterionParameter/efbc:ParameterCode[@listName='number-fixed']"", 'test_data_xpaths': [], 'is_covered': False, 'xpath_conditions': [{'xpath_condition': ""not( exists(efac:FieldsPrivacy[efbc:FieldIdentifierCode/text()='awa-cri-fix']) and efbc:ParameterCode/text() = 'unpublished' )"", 'meets_xpath_condition': True}], 'message': None}"
197,2025-04-24 00:48:48.746065+00:00,"{'sdk_element_id': 'BT-5423-Lot', 'sdk_element_title': 'Award Criterion Number Threshold', 'sdk_element_xpath': ""/*/cac:ProcurementProjectLot[cbc:ID/@schemeName='Lot']/cac:TenderingTerms/cac:AwardingTerms/cac:AwardingCriterion/cac:SubordinateAwardingCriterion/ext:UBLExtensions/ext:UBLExtension/ext:ExtensionContent/efext:EformsExtension/efac:AwardCriterionParameter/efbc:ParameterCode[@listName='number-threshold']"", 'test_data_xpaths': [], 'is_covered': False, 'xpath_conditions': [{'xpath_condition': ""not( exists(efac:FieldsPrivacy[efbc:FieldIdentifierCode/text()='awa-cri-thr']) and efbc:ParameterCode/text() = 'unpublished' )"", 'meets_xpath_condition': True}], 'message': None}"
198,2025-04-24 00:48:48.746065+00:00,"{'sdk_element_id': 'BT-734-Lot', 'sdk_element_title': 'Award Criterion Name', 'sdk_element_xpath': ""/*/cac:ProcurementProjectLot[cbc:ID/@schemeName='Lot']/cac:TenderingTerms/cac:AwardingTerms/cac:AwardingCriterion/cac:SubordinateAwardingCriterion/cbc:Name"", 'test_data_xpaths': [], 'is_covered': False, 'xpath_conditions': [{'xpath_condition': ""not( exists(ext:UBLExtensions/ext:UBLExtension/ext:ExtensionContent/efext:EformsExtension/efac:FieldsPrivacy[efbc:FieldIdentifierCode/text()='awa-cri-nam']) and cbc:Name/text() = 'unpublished' )"", 'meets_xpath_condition': True}], 'message': None}"
199,2025-04-24 00:48:48.746065+00:00,"{'sdk_element_id': 'BT-543-Lot', 'sdk_element_title': 'Award Criteria Complicated', 'sdk_element_xpath': ""/*/cac:ProcurementProjectLot[cbc:ID/@schemeName='Lot']/cac:TenderingTerms/cac:AwardingTerms/cac:AwardingCriterion/cbc:CalculationExpression"", 'test_data_xpaths': [], 'is_covered': False, 'xpath_conditions': [{'xpath_condition': ""not( exists(ext:UBLExtensions/ext:UBLExtension/ext:ExtensionContent/efext:EformsExtension/efac:FieldsPrivacy[efbc:FieldIdentifierCode/text()='awa-cri-com']) and cbc:CalculationExpression/text() = 'unpublished' )"", 'meets_xpath_condition': True}], 'message': None}"
200,2025-04-24 00:48:48.746065+00:00,"{'sdk_element_id': 'BT-733-Lot', 'sdk_element_title': 'Award Criteria Order Justification', 'sdk_element_xpath': ""/*/cac:ProcurementProjectLot[cbc:ID/@schemeName='Lot']/cac:TenderingTerms/cac:AwardingTerms/cac:AwardingCriterion/cbc:Description"", 'test_data_xpaths': [], 'is_covered': False, 'xpath_conditions': [{'xpath_condition': ""not( exists(ext:UBLExtensions/ext:UBLExtension/ext:ExtensionContent/efext:EformsExtension/efac:FieldsPrivacy[efbc:FieldIdentifierCode/text()='awa-cri-ord']) and cbc:Description/text() = 'unpublished' )"", 'meets_xpath_condition': True}], 'message': None}"
201,2025-04-24 00:48:48.746065+00:00,"{'sdk_element_id': 'BT-120-Lot', 'sdk_element_title': 'No Negotiation Necessary', 'sdk_element_xpath': ""/*/cac:ProcurementProjectLot[cbc:ID/@schemeName='Lot']/cac:TenderingTerms/cac:AwardingTerms/cbc:NoFurtherNegotiationIndicator"", 'test_data_xpaths': [], 'is_covered': False, 'xpath_conditions': [{'xpath_condition': '', 'meets_xpath_condition': True}], 'message': None}"
202,2025-04-24 00:48:48.746065+00:00,"{'sdk_element_id': 'ND-TendererLegalForm', 'sdk_element_title': None, 'sdk_element_xpath': ""/*/cac:ProcurementProjectLot[cbc:ID/@schemeName='Lot']/cac:TenderingTerms/cac:TendererQualificationRequest[not(cac:SpecificTendererRequirement)]"", 'test_data_xpaths': [], 'is_covered': False, 'xpath_conditions': [{'xpath_condition': '', 'meets_xpath_condition': True}], 'message': None}"
203,2025-04-24 00:48:48.746065+00:00,"{'sdk_element_id': 'BT-761-Lot', 'sdk_element_title': 'Tenderer Legal Form', 'sdk_element_xpath': ""/*/cac:ProcurementProjectLot[cbc:ID/@schemeName='Lot']/cac:TenderingTerms/cac:TendererQualificationRequest[not(cac:SpecificTendererRequirement)]/cbc:CompanyLegalFormCode"", 'test_data_xpaths': [], 'is_covered': False, 'xpath_conditions': [{'xpath_condition': '', 'meets_xpath_condition': True}], 'message': None}"
204,2025-04-24 00:48:48.746065+00:00,"{'sdk_element_id': 'BT-76-Lot', 'sdk_element_title': 'Tenderer Legal Form Description', 'sdk_element_xpath': ""/*/cac:ProcurementProjectLot[cbc:ID/@schemeName='Lot']/cac:TenderingTerms/cac:TendererQualificationRequest[not(cac:SpecificTendererRequirement)]/cbc:CompanyLegalForm"", 'test_data_xpaths': [], 'is_covered': False, 'xpath_conditions': [{'xpath_condition': 'cbc:CompanyLegalFormCode[@listName=\'required\' and text()=""true""]', 'meets_xpath_condition': False}], 'message': None}"
205,2025-04-24 00:48:48.746065+00:00,"{'sdk_element_id': 'BT-41-Lot', 'sdk_element_title': 'Following Contract', 'sdk_element_xpath': ""/*/cac:ProcurementProjectLot[cbc:ID/@schemeName='Lot']/cac:TenderingTerms/cac:AwardingTerms/cbc:FollowupContractIndicator"", 'test_data_xpaths': [], 'is_covered': False, 'xpath_conditions': [{'xpath_condition': '', 'meets_xpath_condition': True}], 'message': None}"
206,2025-04-24 00:48:48.746065+00:00,"{'sdk_element_id': 'BT-42-Lot', 'sdk_element_title': 'Jury Decision Binding', 'sdk_element_xpath': ""/*/cac:ProcurementProjectLot[cbc:ID/@schemeName='Lot']/cac:TenderingTerms/cac:AwardingTerms/cbc:BindingOnBuyerIndicator"", 'test_data_xpaths': [], 'is_covered': False, 'xpath_conditions': [{'xpath_condition': '', 'meets_xpath_condition': True}], 'message': None}"
207,2025-04-24 00:48:48.746065+00:00,"{'sdk_element_id': 'BT-46-Lot', 'sdk_element_title': 'Jury Member Name', 'sdk_element_xpath': ""/*/cac:ProcurementProjectLot[cbc:ID/@schemeName='Lot']/cac:TenderingTerms/cac:AwardingTerms/cac:TechnicalCommitteePerson/cbc:FamilyName"", 'test_data_xpaths': [], 'is_covered': False, 'xpath_conditions': [{'xpath_condition': '', 'meets_xpath_condition': True}], 'message': None}"
208,2025-04-24 00:48:48.746065+00:00,"{'sdk_element_id': 'ND-Prize', 'sdk_element_title': None, 'sdk_element_xpath': ""/*/cac:ProcurementProjectLot[cbc:ID/@schemeName='Lot']/cac:TenderingTerms/cac:AwardingTerms/cac:Prize"", 'test_data_xpaths': [], 'is_covered': False, 'xpath_conditions': [{'xpath_condition': '', 'meets_xpath_condition': True}], 'message': None}"
209,2025-04-24 00:48:48.746065+00:00,"{'sdk_element_id': 'BT-44-Lot', 'sdk_element_title': 'Prize Rank', 'sdk_element_xpath': ""/*/cac:ProcurementProjectLot[cbc:ID/@schemeName='Lot']/cac:TenderingTerms/cac:AwardingTerms/cac:Prize/cbc:RankCode"", 'test_data_xpaths': [], 'is_covered': False, 'xpath_conditions': [{'xpath_condition': '', 'meets_xpath_condition': True}], 'message': None}"
210,2025-04-24 00:48:48.746065+00:00,"{'sdk_element_id': 'BT-644-Lot', 'sdk_element_title': 'Prize Value', 'sdk_element_xpath': ""/*/cac:ProcurementProjectLot[cbc:ID/@schemeName='Lot']/cac:TenderingTerms/cac:AwardingTerms/cac:Prize/cbc:ValueAmount"", 'test_data_xpaths': [], 'is_covered': False, 'xpath_conditions': [{'xpath_condition': '', 'meets_xpath_condition': True}], 'message': None}"
211,2025-04-24 00:48:48.746065+00:00,"{'sdk_element_id': 'BT-45-Lot', 'sdk_element_title': 'Rewards Other', 'sdk_element_xpath': ""/*/cac:ProcurementProjectLot[cbc:ID/@schemeName='Lot']/cac:TenderingTerms/cac:AwardingTerms/cac:Prize/cbc:Description"", 'test_data_xpaths': [], 'is_covered': False, 'xpath_conditions': [{'xpath_condition': '', 'meets_xpath_condition': True}], 'message': None}"
212,2025-04-24 00:48:48.746065+00:00,"{'sdk_element_id': 'ND-Participants', 'sdk_element_title': None, 'sdk_element_xpath': ""/*/cac:ProcurementProjectLot[cbc:ID/@schemeName='Lot']/cac:TenderingTerms/cac:EconomicOperatorShortList"", 'test_data_xpaths': [], 'is_covered': False, 'xpath_conditions': [{'xpath_condition': '', 'meets_xpath_condition': True}], 'message': None}"
213,2025-04-24 00:48:48.746065+00:00,"{'sdk_element_id': 'BT-47-Lot', 'sdk_element_title': 'Participant Name', 'sdk_element_xpath': ""/*/cac:ProcurementProjectLot[cbc:ID/@schemeName='Lot']/cac:TenderingTerms/cac:EconomicOperatorShortList/cac:PreSelectedParty/cac:PartyName/cbc:Name"", 'test_data_xpaths': [], 'is_covered': False, 'xpath_conditions': [{'xpath_condition': '', 'meets_xpath_condition': True}], 'message': None}"
214,2025-04-24 00:48:48.746065+00:00,"{'sdk_element_id': 'ND-LateTendererInformation', 'sdk_element_title': None, 'sdk_element_xpath': ""/*/cac:ProcurementProjectLot[cbc:ID/@schemeName='Lot']/cac:TenderingTerms/cac:TendererQualificationRequest[not(cbc:CompanyLegalFormCode)]/cac:SpecificTendererRequirement[not(cbc:TendererRequirementTypeCode[@listName='reserved-procurement'])]"", 'test_data_xpaths': [], 'is_covered': False, 'xpath_conditions': [{'xpath_condition': '', 'meets_xpath_condition': True}], 'message': None}"
215,2025-04-24 00:48:48.746065+00:00,"{'sdk_element_id': 'BT-771-Lot', 'sdk_element_title': 'Late Tenderer Information', 'sdk_element_xpath': ""/*/cac:ProcurementProjectLot[cbc:ID/@schemeName='Lot']/cac:TenderingTerms/cac:TendererQualificationRequest[not(cbc:CompanyLegalFormCode)]/cac:SpecificTendererRequirement[not(cbc:TendererRequirementTypeCode[@listName='reserved-procurement'])]/cbc:TendererRequirementTypeCode[@listName='missing-info-submission']"", 'test_data_xpaths': [], 'is_covered': False, 'xpath_conditions': [{'xpath_condition': '', 'meets_xpath_condition': True}], 'message': None}"
216,2025-04-24 00:48:48.746065+00:00,"{'sdk_element_id': 'BT-772-Lot', 'sdk_element_title': 'Late Tenderer Information Description', 'sdk_element_xpath': ""/*/cac:ProcurementProjectLot[cbc:ID/@schemeName='Lot']/cac:TenderingTerms/cac:TendererQualificationRequest[not(cbc:CompanyLegalFormCode)]/cac:SpecificTendererRequirement[not(cbc:TendererRequirementTypeCode[@listName='reserved-procurement'])]/cbc:Description"", 'test_data_xpaths': [], 'is_covered': False, 'xpath_conditions': [{'xpath_condition': ""cbc:TendererRequirementTypeCode[@listName='missing-info-submission']"", 'meets_xpath_condition': False}], 'message': None}"
217,2025-04-24 00:48:48.746065+00:00,"{'sdk_element_id': 'ND-LotReservedParticipation', 'sdk_element_title': None, 'sdk_element_xpath': ""/*/cac:ProcurementProjectLot[cbc:ID/@schemeName='Lot']/cac:TenderingTerms/cac:TendererQualificationRequest[not(cbc:CompanyLegalFormCode)][not(cac:SpecificTendererRequirement/cbc:TendererRequirementTypeCode[@listName='missing-info-submission'])]"", 'test_data_xpaths': [{'test_data_suite_oid': '6809839e9090eed3decccd14', 'test_data_suite_id': 'sdk_examples_pin-1.3', 'test_data_oid': '6809839e9090eed3decccd18', 'test_data_id': 'qu-sy_25', 'xpaths': [{'xpath': 'PriorInformationNotice/cac:ProcurementProjectLot/cac:TenderingTerms/cac:TendererQualificationRequest', 'value': None}]}, {'test_data_suite_oid': '6809839e9090eed3decccd14', 'test_data_suite_id': 'sdk_examples_pin-1.3', 'test_data_oid': '6809839e9090eed3decccd1a', 'test_data_id': 'pin-cfc_25', 'xpaths': [{'xpath': 'PriorInformationNotice/cac:ProcurementProjectLot/cac:TenderingTerms/cac:TendererQualificationRequest', 'value': None}, {'xpath': 'PriorInformationNotice/cac:ProcurementProjectLot/cac:TenderingTerms/cac:TendererQualificationRequest', 'value': None}]}], 'is_covered': True, 'xpath_conditions': [{'xpath_condition': '', 'meets_xpath_condition': True}], 'message': None}"
218,2025-04-24 00:48:48.746065+00:00,"{'sdk_element_id': 'BT-71-Lot', 'sdk_element_title': 'Reserved Participation', 'sdk_element_xpath': ""/*/cac:ProcurementProjectLot[cbc:ID/@schemeName='Lot']/cac:TenderingTerms/cac:TendererQualificationRequest[not(cbc:CompanyLegalFormCode)][not(cac:SpecificTendererRequirement/cbc:TendererRequirementTypeCode[@listName='missing-info-submission'])]/cac:SpecificTendererRequirement/cbc:TendererRequirementTypeCode[@listName='reserved-procurement']"", 'test_data_xpaths': [{'test_data_suite_oid': '6809839e9090eed3decccd14', 'test_data_suite_id': 'sdk_examples_pin-1.3', 'test_data_oid': '6809839e9090eed3decccd18', 'test_data_id': 'qu-sy_25', 'xpaths': [{'xpath': 'PriorInformationNotice/cac:ProcurementProjectLot/cac:TenderingTerms/cac:TendererQualificationRequest/cac:SpecificTendererRequirement/cbc:TendererRequirementTypeCode', 'value': 'none'}]}, {'test_data_suite_oid': '6809839e9090eed3decccd14', 'test_data_suite_id': 'sdk_examples_pin-1.3', 'test_data_oid': '6809839e9090eed3decccd1a', 'test_data_id': 'pin-cfc_25', 'xpaths': [{'xpath': 'PriorInformationNotice/cac:ProcurementProjectLot/cac:TenderingTerms/cac:TendererQualificationRequest/cac:SpecificTendererRequirement/cbc:TendererRequirementTypeCode', 'value': 'none'}, {'xpath': 'PriorInformationNotice/cac:ProcurementProjectLot/cac:TenderingTerms/cac:TendererQualificationRequest/cac:SpecificTendererRequirement/cbc:TendererRequirementTypeCode', 'value': 'none'}]}], 'is_covered': True, 'xpath_conditions': [{'xpath_condition': '', 'meets_xpath_condition': True}], 'message': None}"
219,2025-04-24 00:48:48.746065+00:00,"{'sdk_element_id': 'BT-63-Lot', 'sdk_element_title': 'Variants', 'sdk_element_xpath': ""/*/cac:ProcurementProjectLot[cbc:ID/@schemeName='Lot']/cac:TenderingTerms/cbc:VariantConstraintCode"", 'test_data_xpaths': [], 'is_covered': False, 'xpath_conditions': [{'xpath_condition': '', 'meets_xpath_condition': True}], 'message': None}"
220,2025-04-24 00:48:48.746065+00:00,"{'sdk_element_id': 'BT-94-Lot', 'sdk_element_title': 'Recurrence', 'sdk_element_xpath': ""/*/cac:ProcurementProjectLot[cbc:ID/@schemeName='Lot']/cac:TenderingTerms/cbc:RecurringProcurementIndicator"", 'test_data_xpaths': [], 'is_covered': False, 'xpath_conditions': [{'xpath_condition': '', 'meets_xpath_condition': True}], 'message': None}"
221,2025-04-24 00:48:48.746065+00:00,"{'sdk_element_id': 'BT-95-Lot', 'sdk_element_title': 'Recurrence Description', 'sdk_element_xpath': ""/*/cac:ProcurementProjectLot[cbc:ID/@schemeName='Lot']/cac:TenderingTerms/cbc:RecurringProcurementDescription"", 'test_data_xpaths': [], 'is_covered': False, 'xpath_conditions': [{'xpath_condition': '', 'meets_xpath_condition': True}], 'message': None}"
222,2025-04-24 00:48:48.746065+00:00,"{'sdk_element_id': 'BT-769-Lot', 'sdk_element_title': 'Multiple Tenders', 'sdk_element_xpath': ""/*/cac:ProcurementProjectLot[cbc:ID/@schemeName='Lot']/cac:TenderingTerms/cbc:MultipleTendersCode"", 'test_data_xpaths': [], 'is_covered': False, 'xpath_conditions': [{'xpath_condition': ""cbc:MultipleTendersCode/text()='allowed' or cbc:MultipleTendersCode/text()='required'"", 'meets_xpath_condition': True}, {'xpath_condition': ""cbc:MultipleTendersCode/text()='not-allowed'"", 'meets_xpath_condition': False}], 'message': None}"
223,2025-04-24 00:48:48.746065+00:00,"{'sdk_element_id': 'ND-ReservedExecution', 'sdk_element_title': None, 'sdk_element_xpath': ""/*/cac:ProcurementProjectLot[cbc:ID/@schemeName='Lot']/cac:TenderingTerms/cac:ContractExecutionRequirement[cbc:ExecutionRequirementCode/@listName='reserved-execution']"", 'test_data_xpaths': [{'test_data_suite_oid': '6809839e9090eed3decccd14', 'test_data_suite_id': 'sdk_examples_pin-1.3', 'test_data_oid': '6809839e9090eed3decccd18', 'test_data_id': 'qu-sy_25', 'xpaths': [{'xpath': 'PriorInformationNotice/cac:ProcurementProjectLot/cac:TenderingTerms/cac:ContractExecutionRequirement', 'value': None}]}, {'test_data_suite_oid': '6809839e9090eed3decccd14', 'test_data_suite_id': 'sdk_examples_pin-1.3', 'test_data_oid': '6809839e9090eed3decccd19', 'test_data_id': 'CEI', 'xpaths': [{'xpath': 'PriorInformationNotice/cac:ProcurementProjectLot/cac:TenderingTerms/cac:ContractExecutionRequirement', 'value': None}]}, {'test_data_suite_oid': '6809839e9090eed3decccd14', 'test_data_suite_id': 'sdk_examples_pin-1.3', 'test_data_oid': '6809839e9090eed3decccd1a', 'test_data_id': 'pin-cfc_25', 'xpaths': [{'xpath': 'PriorInformationNotice/cac:ProcurementProjectLot/cac:TenderingTerms/cac:ContractExecutionRequirement', 'value': None}, {'xpath': 'PriorInformationNotice/cac:ProcurementProjectLot/cac:TenderingTerms/cac:ContractExecutionRequirement', 'value': None}]}], 'is_covered': True, 'xpath_conditions': [{'xpath_condition': '', 'meets_xpath_condition': True}], 'message': None}"
224,2025-04-24 00:48:48.746065+00:00,"{'sdk_element_id': 'BT-736-Lot', 'sdk_element_title': 'Reserved Execution', 'sdk_element_xpath': ""/*/cac:ProcurementProjectLot[cbc:ID/@schemeName='Lot']/cac:TenderingTerms/cac:ContractExecutionRequirement/cbc:ExecutionRequirementCode[@listName='reserved-execution']"", 'test_data_xpaths': [{'test_data_suite_oid': '6809839e9090eed3decccd14', 'test_data_suite_id': 'sdk_examples_pin-1.3', 'test_data_oid': '6809839e9090eed3decccd18', 'test_data_id': 'qu-sy_25', 'xpaths': [{'xpath': 'PriorInformationNotice/cac:ProcurementProjectLot/cac:TenderingTerms/cac:ContractExecutionRequirement/cbc:ExecutionRequirementCode', 'value': 'no'}]}, {'test_data_suite_oid': '6809839e9090eed3decccd14', 'test_data_suite_id': 'sdk_examples_pin-1.3', 'test_data_oid': '6809839e9090eed3decccd19', 'test_data_id': 'CEI', 'xpaths': [{'xpath': 'PriorInformationNotice/cac:ProcurementProjectLot/cac:TenderingTerms/cac:ContractExecutionRequirement/cbc:ExecutionRequirementCode', 'value': 'not-known'}]}, {'test_data_suite_oid': '6809839e9090eed3decccd14', 'test_data_suite_id': 'sdk_examples_pin-1.3', 'test_data_oid': '6809839e9090eed3decccd1a', 'test_data_id': 'pin-cfc_25', 'xpaths': [{'xpath': 'PriorInformationNotice/cac:ProcurementProjectLot/cac:TenderingTerms/cac:ContractExecutionRequirement/cbc:ExecutionRequirementCode', 'value': 'no'}, {'xpath': 'PriorInformationNotice/cac:ProcurementProjectLot/cac:TenderingTerms/cac:ContractExecutionRequirement/cbc:ExecutionRequirementCode', 'value': 'no'}]}], 'is_covered': True, 'xpath_conditions': [{'xpath_condition': '', 'meets_xpath_condition': True}], 'message': None}"
225,2025-04-24 00:48:48.746065+00:00,"{'sdk_element_id': 'BT-743-Lot', 'sdk_element_title': 'Electronic Invoicing', 'sdk_element_xpath': ""/*/cac:ProcurementProjectLot[cbc:ID/@schemeName='Lot']/cac:TenderingTerms/cac:ContractExecutionRequirement/cbc:ExecutionRequirementCode[@listName='einvoicing']"", 'test_data_xpaths': [{'test_data_suite_oid': '6809839e9090eed3decccd14', 'test_data_suite_id': 'sdk_examples_pin-1.3', 'test_data_oid': '6809839e9090eed3decccd18', 'test_data_id': 'qu-sy_25', 'xpaths': [{'xpath': 'PriorInformationNotice/cac:ProcurementProjectLot/cac:TenderingTerms/cac:ContractExecutionRequirement/cbc:ExecutionRequirementCode', 'value': 'required'}]}], 'is_covered': True, 'xpath_conditions': [{'xpath_condition': '', 'meets_xpath_condition': True}], 'message': None}"
226,2025-04-24 00:48:48.746065+00:00,"{'sdk_element_id': 'ND-ExecutionRequirements', 'sdk_element_title': None, 'sdk_element_xpath': ""/*/cac:ProcurementProjectLot[cbc:ID/@schemeName='Lot']/cac:TenderingTerms/cac:ContractExecutionRequirement[cbc:ExecutionRequirementCode/@listName='conditions']"", 'test_data_xpaths': [], 'is_covered': False, 'xpath_conditions': [{'xpath_condition': '', 'meets_xpath_condition': True}], 'message': None}"
227,2025-04-24 00:48:48.746065+00:00,"{'sdk_element_id': 'BT-70-Lot', 'sdk_element_title': 'Terms Performance', 'sdk_element_xpath': ""/*/cac:ProcurementProjectLot[cbc:ID/@schemeName='Lot']/cac:TenderingTerms/cac:ContractExecutionRequirement[cbc:ExecutionRequirementCode/@listName='conditions']/cbc:Description"", 'test_data_xpaths': [], 'is_covered': False, 'xpath_conditions': [{'xpath_condition': '', 'meets_xpath_condition': True}], 'message': None}"
228,2025-04-24 00:48:48.746065+00:00,"{'sdk_element_id': 'BT-79-Lot', 'sdk_element_title': 'Performing Staff Qualification', 'sdk_element_xpath': ""/*/cac:ProcurementProjectLot[cbc:ID/@schemeName='Lot']/cac:TenderingTerms/cbc:RequiredCurriculaCode"", 'test_data_xpaths': [], 'is_covered': False, 'xpath_conditions': [{'xpath_condition': '', 'meets_xpath_condition': True}], 'message': None}"
229,2025-04-24 00:48:48.746065+00:00,"{'sdk_element_id': 'BT-78-Lot', 'sdk_element_title': 'Security Clearance Deadline', 'sdk_element_xpath': ""/*/cac:ProcurementProjectLot[cbc:ID/@schemeName='Lot']/cac:TenderingTerms/cbc:LatestSecurityClearanceDate"", 'test_data_xpaths': [], 'is_covered': False, 'xpath_conditions': [{'xpath_condition': '', 'meets_xpath_condition': True}], 'message': None}"
230,2025-04-24 00:48:48.746065+00:00,"{'sdk_element_id': 'ND-SecurityClearanceTerms', 'sdk_element_title': None, 'sdk_element_xpath': ""/*/cac:ProcurementProjectLot[cbc:ID/@schemeName='Lot']/cac:TenderingTerms/cac:SecurityClearanceTerm"", 'test_data_xpaths': [], 'is_covered': False, 'xpath_conditions': [{'xpath_condition': '', 'meets_xpath_condition': True}], 'message': None}"
231,2025-04-24 00:48:48.746065+00:00,"{'sdk_element_id': 'BT-578-Lot', 'sdk_element_title': 'Security Clearance', 'sdk_element_xpath': ""/*/cac:ProcurementProjectLot[cbc:ID/@schemeName='Lot']/cac:TenderingTerms/cac:SecurityClearanceTerm/cbc:Code"", 'test_data_xpaths': [], 'is_covered': False, 'xpath_conditions': [{'xpath_condition': '', 'meets_xpath_condition': True}], 'message': None}"
232,2025-04-24 00:48:48.746065+00:00,"{'sdk_element_id': 'BT-732-Lot', 'sdk_element_title': 'Security Clearance Description', 'sdk_element_xpath': ""/*/cac:ProcurementProjectLot[cbc:ID/@schemeName='Lot']/cac:TenderingTerms/cac:SecurityClearanceTerm/cbc:Description"", 'test_data_xpaths': [], 'is_covered': False, 'xpath_conditions': [{'xpath_condition': '', 'meets_xpath_condition': True}], 'message': None}"
233,2025-04-24 00:48:48.746065+00:00,"{'sdk_element_id': 'ND-StrategicProcurementLot', 'sdk_element_title': None, 'sdk_element_xpath': ""/*/cac:ProcurementProjectLot[cbc:ID/@schemeName='Lot']/cac:TenderingTerms/ext:UBLExtensions/ext:UBLExtension/ext:ExtensionContent/efext:EformsExtension/efac:StrategicProcurement"", 'test_data_xpaths': [], 'is_covered': False, 'xpath_conditions': [{'xpath_condition': '', 'meets_xpath_condition': True}], 'message': None}"
234,2025-04-24 00:48:48.746065+00:00,"{'sdk_element_id': 'BT-717-Lot', 'sdk_element_title': 'Clean Vehicles Directive', 'sdk_element_xpath': ""/*/cac:ProcurementProjectLot[cbc:ID/@schemeName='Lot']/cac:TenderingTerms/ext:UBLExtensions/ext:UBLExtension/ext:ExtensionContent/efext:EformsExtension/efac:StrategicProcurement/efbc:ApplicableLegalBasis"", 'test_data_xpaths': [], 'is_covered': False, 'xpath_conditions': [{'xpath_condition': '', 'meets_xpath_condition': True}], 'message': None}"
235,2025-04-24 00:48:48.746065+00:00,"{'sdk_element_id': 'ND-StrategicProcurementInformationLot', 'sdk_element_title': None, 'sdk_element_xpath': ""/*/cac:ProcurementProjectLot[cbc:ID/@schemeName='Lot']/cac:TenderingTerms/ext:UBLExtensions/ext:UBLExtension/ext:ExtensionContent/efext:EformsExtension/efac:StrategicProcurement/efac:StrategicProcurementInformation"", 'test_data_xpaths': [], 'is_covered': False, 'xpath_conditions': [{'xpath_condition': '', 'meets_xpath_condition': True}], 'message': None}"
236,2025-04-24 00:48:48.746065+00:00,"{'sdk_element_id': 'BT-735-Lot', 'sdk_element_title': 'CVD Contract Type', 'sdk_element_xpath': ""/*/cac:ProcurementProjectLot[cbc:ID/@schemeName='Lot']/cac:TenderingTerms/ext:UBLExtensions/ext:UBLExtension/ext:ExtensionContent/efext:EformsExtension/efac:StrategicProcurement/efac:StrategicProcurementInformation/efbc:ProcurementCategoryCode"", 'test_data_xpaths': [], 'is_covered': False, 'xpath_conditions': [{'xpath_condition': '', 'meets_xpath_condition': True}], 'message': None}"
237,2025-04-24 00:48:48.746065+00:00,"{'sdk_element_id': 'BT-764-Lot', 'sdk_element_title': 'Submission Electronic Catalogue', 'sdk_element_xpath': ""/*/cac:ProcurementProjectLot[cbc:ID/@schemeName='Lot']/cac:TenderingTerms/cac:ContractExecutionRequirement/cbc:ExecutionRequirementCode[@listName='ecatalog-submission']"", 'test_data_xpaths': [], 'is_covered': False, 'xpath_conditions': [{'xpath_condition': '', 'meets_xpath_condition': True}], 'message': None}"
238,2025-04-24 00:48:48.746065+00:00,"{'sdk_element_id': 'BT-744-Lot', 'sdk_element_title': 'Submission Electronic Signature', 'sdk_element_xpath': ""/*/cac:ProcurementProjectLot[cbc:ID/@schemeName='Lot']/cac:TenderingTerms/cac:ContractExecutionRequirement/cbc:ExecutionRequirementCode[@listName='esignature-submission']"", 'test_data_xpaths': [], 'is_covered': False, 'xpath_conditions': [{'xpath_condition': '', 'meets_xpath_condition': True}], 'message': None}"
239,2025-04-24 00:48:48.746065+00:00,"{'sdk_element_id': 'ND-PostAwarProcess', 'sdk_element_title': None, 'sdk_element_xpath': ""/*/cac:ProcurementProjectLot[cbc:ID/@schemeName='Lot']/cac:TenderingTerms/cac:PostAwardProcess"", 'test_data_xpaths': [], 'is_covered': False, 'xpath_conditions': [{'xpath_condition': '', 'meets_xpath_condition': True}], 'message': None}"
240,2025-04-24 00:48:48.746065+00:00,"{'sdk_element_id': 'BT-92-Lot', 'sdk_element_title': 'Electronic Ordering', 'sdk_element_xpath': ""/*/cac:ProcurementProjectLot[cbc:ID/@schemeName='Lot']/cac:TenderingTerms/cac:PostAwardProcess/cbc:ElectronicOrderUsageIndicator"", 'test_data_xpaths': [], 'is_covered': False, 'xpath_conditions': [{'xpath_condition': '', 'meets_xpath_condition': True}], 'message': None}"
241,2025-04-24 00:48:48.746065+00:00,"{'sdk_element_id': 'BT-93-Lot', 'sdk_element_title': 'Electronic Payment', 'sdk_element_xpath': ""/*/cac:ProcurementProjectLot[cbc:ID/@schemeName='Lot']/cac:TenderingTerms/cac:PostAwardProcess/cbc:ElectronicPaymentUsageIndicator"", 'test_data_xpaths': [], 'is_covered': False, 'xpath_conditions': [{'xpath_condition': '', 'meets_xpath_condition': True}], 'message': None}"
242,2025-04-24 00:48:48.746065+00:00,"{'sdk_element_id': 'ND-SubcontractingObligation', 'sdk_element_title': None, 'sdk_element_xpath': ""/*/cac:ProcurementProjectLot[cbc:ID/@schemeName='Lot']/cac:TenderingTerms/cac:AllowedSubcontractTerms[cbc:SubcontractingConditionsCode/@listName='subcontracting-obligation']"", 'test_data_xpaths': [], 'is_covered': False, 'xpath_conditions': [{'xpath_condition': '', 'meets_xpath_condition': True}], 'message': None}"
243,2025-04-24 00:48:48.746065+00:00,"{'sdk_element_id': 'BT-65-Lot', 'sdk_element_title': 'Subcontracting Obligation', 'sdk_element_xpath': ""/*/cac:ProcurementProjectLot[cbc:ID/@schemeName='Lot']/cac:TenderingTerms/cac:AllowedSubcontractTerms[cbc:SubcontractingConditionsCode/@listName='subcontracting-obligation']/cbc:SubcontractingConditionsCode"", 'test_data_xpaths': [], 'is_covered': False, 'xpath_conditions': [{'xpath_condition': '', 'meets_xpath_condition': True}], 'message': None}"
244,2025-04-24 00:48:48.746065+00:00,"{'sdk_element_id': 'ND-SubcontractTerms', 'sdk_element_title': None, 'sdk_element_xpath': ""/*/cac:ProcurementProjectLot[cbc:ID/@schemeName='Lot']/cac:TenderingTerms/cac:AllowedSubcontractTerms"", 'test_data_xpaths': [{'test_data_suite_oid': '6809839e9090eed3decccd14', 'test_data_suite_id': 'sdk_examples_pin-1.3', 'test_data_oid': '6809839e9090eed3decccd19', 'test_data_id': 'CEI', 'xpaths': [{'xpath': 'PriorInformationNotice/cac:ProcurementProjectLot/cac:TenderingTerms/cac:AllowedSubcontractTerms', 'value': None}]}], 'is_covered': True, 'xpath_conditions': [{'xpath_condition': '', 'meets_xpath_condition': True}], 'message': None}"
245,2025-04-24 00:48:48.746065+00:00,"{'sdk_element_id': 'BT-729-Lot', 'sdk_element_title': 'Subcontracting Obligation Maximum', 'sdk_element_xpath': ""/*/cac:ProcurementProjectLot[cbc:ID/@schemeName='Lot']/cac:TenderingTerms/cac:AllowedSubcontractTerms/cbc:MaximumPercent"", 'test_data_xpaths': [], 'is_covered': False, 'xpath_conditions': [{'xpath_condition': '', 'meets_xpath_condition': True}], 'message': None}"
246,2025-04-24 00:48:48.746065+00:00,"{'sdk_element_id': 'BT-64-Lot', 'sdk_element_title': 'Subcontracting Obligation Minimum', 'sdk_element_xpath': ""/*/cac:ProcurementProjectLot[cbc:ID/@schemeName='Lot']/cac:TenderingTerms/cac:AllowedSubcontractTerms/cbc:MinimumPercent"", 'test_data_xpaths': [], 'is_covered': False, 'xpath_conditions': [{'xpath_condition': '', 'meets_xpath_condition': True}], 'message': None}"
247,2025-04-24 00:48:48.746065+00:00,"{'sdk_element_id': 'ND-AllowedSubcontracting', 'sdk_element_title': None, 'sdk_element_xpath': ""/*/cac:ProcurementProjectLot[cbc:ID/@schemeName='Lot']/cac:TenderingTerms/cac:AllowedSubcontractTerms[cbc:SubcontractingConditionsCode/@listName='subcontracting-allowed']"", 'test_data_xpaths': [{'test_data_suite_oid': '6809839e9090eed3decccd14', 'test_data_suite_id': 'sdk_examples_pin-1.3', 'test_data_oid': '6809839e9090eed3decccd19', 'test_data_id': 'CEI', 'xpaths': [{'xpath': 'PriorInformationNotice/cac:ProcurementProjectLot/cac:TenderingTerms/cac:AllowedSubcontractTerms', 'value': None}]}], 'is_covered': True, 'xpath_conditions': [{'xpath_condition': '', 'meets_xpath_condition': True}], 'message': None}"
248,2025-04-24 00:48:48.746065+00:00,"{'sdk_element_id': 'OPT-150-Lot', 'sdk_element_title': 'Subcontracting Allowed', 'sdk_element_xpath': ""/*/cac:ProcurementProjectLot[cbc:ID/@schemeName='Lot']/cac:TenderingTerms/cac:AllowedSubcontractTerms[cbc:SubcontractingConditionsCode/@listName='subcontracting-allowed']/cbc:SubcontractingConditionsCode"", 'test_data_xpaths': [{'test_data_suite_oid': '6809839e9090eed3decccd14', 'test_data_suite_id': 'sdk_examples_pin-1.3', 'test_data_oid': '6809839e9090eed3decccd19', 'test_data_id': 'CEI', 'xpaths': [{'xpath': 'PriorInformationNotice/cac:ProcurementProjectLot/cac:TenderingTerms/cac:AllowedSubcontractTerms/cbc:SubcontractingConditionsCode', 'value': 'false'}]}], 'is_covered': True, 'xpath_conditions': [{'xpath_condition': '', 'meets_xpath_condition': True}], 'message': None}"
249,2025-04-24 00:48:48.746065+00:00,"{'sdk_element_id': 'ND-PaymentTerms', 'sdk_element_title': None, 'sdk_element_xpath': ""/*/cac:ProcurementProjectLot[cbc:ID/@schemeName='Lot']/cac:TenderingTerms/cac:PaymentTerms"", 'test_data_xpaths': [], 'is_covered': False, 'xpath_conditions': [{'xpath_condition': '', 'meets_xpath_condition': True}], 'message': None}"
250,2025-04-24 00:48:48.746065+00:00,"{'sdk_element_id': 'BT-77-Lot', 'sdk_element_title': 'Terms Financial', 'sdk_element_xpath': ""/*/cac:ProcurementProjectLot[cbc:ID/@schemeName='Lot']/cac:TenderingTerms/cac:PaymentTerms/cbc:Note"", 'test_data_xpaths': [], 'is_covered': False, 'xpath_conditions': [{'xpath_condition': '', 'meets_xpath_condition': True}], 'message': None}"
251,2025-04-24 00:48:48.746065+00:00,"{'sdk_element_id': 'ND-TenderRecipient', 'sdk_element_title': None, 'sdk_element_xpath': ""/*/cac:ProcurementProjectLot[cbc:ID/@schemeName='Lot']/cac:TenderingTerms/cac:TenderRecipientParty"", 'test_data_xpaths': [{'test_data_suite_oid': '6809839e9090eed3decccd14', 'test_data_suite_id': 'sdk_examples_pin-1.3', 'test_data_oid': '6809839e9090eed3decccd19', 'test_data_id': 'CEI', 'xpaths': [{'xpath': 'PriorInformationNotice/cac:ProcurementProjectLot/cac:TenderingTerms/cac:TenderRecipientParty', 'value': None}]}, {'test_data_suite_oid': '6809839e9090eed3decccd14', 'test_data_suite_id': 'sdk_examples_pin-1.3', 'test_data_oid': '6809839e9090eed3decccd1a', 'test_data_id': 'pin-cfc_25', 'xpaths': [{'xpath': 'PriorInformationNotice/cac:ProcurementProjectLot/cac:TenderingTerms/cac:TenderRecipientParty', 'value': None}, {'xpath': 'PriorInformationNotice/cac:ProcurementProjectLot/cac:TenderingTerms/cac:TenderRecipientParty', 'value': None}]}], 'is_covered': True, 'xpath_conditions': [{'xpath_condition': ""exists(cac:PartyIdentification/cbc:ID) and (/*/cbc:NoticeTypeCode/@listName='planning' or /*/cbc:NoticeTypeCode/@listName='competition' or /*/cbc:NoticeTypeCode/@listName='dir-awa-pre' or (/*/cbc:NoticeTypeCode/@listName='change' and exists(/*/ext:UBLExtensions/ext:UBLExtension/ext:ExtensionContent/efext:EformsExtension/efac:NoticeSubType/cbc:SubTypeCode[contains('1 2 3 4 5 6 7 8 9 T01   10 11 12 13 14 15 16 17 18 19 20 21 22 23 24 CEI   25 26 27 28', text())])))"", 'meets_xpath_condition': False}, {'xpath_condition': ""exists(cac:PartyIdentification/cbc:ID) and (/*/cbc:NoticeTypeCode/@listName='result' or /*/cbc:NoticeTypeCode/@listName='cont-modif' or /*/cbc:NoticeTypeCode/@listName='consultation' or /*/cbc:NoticeTypeCode/@listName='completion' or (/*/cbc:NoticeTypeCode/@listName='change' and exists(/*/ext:UBLExtensions/ext:UBLExtension/ext:ExtensionContent/efext:EformsExtension/efac:NoticeSubType/cbc:SubTypeCode[contains('29 30 31 32 33 34 35 36 37 T02   38 39 40', text())])))"", 'meets_xpath_condition': False}, {'xpath_condition': '', 'meets_xpath_condition': True}, {'xpath_condition': 'exists(cac:PartyIdentification/cbc:ID)', 'meets_xpath_condition': False}], 'message': None}"
252,2025-04-24 00:48:48.746065+00:00,"{'sdk_element_id': 'OPT-301-Lot-TenderReceipt', 'sdk_element_title': 'Tender Recipient Technical Identifier Reference', 'sdk_element_xpath': ""/*/cac:ProcurementProjectLot[cbc:ID/@schemeName='Lot']/cac:TenderingTerms/cac:TenderRecipientParty/cac:PartyIdentification/cbc:ID"", 'test_data_xpaths': [{'test_data_suite_oid': '6809839e9090eed3decccd14', 'test_data_suite_id': 'sdk_examples_pin-1.3', 'test_data_oid': '6809839e9090eed3decccd1a', 'test_data_id': 'pin-cfc_25', 'xpaths': [{'xpath': 'PriorInformationNotice/cac:ProcurementProjectLot/cac:TenderingTerms/cac:TenderRecipientParty/cac:PartyIdentification/cbc:ID', 'value': 'ORG-0001'}, {'xpath': 'PriorInformationNotice/cac:ProcurementProjectLot/cac:TenderingTerms/cac:TenderRecipientParty/cac:PartyIdentification/cbc:ID', 'value': 'ORG-0001'}]}], 'is_covered': True, 'xpath_conditions': [{'xpath_condition': ""cac:PartyIdentification/cbc:ID/@schemeName='touchpoint' or exists(cac:PartyIdentification/cbc:ID[starts-with(text(), 'TPO-')])"", 'meets_xpath_condition': True}], 'message': None}"
253,2025-04-24 00:48:48.746065+00:00,"{'sdk_element_id': 'OPT-301-Lot-TenderEval', 'sdk_element_title': 'Tender Evaluator Technical Identifier Reference', 'sdk_element_xpath': ""/*/cac:ProcurementProjectLot[cbc:ID/@schemeName='Lot']/cac:TenderingTerms/cac:TenderEvaluationParty/cac:PartyIdentification/cbc:ID"", 'test_data_xpaths': [], 'is_covered': False, 'xpath_conditions': [{'xpath_condition': ""/*/cbc:NoticeTypeCode/@listName='planning' or /*/cbc:NoticeTypeCode/@listName='competition' or /*/cbc:NoticeTypeCode/@listName='dir-awa-pre' or (/*/cbc:NoticeTypeCode/@listName='change' and exists(/*/ext:UBLExtensions/ext:UBLExtension/ext:ExtensionContent/efext:EformsExtension/efac:NoticeSubType/cbc:SubTypeCode[contains('1 2 3 4 5 6 7 8 9 T01   10 11 12 13 14 15 16 17 18 19 20 21 22 23 24 CEI   25 26 27 28', text())]))"", 'meets_xpath_condition': True}, {'xpath_condition': ""/*/cbc:NoticeTypeCode/@listName='result' or /*/cbc:NoticeTypeCode/@listName='cont-modif' or /*/cbc:NoticeTypeCode/@listName='consultation' or /*/cbc:NoticeTypeCode/@listName='completion' or (/*/cbc:NoticeTypeCode/@listName='change' and exists(/*/ext:UBLExtensions/ext:UBLExtension/ext:ExtensionContent/efext:EformsExtension/efac:NoticeSubType/cbc:SubTypeCode[contains('29 30 31 32 33 34 35 36 37 T02   38 39 40', text())]))"", 'meets_xpath_condition': True}, {'xpath_condition': '', 'meets_xpath_condition': True}, {'xpath_condition': ""cac:TenderEvaluationParty/cac:PartyIdentification/cbc:ID/@schemeName='touchpoint' or exists(cac:TenderEvaluationParty/cac:PartyIdentification/cbc:ID[starts-with(text(), 'TPO-')])"", 'meets_xpath_condition': True}], 'message': None}"
254,2025-04-24 00:48:48.746065+00:00,"{'sdk_element_id': 'ND-LotTenderingProcessExtension', 'sdk_element_title': None, 'sdk_element_xpath': ""/*/cac:ProcurementProjectLot[cbc:ID/@schemeName='Lot']/cac:TenderingProcess/ext:UBLExtensions/ext:UBLExtension/ext:ExtensionContent/efext:EformsExtension"", 'test_data_xpaths': [{'test_data_suite_oid': '6809839e9090eed3decccd14', 'test_data_suite_id': 'sdk_examples_pin-1.3', 'test_data_oid': '6809839e9090eed3decccd19', 'test_data_id': 'CEI', 'xpaths': [{'xpath': 'PriorInformationNotice/cac:ProcurementProjectLot/cac:TenderingProcess/ext:UBLExtensions/ext:UBLExtension/ext:ExtensionContent/efext:EformsExtension', 'value': None}]}, {'test_data_suite_oid': '6809839e9090eed3decccd14', 'test_data_suite_id': 'sdk_examples_pin-1.3', 'test_data_oid': '6809839e9090eed3decccd1a', 'test_data_id': 'pin-cfc_25', 'xpaths': [{'xpath': 'PriorInformationNotice/cac:ProcurementProjectLot/cac:TenderingProcess/ext:UBLExtensions/ext:UBLExtension/ext:ExtensionContent/efext:EformsExtension', 'value': None}, {'xpath': 'PriorInformationNotice/cac:ProcurementProjectLot/cac:TenderingProcess/ext:UBLExtensions/ext:UBLExtension/ext:ExtensionContent/efext:EformsExtension', 'value': None}]}], 'is_covered': True, 'xpath_conditions': [{'xpath_condition': '', 'meets_xpath_condition': True}], 'message': None}"
255,2025-04-24 00:48:48.746065+00:00,"{'sdk_element_id': 'BT-634-Lot', 'sdk_element_title': 'Procurement Relaunch', 'sdk_element_xpath': ""/*/cac:ProcurementProjectLot[cbc:ID/@schemeName='Lot']/cac:TenderingProcess/ext:UBLExtensions/ext:UBLExtension/ext:ExtensionContent/efext:EformsExtension/efbc:ProcedureRelaunchIndicator"", 'test_data_xpaths': [], 'is_covered': False, 'xpath_conditions': [{'xpath_condition': '', 'meets_xpath_condition': True}], 'message': None}"
256,2025-04-24 00:48:48.746065+00:00,"{'sdk_element_id': 'ND-PMCAnswersDeadline', 'sdk_element_title': None, 'sdk_element_xpath': ""/*/cac:ProcurementProjectLot[cbc:ID/@schemeName='Lot']/cac:TenderingProcess/ext:UBLExtensions/ext:UBLExtension/ext:ExtensionContent/efext:EformsExtension/efac:AnswerReceptionPeriod"", 'test_data_xpaths': [], 'is_covered': False, 'xpath_conditions': [{'xpath_condition': 'exists(cbc:EndDate) or exists(cbc:EndTime)', 'meets_xpath_condition': False}], 'message': None}"
257,2025-04-24 00:48:48.746065+00:00,"{'sdk_element_id': 'ND-SubmissionDeadline', 'sdk_element_title': None, 'sdk_element_xpath': ""/*/cac:ProcurementProjectLot[cbc:ID/@schemeName='Lot']/cac:TenderingProcess/cac:TenderSubmissionDeadlinePeriod"", 'test_data_xpaths': [], 'is_covered': False, 'xpath_conditions': [{'xpath_condition': '', 'meets_xpath_condition': True}], 'message': None}"
258,2025-04-24 00:48:48.746065+00:00,"{'sdk_element_id': 'BT-131(d)-Lot', 'sdk_element_title': 'Deadline Receipt Tenders', 'sdk_element_xpath': ""/*/cac:ProcurementProjectLot[cbc:ID/@schemeName='Lot']/cac:TenderingProcess/cac:TenderSubmissionDeadlinePeriod/cbc:EndDate"", 'test_data_xpaths': [], 'is_covered': False, 'xpath_conditions': [{'xpath_condition': '', 'meets_xpath_condition': True}], 'message': None}"
259,2025-04-24 00:48:48.746065+00:00,"{'sdk_element_id': 'BT-131(t)-Lot', 'sdk_element_title': 'Deadline Receipt Tenders', 'sdk_element_xpath': ""/*/cac:ProcurementProjectLot[cbc:ID/@schemeName='Lot']/cac:TenderingProcess/cac:TenderSubmissionDeadlinePeriod/cbc:EndTime"", 'test_data_xpaths': [], 'is_covered': False, 'xpath_conditions': [{'xpath_condition': '', 'meets_xpath_condition': True}], 'message': None}"
260,2025-04-24 00:48:48.746065+00:00,"{'sdk_element_id': 'BT-130-Lot', 'sdk_element_title': 'Dispatch Invitation Tender', 'sdk_element_xpath': ""/*/cac:ProcurementProjectLot[cbc:ID/@schemeName='Lot']/cac:TenderingProcess/cac:InvitationSubmissionPeriod/cbc:StartDate"", 'test_data_xpaths': [{'test_data_suite_oid': '6809839e9090eed3decccd14', 'test_data_suite_id': 'sdk_examples_pin-1.3', 'test_data_oid': '6809839e9090eed3decccd1a', 'test_data_id': 'pin-cfc_25', 'xpaths': [{'xpath': 'PriorInformationNotice/cac:ProcurementProjectLot/cac:TenderingProcess/cac:InvitationSubmissionPeriod/cbc:StartDate', 'value': '2020-05-18+01:00'}]}], 'is_covered': True, 'xpath_conditions': [{'xpath_condition': '', 'meets_xpath_condition': True}], 'message': None}"
261,2025-04-24 00:48:48.746065+00:00,"{'sdk_element_id': 'BT-631-Lot', 'sdk_element_title': 'Dispatch Invitation Interest', 'sdk_element_xpath': ""/*/cac:ProcurementProjectLot[cbc:ID/@schemeName='Lot']/cac:TenderingProcess/cac:ParticipationInvitationPeriod/cbc:StartDate"", 'test_data_xpaths': [], 'is_covered': False, 'xpath_conditions': [{'xpath_condition': '', 'meets_xpath_condition': True}], 'message': None}"
262,2025-04-24 00:48:48.746065+00:00,"{'sdk_element_id': 'ND-ParticipationRequestPeriod', 'sdk_element_title': None, 'sdk_element_xpath': ""/*/cac:ProcurementProjectLot[cbc:ID/@schemeName='Lot']/cac:TenderingProcess/cac:ParticipationRequestReceptionPeriod"", 'test_data_xpaths': [], 'is_covered': False, 'xpath_conditions': [{'xpath_condition': '', 'meets_xpath_condition': True}], 'message': None}"
263,2025-04-24 00:48:48.746065+00:00,"{'sdk_element_id': 'BT-1311(d)-Lot', 'sdk_element_title': 'Deadline Receipt Requests', 'sdk_element_xpath': ""/*/cac:ProcurementProjectLot[cbc:ID/@schemeName='Lot']/cac:TenderingProcess/cac:ParticipationRequestReceptionPeriod/cbc:EndDate"", 'test_data_xpaths': [], 'is_covered': False, 'xpath_conditions': [{'xpath_condition': '', 'meets_xpath_condition': True}], 'message': None}"
264,2025-04-24 00:48:48.746065+00:00,"{'sdk_element_id': 'BT-1311(t)-Lot', 'sdk_element_title': 'Deadline Receipt Requests', 'sdk_element_xpath': ""/*/cac:ProcurementProjectLot[cbc:ID/@schemeName='Lot']/cac:TenderingProcess/cac:ParticipationRequestReceptionPeriod/cbc:EndTime"", 'test_data_xpaths': [], 'is_covered': False, 'xpath_conditions': [{'xpath_condition': '', 'meets_xpath_condition': True}], 'message': None}"
265,2025-04-24 00:48:48.746065+00:00,"{'sdk_element_id': 'ND-LotInfoRequestPeriod', 'sdk_element_title': None, 'sdk_element_xpath': ""/*/cac:ProcurementProjectLot[cbc:ID/@schemeName='Lot']/cac:TenderingProcess/cac:AdditionalInformationRequestPeriod"", 'test_data_xpaths': [], 'is_covered': False, 'xpath_conditions': [{'xpath_condition': '', 'meets_xpath_condition': True}], 'message': None}"
266,2025-04-24 00:48:48.746065+00:00,"{'sdk_element_id': 'BT-13(d)-Lot', 'sdk_element_title': 'Additional Information Deadline', 'sdk_element_xpath': ""/*/cac:ProcurementProjectLot[cbc:ID/@schemeName='Lot']/cac:TenderingProcess/cac:AdditionalInformationRequestPeriod/cbc:EndDate"", 'test_data_xpaths': [], 'is_covered': False, 'xpath_conditions': [{'xpath_condition': '', 'meets_xpath_condition': True}], 'message': None}"
267,2025-04-24 00:48:48.746065+00:00,"{'sdk_element_id': 'BT-13(t)-Lot', 'sdk_element_title': 'Additional Information Deadline', 'sdk_element_xpath': ""/*/cac:ProcurementProjectLot[cbc:ID/@schemeName='Lot']/cac:TenderingProcess/cac:AdditionalInformationRequestPeriod/cbc:EndTime"", 'test_data_xpaths': [], 'is_covered': False, 'xpath_conditions': [{'xpath_condition': '', 'meets_xpath_condition': True}], 'message': None}"
268,2025-04-24 00:48:48.746065+00:00,"{'sdk_element_id': 'BT-98-Lot', 'sdk_element_title': 'Tender Validity Deadline', 'sdk_element_xpath': ""/*/cac:ProcurementProjectLot[cbc:ID/@schemeName='Lot']/cac:TenderingTerms/cac:TenderValidityPeriod/cbc:DurationMeasure"", 'test_data_xpaths': [], 'is_covered': False, 'xpath_conditions': [{'xpath_condition': '', 'meets_xpath_condition': True}, {'xpath_condition': ""cac:TenderValidityPeriod/cbc:DurationMeasure[@unitCode='DAY']"", 'meets_xpath_condition': False}, {'xpath_condition': ""cac:TenderValidityPeriod/cbc:DurationMeasure[@unitCode='WEEK']"", 'meets_xpath_condition': False}, {'xpath_condition': ""cac:TenderValidityPeriod/cbc:DurationMeasure[@unitCode='MONTH']"", 'meets_xpath_condition': False}, {'xpath_condition': ""cac:TenderValidityPeriod/cbc:DurationMeasure[@unitCode='YEAR']"", 'meets_xpath_condition': False}], 'message': None}"
269,2025-04-24 00:48:48.746065+00:00,"{'sdk_element_id': 'ND-InterestExpressionReceptionPeriod', 'sdk_element_title': None, 'sdk_element_xpath': ""/*/cac:ProcurementProjectLot[cbc:ID/@schemeName='Lot']/cac:TenderingProcess/ext:UBLExtensions/ext:UBLExtension/ext:ExtensionContent/efext:EformsExtension/efac:InterestExpressionReceptionPeriod"", 'test_data_xpaths': [{'test_data_suite_oid': '6809839e9090eed3decccd14', 'test_data_suite_id': 'sdk_examples_pin-1.3', 'test_data_oid': '6809839e9090eed3decccd19', 'test_data_id': 'CEI', 'xpaths': [{'xpath': 'PriorInformationNotice/cac:ProcurementProjectLot/cac:TenderingProcess/ext:UBLExtensions/ext:UBLExtension/ext:ExtensionContent/efext:EformsExtension/efac:InterestExpressionReceptionPeriod', 'value': None}]}, {'test_data_suite_oid': '6809839e9090eed3decccd14', 'test_data_suite_id': 'sdk_examples_pin-1.3', 'test_data_oid': '6809839e9090eed3decccd1a', 'test_data_id': 'pin-cfc_25', 'xpaths': [{'xpath': 'PriorInformationNotice/cac:ProcurementProjectLot/cac:TenderingProcess/ext:UBLExtensions/ext:UBLExtension/ext:ExtensionContent/efext:EformsExtension/efac:InterestExpressionReceptionPeriod', 'value': None}, {'xpath': 'PriorInformationNotice/cac:ProcurementProjectLot/cac:TenderingProcess/ext:UBLExtensions/ext:UBLExtension/ext:ExtensionContent/efext:EformsExtension/efac:InterestExpressionReceptionPeriod', 'value': None}]}], 'is_covered': True, 'xpath_conditions': [{'xpath_condition': '', 'meets_xpath_condition': True}], 'message': None}"
270,2025-04-24 00:48:48.746065+00:00,"{'sdk_element_id': 'BT-630(d)-Lot', 'sdk_element_title': 'Deadline Receipt Expressions', 'sdk_element_xpath': ""/*/cac:ProcurementProjectLot[cbc:ID/@schemeName='Lot']/cac:TenderingProcess/ext:UBLExtensions/ext:UBLExtension/ext:ExtensionContent/efext:EformsExtension/efac:InterestExpressionReceptionPeriod/cbc:EndDate"", 'test_data_xpaths': [{'test_data_suite_oid': '6809839e9090eed3decccd14', 'test_data_suite_id': 'sdk_examples_pin-1.3', 'test_data_oid': '6809839e9090eed3decccd19', 'test_data_id': 'CEI', 'xpaths': [{'xpath': 'PriorInformationNotice/cac:ProcurementProjectLot/cac:TenderingProcess/ext:UBLExtensions/ext:UBLExtension/ext:ExtensionContent/efext:EformsExtension/efac:InterestExpressionReceptionPeriod/cbc:EndDate', 'value': '2024-06-09+02:00'}]}, {'test_data_suite_oid': '6809839e9090eed3decccd14', 'test_data_suite_id': 'sdk_examples_pin-1.3', 'test_data_oid': '6809839e9090eed3decccd1a', 'test_data_id': 'pin-cfc_25', 'xpaths': [{'xpath': 'PriorInformationNotice/cac:ProcurementProjectLot/cac:TenderingProcess/ext:UBLExtensions/ext:UBLExtension/ext:ExtensionContent/efext:EformsExtension/efac:InterestExpressionReceptionPeriod/cbc:EndDate', 'value': '2020-05-18+01:00'}, {'xpath': 'PriorInformationNotice/cac:ProcurementProjectLot/cac:TenderingProcess/ext:UBLExtensions/ext:UBLExtension/ext:ExtensionContent/efext:EformsExtension/efac:InterestExpressionReceptionPeriod/cbc:EndDate', 'value': '2020-05-18+01:00'}]}], 'is_covered': True, 'xpath_conditions': [{'xpath_condition': '', 'meets_xpath_condition': True}], 'message': None}"
271,2025-04-24 00:48:48.746065+00:00,"{'sdk_element_id': 'BT-630(t)-Lot', 'sdk_element_title': 'Deadline Receipt Expressions', 'sdk_element_xpath': ""/*/cac:ProcurementProjectLot[cbc:ID/@schemeName='Lot']/cac:TenderingProcess/ext:UBLExtensions/ext:UBLExtension/ext:ExtensionContent/efext:EformsExtension/efac:InterestExpressionReceptionPeriod/cbc:EndTime"", 'test_data_xpaths': [{'test_data_suite_oid': '6809839e9090eed3decccd14', 'test_data_suite_id': 'sdk_examples_pin-1.3', 'test_data_oid': '6809839e9090eed3decccd19', 'test_data_id': 'CEI', 'xpaths': [{'xpath': 'PriorInformationNotice/cac:ProcurementProjectLot/cac:TenderingProcess/ext:UBLExtensions/ext:UBLExtension/ext:ExtensionContent/efext:EformsExtension/efac:InterestExpressionReceptionPeriod/cbc:EndTime', 'value': '23:59:59+02:00'}]}, {'test_data_suite_oid': '6809839e9090eed3decccd14', 'test_data_suite_id': 'sdk_examples_pin-1.3', 'test_data_oid': '6809839e9090eed3decccd1a', 'test_data_id': 'pin-cfc_25', 'xpaths': [{'xpath': 'PriorInformationNotice/cac:ProcurementProjectLot/cac:TenderingProcess/ext:UBLExtensions/ext:UBLExtension/ext:ExtensionContent/efext:EformsExtension/efac:InterestExpressionReceptionPeriod/cbc:EndTime', 'value': '23:59:59+01:00'}, {'xpath': 'PriorInformationNotice/cac:ProcurementProjectLot/cac:TenderingProcess/ext:UBLExtensions/ext:UBLExtension/ext:ExtensionContent/efext:EformsExtension/efac:InterestExpressionReceptionPeriod/cbc:EndTime', 'value': '23:59:59+01:00'}]}], 'is_covered': True, 'xpath_conditions': [{'xpath_condition': '', 'meets_xpath_condition': True}], 'message': None}"
272,2025-04-24 00:48:48.746065+00:00,"{'sdk_element_id': 'BT-97-Lot', 'sdk_element_title': 'Submission Language', 'sdk_element_xpath': ""/*/cac:ProcurementProjectLot[cbc:ID/@schemeName='Lot']/cac:TenderingTerms/cac:Language/cbc:ID"", 'test_data_xpaths': [{'test_data_suite_oid': '6809839e9090eed3decccd14', 'test_data_suite_id': 'sdk_examples_pin-1.3', 'test_data_oid': '6809839e9090eed3decccd18', 'test_data_id': 'qu-sy_25', 'xpaths': [{'xpath': 'PriorInformationNotice/cac:ProcurementProjectLot/cac:TenderingTerms/cac:Language/cbc:ID', 'value': 'ITA'}]}, {'test_data_suite_oid': '6809839e9090eed3decccd14', 'test_data_suite_id': 'sdk_examples_pin-1.3', 'test_data_oid': '6809839e9090eed3decccd19', 'test_data_id': 'CEI', 'xpaths': [{'xpath': 'PriorInformationNotice/cac:ProcurementProjectLot/cac:TenderingTerms/cac:Language/cbc:ID', 'value': 'ENG'}]}, {'test_data_suite_oid': '6809839e9090eed3decccd14', 'test_data_suite_id': 'sdk_examples_pin-1.3', 'test_data_oid': '6809839e9090eed3decccd1a', 'test_data_id': 'pin-cfc_25', 'xpaths': [{'xpath': 'PriorInformationNotice/cac:ProcurementProjectLot/cac:TenderingTerms/cac:Language/cbc:ID', 'value': 'DEU'}, {'xpath': 'PriorInformationNotice/cac:ProcurementProjectLot/cac:TenderingTerms/cac:Language/cbc:ID', 'value': 'DEU'}]}], 'is_covered': True, 'xpath_conditions': [{'xpath_condition': '', 'meets_xpath_condition': True}], 'message': None}"
273,2025-04-24 00:48:48.746065+00:00,"{'sdk_element_id': 'ND-PublicOpening', 'sdk_element_title': None, 'sdk_element_xpath': ""/*/cac:ProcurementProjectLot[cbc:ID/@schemeName='Lot']/cac:TenderingProcess/cac:OpenTenderEvent"", 'test_data_xpaths': [], 'is_covered': False, 'xpath_conditions': [{'xpath_condition': '', 'meets_xpath_condition': True}], 'message': None}"
274,2025-04-24 00:48:48.746065+00:00,"{'sdk_element_id': 'BT-132(d)-Lot', 'sdk_element_title': 'Public Opening Date', 'sdk_element_xpath': ""/*/cac:ProcurementProjectLot[cbc:ID/@schemeName='Lot']/cac:TenderingProcess/cac:OpenTenderEvent/cbc:OccurrenceDate"", 'test_data_xpaths': [], 'is_covered': False, 'xpath_conditions': [{'xpath_condition': '', 'meets_xpath_condition': True}], 'message': None}"
275,2025-04-24 00:48:48.746065+00:00,"{'sdk_element_id': 'BT-132(t)-Lot', 'sdk_element_title': 'Public Opening Date', 'sdk_element_xpath': ""/*/cac:ProcurementProjectLot[cbc:ID/@schemeName='Lot']/cac:TenderingProcess/cac:OpenTenderEvent/cbc:OccurrenceTime"", 'test_data_xpaths': [], 'is_covered': False, 'xpath_conditions': [{'xpath_condition': '', 'meets_xpath_condition': True}], 'message': None}"
276,2025-04-24 00:48:48.746065+00:00,"{'sdk_element_id': 'BT-134-Lot', 'sdk_element_title': 'Public Opening Description', 'sdk_element_xpath': ""/*/cac:ProcurementProjectLot[cbc:ID/@schemeName='Lot']/cac:TenderingProcess/cac:OpenTenderEvent/cbc:Description"", 'test_data_xpaths': [], 'is_covered': False, 'xpath_conditions': [{'xpath_condition': '', 'meets_xpath_condition': True}], 'message': None}"
277,2025-04-24 00:48:48.746065+00:00,"{'sdk_element_id': 'BT-133-Lot', 'sdk_element_title': 'Public Opening Place', 'sdk_element_xpath': ""/*/cac:ProcurementProjectLot[cbc:ID/@schemeName='Lot']/cac:TenderingProcess/cac:OpenTenderEvent/cac:OccurenceLocation/cbc:Description"", 'test_data_xpaths': [], 'is_covered': False, 'xpath_conditions': [{'xpath_condition': '', 'meets_xpath_condition': True}], 'message': None}"
278,2025-04-24 00:48:48.746065+00:00,"{'sdk_element_id': 'ND-FinancialGuarantee', 'sdk_element_title': None, 'sdk_element_xpath': ""/*/cac:ProcurementProjectLot[cbc:ID/@schemeName='Lot']/cac:TenderingTerms/cac:RequiredFinancialGuarantee"", 'test_data_xpaths': [], 'is_covered': False, 'xpath_conditions': [{'xpath_condition': '', 'meets_xpath_condition': True}], 'message': None}"
279,2025-04-24 00:48:48.746065+00:00,"{'sdk_element_id': 'BT-751-Lot', 'sdk_element_title': 'Guarantee Required', 'sdk_element_xpath': ""/*/cac:ProcurementProjectLot[cbc:ID/@schemeName='Lot']/cac:TenderingTerms/cac:RequiredFinancialGuarantee/cbc:GuaranteeTypeCode[@listName='tender-guarantee-required']"", 'test_data_xpaths': [], 'is_covered': False, 'xpath_conditions': [{'xpath_condition': '', 'meets_xpath_condition': True}], 'message': None}"
280,2025-04-24 00:48:48.746065+00:00,"{'sdk_element_id': 'BT-75-Lot', 'sdk_element_title': 'Guarantee Required Description', 'sdk_element_xpath': ""/*/cac:ProcurementProjectLot[cbc:ID/@schemeName='Lot']/cac:TenderingTerms/cac:RequiredFinancialGuarantee[cbc:GuaranteeTypeCode/text()='true']/cbc:Description"", 'test_data_xpaths': [], 'is_covered': False, 'xpath_conditions': [{'xpath_condition': '', 'meets_xpath_condition': True}], 'message': None}"
281,2025-04-24 00:48:48.746065+00:00,"{'sdk_element_id': 'BT-17-Lot', 'sdk_element_title': 'SubmissionElectronic', 'sdk_element_xpath': ""/*/cac:ProcurementProjectLot[cbc:ID/@schemeName='Lot']/cac:TenderingProcess/cbc:SubmissionMethodCode[@listName='esubmission']"", 'test_data_xpaths': [{'test_data_suite_oid': '6809839e9090eed3decccd14', 'test_data_suite_id': 'sdk_examples_pin-1.3', 'test_data_oid': '6809839e9090eed3decccd18', 'test_data_id': 'qu-sy_25', 'xpaths': [{'xpath': 'PriorInformationNotice/cac:ProcurementProjectLot/cac:TenderingProcess/cbc:SubmissionMethodCode', 'value': 'allowed'}]}, {'test_data_suite_oid': '6809839e9090eed3decccd14', 'test_data_suite_id': 'sdk_examples_pin-1.3', 'test_data_oid': '6809839e9090eed3decccd19', 'test_data_id': 'CEI', 'xpaths': [{'xpath': 'PriorInformationNotice/cac:ProcurementProjectLot/cac:TenderingProcess/cbc:SubmissionMethodCode', 'value': 'required'}]}, {'test_data_suite_oid': '6809839e9090eed3decccd14', 'test_data_suite_id': 'sdk_examples_pin-1.3', 'test_data_oid': '6809839e9090eed3decccd1a', 'test_data_id': 'pin-cfc_25', 'xpaths': [{'xpath': 'PriorInformationNotice/cac:ProcurementProjectLot/cac:TenderingProcess/cbc:SubmissionMethodCode', 'value': 'required'}, {'xpath': 'PriorInformationNotice/cac:ProcurementProjectLot/cac:TenderingProcess/cbc:SubmissionMethodCode', 'value': 'required'}]}], 'is_covered': True, 'xpath_conditions': [{'xpath_condition': '', 'meets_xpath_condition': True}], 'message': None}"
282,2025-04-24 00:48:48.746065+00:00,"{'sdk_element_id': 'BT-18-Lot', 'sdk_element_title': 'Submission URL', 'sdk_element_xpath': ""/*/cac:ProcurementProjectLot[cbc:ID/@schemeName='Lot']/cac:TenderingTerms/cac:TenderRecipientParty/cbc:EndpointID"", 'test_data_xpaths': [{'test_data_suite_oid': '6809839e9090eed3decccd14', 'test_data_suite_id': 'sdk_examples_pin-1.3', 'test_data_oid': '6809839e9090eed3decccd19', 'test_data_id': 'CEI', 'xpaths': [{'xpath': 'PriorInformationNotice/cac:ProcurementProjectLot/cac:TenderingTerms/cac:TenderRecipientParty/cbc:EndpointID', 'value': 'https://www.europarl.europa.eu/tenders/esubmission'}]}, {'test_data_suite_oid': '6809839e9090eed3decccd14', 'test_data_suite_id': 'sdk_examples_pin-1.3', 'test_data_oid': '6809839e9090eed3decccd1a', 'test_data_id': 'pin-cfc_25', 'xpaths': [{'xpath': 'PriorInformationNotice/cac:ProcurementProjectLot/cac:TenderingTerms/cac:TenderRecipientParty/cbc:EndpointID', 'value': 'http://www.subreport.de/E49898235'}, {'xpath': 'PriorInformationNotice/cac:ProcurementProjectLot/cac:TenderingTerms/cac:TenderRecipientParty/cbc:EndpointID', 'value': 'http://www.subreport.de/E49898235'}]}], 'is_covered': True, 'xpath_conditions': [{'xpath_condition': '', 'meets_xpath_condition': True}], 'message': None}"
283,2025-04-24 00:48:48.746065+00:00,"{'sdk_element_id': 'ND-NonEsubmission', 'sdk_element_title': None, 'sdk_element_xpath': ""/*/cac:ProcurementProjectLot[cbc:ID/@schemeName='Lot']/cac:TenderingProcess/cac:ProcessJustification"", 'test_data_xpaths': [], 'is_covered': False, 'xpath_conditions': [{'xpath_condition': ""cbc:ProcessReasonCode/@listName='no-esubmission-justification'"", 'meets_xpath_condition': False}], 'message': None}"
284,2025-04-24 00:48:48.746065+00:00,"{'sdk_element_id': 'ND-NoESubmission', 'sdk_element_title': None, 'sdk_element_xpath': ""/*/cac:ProcurementProjectLot[cbc:ID/@schemeName='Lot']/cac:TenderingProcess/cac:ProcessJustification[cbc:ProcessReasonCode/@listName='no-esubmission-justification']"", 'test_data_xpaths': [], 'is_covered': False, 'xpath_conditions': [{'xpath_condition': '', 'meets_xpath_condition': True}], 'message': None}"
285,2025-04-24 00:48:48.746065+00:00,"{'sdk_element_id': 'BT-19-Lot', 'sdk_element_title': 'Submission Nonelectronic Justification', 'sdk_element_xpath': ""/*/cac:ProcurementProjectLot[cbc:ID/@schemeName='Lot']/cac:TenderingProcess/cac:ProcessJustification/cbc:ProcessReasonCode[@listName='no-esubmission-justification']"", 'test_data_xpaths': [], 'is_covered': False, 'xpath_conditions': [{'xpath_condition': '', 'meets_xpath_condition': True}], 'message': None}"
286,2025-04-24 00:48:48.746065+00:00,"{'sdk_element_id': 'BT-745-Lot', 'sdk_element_title': 'Submission Nonelectronic Description', 'sdk_element_xpath': ""/*/cac:ProcurementProjectLot[cbc:ID/@schemeName='Lot']/cac:TenderingProcess/cac:ProcessJustification[cbc:ProcessReasonCode/@listName='no-esubmission-justification']/cbc:Description"", 'test_data_xpaths': [], 'is_covered': False, 'xpath_conditions': [{'xpath_condition': '', 'meets_xpath_condition': True}], 'message': None}"
287,2025-04-24 00:48:48.746065+00:00,"{'sdk_element_id': 'ND-LotProcurementDocument', 'sdk_element_title': None, 'sdk_element_xpath': ""/*/cac:ProcurementProjectLot[cbc:ID/@schemeName='Lot']/cac:TenderingTerms/cac:CallForTendersDocumentReference"", 'test_data_xpaths': [{'test_data_suite_oid': '6809839e9090eed3decccd14', 'test_data_suite_id': 'sdk_examples_pin-1.3', 'test_data_oid': '6809839e9090eed3decccd19', 'test_data_id': 'CEI', 'xpaths': [{'xpath': 'PriorInformationNotice/cac:ProcurementProjectLot/cac:TenderingTerms/cac:CallForTendersDocumentReference', 'value': None}]}], 'is_covered': True, 'xpath_conditions': [{'xpath_condition': '', 'meets_xpath_condition': True}], 'message': None}"
288,2025-04-24 00:48:48.746065+00:00,"{'sdk_element_id': 'BT-14-Lot', 'sdk_element_title': 'Documents Restricted', 'sdk_element_xpath': ""/*/cac:ProcurementProjectLot[cbc:ID/@schemeName='Lot']/cac:TenderingTerms/cac:CallForTendersDocumentReference/cbc:DocumentType"", 'test_data_xpaths': [{'test_data_suite_oid': '6809839e9090eed3decccd14', 'test_data_suite_id': 'sdk_examples_pin-1.3', 'test_data_oid': '6809839e9090eed3decccd19', 'test_data_id': 'CEI', 'xpaths': [{'xpath': 'PriorInformationNotice/cac:ProcurementProjectLot/cac:TenderingTerms/cac:CallForTendersDocumentReference/cbc:DocumentType', 'value': 'non-restricted-document'}]}], 'is_covered': True, 'xpath_conditions': [{'xpath_condition': ""cbc:DocumentType/text()='restricted-document'"", 'meets_xpath_condition': True}], 'message': None}"
289,2025-04-24 00:48:48.746065+00:00,"{'sdk_element_id': 'OPT-050-Lot', 'sdk_element_title': 'Document Status', 'sdk_element_xpath': ""/*/cac:ProcurementProjectLot[cbc:ID/@schemeName='Lot']/cac:TenderingTerms/cac:CallForTendersDocumentReference/cbc:DocumentStatusCode"", 'test_data_xpaths': [], 'is_covered': False, 'xpath_conditions': [{'xpath_condition': '', 'meets_xpath_condition': True}], 'message': None}"
290,2025-04-24 00:48:48.746065+00:00,"{'sdk_element_id': 'ND-LotRestrictedDocuments', 'sdk_element_title': None, 'sdk_element_xpath': ""/*/cac:ProcurementProjectLot[cbc:ID/@schemeName='Lot']/cac:TenderingTerms/cac:CallForTendersDocumentReference[cbc:DocumentType/text()='restricted-document']"", 'test_data_xpaths': [], 'is_covered': False, 'xpath_conditions': [{'xpath_condition': '', 'meets_xpath_condition': True}], 'message': None}"
291,2025-04-24 00:48:48.746065+00:00,"{'sdk_element_id': 'BT-707-Lot', 'sdk_element_title': 'Documents Restricted Justification', 'sdk_element_xpath': ""/*/cac:ProcurementProjectLot[cbc:ID/@schemeName='Lot']/cac:TenderingTerms/cac:CallForTendersDocumentReference[cbc:DocumentType/text()='restricted-document']/cbc:DocumentTypeCode"", 'test_data_xpaths': [], 'is_covered': False, 'xpath_conditions': [{'xpath_condition': '', 'meets_xpath_condition': True}], 'message': None}"
292,2025-04-24 00:48:48.746065+00:00,"{'sdk_element_id': 'BT-708-Lot', 'sdk_element_title': 'Documents Official Language', 'sdk_element_xpath': ""/*/cac:ProcurementProjectLot[cbc:ID/@schemeName='Lot']/cac:TenderingTerms/cac:CallForTendersDocumentReference/cbc:LanguageID[not(../cbc:DocumentStatusCode/text()='non-official')]"", 'test_data_xpaths': [], 'is_covered': False, 'xpath_conditions': [{'xpath_condition': '', 'meets_xpath_condition': True}], 'message': None}"
293,2025-04-24 00:48:48.746065+00:00,"{'sdk_element_id': 'BT-737-Lot', 'sdk_element_title': 'Documents Unofficial Language', 'sdk_element_xpath': ""/*/cac:ProcurementProjectLot[cbc:ID/@schemeName='Lot']/cac:TenderingTerms/cac:CallForTendersDocumentReference/cbc:LanguageID[../cbc:DocumentStatusCode/text()='non-official']"", 'test_data_xpaths': [], 'is_covered': False, 'xpath_conditions': [{'xpath_condition': '', 'meets_xpath_condition': True}], 'message': None}"
294,2025-04-24 00:48:48.746065+00:00,"{'sdk_element_id': 'ND-LotDocumentsReference', 'sdk_element_title': None, 'sdk_element_xpath': ""/*/cac:ProcurementProjectLot[cbc:ID/@schemeName='Lot']/cac:TenderingTerms/cac:CallForTendersDocumentReference[not(cbc:DocumentType/text()='restricted-document')]"", 'test_data_xpaths': [{'test_data_suite_oid': '6809839e9090eed3decccd14', 'test_data_suite_id': 'sdk_examples_pin-1.3', 'test_data_oid': '6809839e9090eed3decccd19', 'test_data_id': 'CEI', 'xpaths': [{'xpath': 'PriorInformationNotice/cac:ProcurementProjectLot/cac:TenderingTerms/cac:CallForTendersDocumentReference', 'value': None}]}], 'is_covered': True, 'xpath_conditions': [{'xpath_condition': '', 'meets_xpath_condition': True}], 'message': None}"
295,2025-04-24 00:48:48.746065+00:00,"{'sdk_element_id': 'BT-15-Lot', 'sdk_element_title': 'Documents URL', 'sdk_element_xpath': ""/*/cac:ProcurementProjectLot[cbc:ID/@schemeName='Lot']/cac:TenderingTerms/cac:CallForTendersDocumentReference[not(cbc:DocumentType/text()='restricted-document')]/cac:Attachment/cac:ExternalReference/cbc:URI"", 'test_data_xpaths': [{'test_data_suite_oid': '6809839e9090eed3decccd14', 'test_data_suite_id': 'sdk_examples_pin-1.3', 'test_data_oid': '6809839e9090eed3decccd19', 'test_data_id': 'CEI', 'xpaths': [{'xpath': 'PriorInformationNotice/cac:ProcurementProjectLot/cac:TenderingTerms/cac:CallForTendersDocumentReference/cac:Attachment/cac:ExternalReference/cbc:URI', 'value': 'https://www.europarl.europa.eu/contracts-and-grants/en/list-of-notices/multiannual-calls/'}]}], 'is_covered': True, 'xpath_conditions': [{'xpath_condition': '', 'meets_xpath_condition': True}], 'message': None}"
296,2025-04-24 00:48:48.746065+00:00,"{'sdk_element_id': 'BT-615-Lot', 'sdk_element_title': 'Documents Restricted URL', 'sdk_element_xpath': ""/*/cac:ProcurementProjectLot[cbc:ID/@schemeName='Lot']/cac:TenderingTerms/cac:CallForTendersDocumentReference[cbc:DocumentType/text()='restricted-document']/cac:Attachment/cac:ExternalReference/cbc:URI"", 'test_data_xpaths': [], 'is_covered': False, 'xpath_conditions': [{'xpath_condition': '', 'meets_xpath_condition': True}], 'message': None}"
297,2025-04-24 00:48:48.746065+00:00,"{'sdk_element_id': 'OPT-140-Lot', 'sdk_element_title': 'Procurement Documents ID', 'sdk_element_xpath': ""/*/cac:ProcurementProjectLot[cbc:ID/@schemeName='Lot']/cac:TenderingTerms/cac:CallForTendersDocumentReference/cbc:ID"", 'test_data_xpaths': [{'test_data_suite_oid': '6809839e9090eed3decccd14', 'test_data_suite_id': 'sdk_examples_pin-1.3', 'test_data_oid': '6809839e9090eed3decccd19', 'test_data_id': 'CEI', 'xpaths': [{'xpath': 'PriorInformationNotice/cac:ProcurementProjectLot/cac:TenderingTerms/cac:CallForTendersDocumentReference/cbc:ID', 'value': 'Dummy ID'}]}], 'is_covered': True, 'xpath_conditions': [{'xpath_condition': '', 'meets_xpath_condition': True}], 'message': None}"
298,2025-04-24 00:48:48.746065+00:00,"{'sdk_element_id': 'BT-632-Lot', 'sdk_element_title': 'Tool Name', 'sdk_element_xpath': ""/*/cac:ProcurementProjectLot[cbc:ID/@schemeName='Lot']/cac:TenderingProcess/ext:UBLExtensions/ext:UBLExtension/ext:ExtensionContent/efext:EformsExtension/efbc:AccessToolName"", 'test_data_xpaths': [], 'is_covered': False, 'xpath_conditions': [{'xpath_condition': '', 'meets_xpath_condition': True}], 'message': None}"
299,2025-04-24 00:48:48.746065+00:00,"{'sdk_element_id': 'BT-124-Lot', 'sdk_element_title': 'Tool Atypical URL', 'sdk_element_xpath': ""/*/cac:ProcurementProjectLot[cbc:ID/@schemeName='Lot']/cac:TenderingProcess/cbc:AccessToolsURI"", 'test_data_xpaths': [{'test_data_suite_oid': '6809839e9090eed3decccd14', 'test_data_suite_id': 'sdk_examples_pin-1.3', 'test_data_oid': '6809839e9090eed3decccd19', 'test_data_id': 'CEI', 'xpaths': [{'xpath': 'PriorInformationNotice/cac:ProcurementProjectLot/cac:TenderingProcess/cbc:AccessToolsURI', 'value': 'https://my-atypical-tool.com/'}]}], 'is_covered': True, 'xpath_conditions': [{'xpath_condition': '', 'meets_xpath_condition': True}], 'message': None}"
300,2025-04-24 00:48:48.746065+00:00,"{'sdk_element_id': 'OPT-301-Lot-AddInfo', 'sdk_element_title': 'Additional Info Provider Technical Identifier Reference', 'sdk_element_xpath': ""/*/cac:ProcurementProjectLot[cbc:ID/@schemeName='Lot']/cac:TenderingTerms/cac:AdditionalInformationParty/cac:PartyIdentification/cbc:ID"", 'test_data_xpaths': [{'test_data_suite_oid': '6809839e9090eed3decccd14', 'test_data_suite_id': 'sdk_examples_pin-1.3', 'test_data_oid': '6809839e9090eed3decccd15', 'test_data_id': 't01_PRT', 'xpaths': [{'xpath': 'PriorInformationNotice/cac:ProcurementProjectLot/cac:TenderingTerms/cac:AdditionalInformationParty/cac:PartyIdentification/cbc:ID', 'value': 'ORG-0001'}]}, {'test_data_suite_oid': '6809839e9090eed3decccd14', 'test_data_suite_id': 'sdk_examples_pin-1.3', 'test_data_oid': '6809839e9090eed3decccd18', 'test_data_id': 'qu-sy_25', 'xpaths': [{'xpath': 'PriorInformationNotice/cac:ProcurementProjectLot/cac:TenderingTerms/cac:AdditionalInformationParty/cac:PartyIdentification/cbc:ID', 'value': 'ORG-0001'}]}, {'test_data_suite_oid': '6809839e9090eed3decccd14', 'test_data_suite_id': 'sdk_examples_pin-1.3', 'test_data_oid': '6809839e9090eed3decccd19', 'test_data_id': 'CEI', 'xpaths': [{'xpath': 'PriorInformationNotice/cac:ProcurementProjectLot/cac:TenderingTerms/cac:AdditionalInformationParty/cac:PartyIdentification/cbc:ID', 'value': 'ORG-0001'}]}, {'test_data_suite_oid': '6809839e9090eed3decccd14', 'test_data_suite_id': 'sdk_examples_pin-1.3', 'test_data_oid': '6809839e9090eed3decccd1a', 'test_data_id': 'pin-cfc_25', 'xpaths': [{'xpath': 'PriorInformationNotice/cac:ProcurementProjectLot/cac:TenderingTerms/cac:AdditionalInformationParty/cac:PartyIdentification/cbc:ID', 'value': 'ORG-0001'}, {'xpath': 'PriorInformationNotice/cac:ProcurementProjectLot/cac:TenderingTerms/cac:AdditionalInformationParty/cac:PartyIdentification/cbc:ID', 'value': 'ORG-0001'}]}], 'is_covered': True, 'xpath_conditions': [{'xpath_condition': ""/*/cbc:NoticeTypeCode/@listName='planning' or /*/cbc:NoticeTypeCode/@listName='competition' or /*/cbc:NoticeTypeCode/@listName='dir-awa-pre' or (/*/cbc:NoticeTypeCode/@listName='change' and exists(/*/ext:UBLExtensions/ext:UBLExtension/ext:ExtensionContent/efext:EformsExtension/efac:NoticeSubType/cbc:SubTypeCode[contains('1 2 3 4 5 6 7 8 9 T01   10 11 12 13 14 15 16 17 18 19 20 21 22 23 24 CEI   25 26 27 28', text())]))"", 'meets_xpath_condition': True}, {'xpath_condition': ""/*/cbc:NoticeTypeCode/@listName='result' or /*/cbc:NoticeTypeCode/@listName='cont-modif' or /*/cbc:NoticeTypeCode/@listName='consultation' or /*/cbc:NoticeTypeCode/@listName='completion' or (/*/cbc:NoticeTypeCode/@listName='change' and exists(/*/ext:UBLExtensions/ext:UBLExtension/ext:ExtensionContent/efext:EformsExtension/efac:NoticeSubType/cbc:SubTypeCode[contains('29 30 31 32 33 34 35 36 37 T02   38 39 40', text())]))"", 'meets_xpath_condition': True}, {'xpath_condition': '', 'meets_xpath_condition': True}, {'xpath_condition': ""cac:AdditionalInformationParty/cac:PartyIdentification/cbc:ID/@schemeName='touchpoint' or exists(cac:AdditionalInformationParty/cac:PartyIdentification/cbc:ID[starts-with(text(), 'TPO-')])"", 'meets_xpath_condition': True}], 'message': None}"
301,2025-04-24 00:48:48.746065+00:00,"{'sdk_element_id': 'OPT-301-Lot-DocProvider', 'sdk_element_title': 'Document Provider Technical Identifier Reference', 'sdk_element_xpath': ""/*/cac:ProcurementProjectLot[cbc:ID/@schemeName='Lot']/cac:TenderingTerms/cac:DocumentProviderParty/cac:PartyIdentification/cbc:ID"", 'test_data_xpaths': [{'test_data_suite_oid': '6809839e9090eed3decccd14', 'test_data_suite_id': 'sdk_examples_pin-1.3', 'test_data_oid': '6809839e9090eed3decccd19', 'test_data_id': 'CEI', 'xpaths': [{'xpath': 'PriorInformationNotice/cac:ProcurementProjectLot/cac:TenderingTerms/cac:DocumentProviderParty/cac:PartyIdentification/cbc:ID', 'value': 'ORG-0001'}]}], 'is_covered': True, 'xpath_conditions': [{'xpath_condition': ""/*/cbc:NoticeTypeCode/@listName='planning' or /*/cbc:NoticeTypeCode/@listName='competition' or /*/cbc:NoticeTypeCode/@listName='dir-awa-pre' or (/*/cbc:NoticeTypeCode/@listName='change' and exists(/*/ext:UBLExtensions/ext:UBLExtension/ext:ExtensionContent/efext:EformsExtension/efac:NoticeSubType/cbc:SubTypeCode[contains('1 2 3 4 5 6 7 8 9 T01   10 11 12 13 14 15 16 17 18 19 20 21 22 23 24 CEI   25 26 27 28', text())]))"", 'meets_xpath_condition': True}, {'xpath_condition': ""/*/cbc:NoticeTypeCode/@listName='result' or /*/cbc:NoticeTypeCode/@listName='cont-modif' or /*/cbc:NoticeTypeCode/@listName='consultation' or /*/cbc:NoticeTypeCode/@listName='completion' or (/*/cbc:NoticeTypeCode/@listName='change' and exists(/*/ext:UBLExtensions/ext:UBLExtension/ext:ExtensionContent/efext:EformsExtension/efac:NoticeSubType/cbc:SubTypeCode[contains('29 30 31 32 33 34 35 36 37 T02   38 39 40', text())]))"", 'meets_xpath_condition': True}, {'xpath_condition': '', 'meets_xpath_condition': True}, {'xpath_condition': ""cac:DocumentProviderParty/cac:PartyIdentification/cbc:ID/@schemeName='touchpoint' or exists(cac:DocumentProviderParty/cac:PartyIdentification/cbc:ID[starts-with(text(), 'TPO-')])"", 'meets_xpath_condition': True}], 'message': None}"
302,2025-04-24 00:48:48.746065+00:00,"{'sdk_element_id': 'ND-LotReviewTerms', 'sdk_element_title': None, 'sdk_element_xpath': ""/*/cac:ProcurementProjectLot[cbc:ID/@schemeName='Lot']/cac:TenderingTerms/cac:AppealTerms"", 'test_data_xpaths': [{'test_data_suite_oid': '6809839e9090eed3decccd14', 'test_data_suite_id': 'sdk_examples_pin-1.3', 'test_data_oid': '6809839e9090eed3decccd18', 'test_data_id': 'qu-sy_25', 'xpaths': [{'xpath': 'PriorInformationNotice/cac:ProcurementProjectLot/cac:TenderingTerms/cac:AppealTerms', 'value': None}]}, {'test_data_suite_oid': '6809839e9090eed3decccd14', 'test_data_suite_id': 'sdk_examples_pin-1.3', 'test_data_oid': '6809839e9090eed3decccd19', 'test_data_id': 'CEI', 'xpaths': [{'xpath': 'PriorInformationNotice/cac:ProcurementProjectLot/cac:TenderingTerms/cac:AppealTerms', 'value': None}]}, {'test_data_suite_oid': '6809839e9090eed3decccd14', 'test_data_suite_id': 'sdk_examples_pin-1.3', 'test_data_oid': '6809839e9090eed3decccd1a', 'test_data_id': 'pin-cfc_25', 'xpaths': [{'xpath': 'PriorInformationNotice/cac:ProcurementProjectLot/cac:TenderingTerms/cac:AppealTerms', 'value': None}, {'xpath': 'PriorInformationNotice/cac:ProcurementProjectLot/cac:TenderingTerms/cac:AppealTerms', 'value': None}]}], 'is_covered': True, 'xpath_conditions': [{'xpath_condition': '', 'meets_xpath_condition': True}], 'message': None}"
303,2025-04-24 00:48:48.746065+00:00,"{'sdk_element_id': 'BT-99-Lot', 'sdk_element_title': 'Review Deadline Description', 'sdk_element_xpath': ""/*/cac:ProcurementProjectLot[cbc:ID/@schemeName='Lot']/cac:TenderingTerms/cac:AppealTerms/cac:PresentationPeriod/cbc:Description"", 'test_data_xpaths': [{'test_data_suite_oid': '6809839e9090eed3decccd14', 'test_data_suite_id': 'sdk_examples_pin-1.3', 'test_data_oid': '6809839e9090eed3decccd19', 'test_data_id': 'CEI', 'xpaths': [{'xpath': 'PriorInformationNotice/cac:ProcurementProjectLot/cac:TenderingTerms/cac:AppealTerms/cac:PresentationPeriod/cbc:Description', 'value': 'some text about period for review request ...'}]}, {'test_data_suite_oid': '6809839e9090eed3decccd14', 'test_data_suite_id': 'sdk_examples_pin-1.3', 'test_data_oid': '6809839e9090eed3decccd1a', 'test_data_id': 'pin-cfc_25', 'xpaths': [{'xpath': 'PriorInformationNotice/cac:ProcurementProjectLot/cac:TenderingTerms/cac:AppealTerms/cac:PresentationPeriod/cbc:Description', 'value': 'Auf die Rügeobliegenheiten nach § 160 Abs. 3 GWB wird verwiesen. Ein Nachprüfungsantrag ist nach § 160 Abs. 3 S.1 Nr. 4 GWB insbesondere unzulässig, soweit mehr als 15 Kalendertage nach Eingang der Mitteilung des Auftraggebers, der Rüge nicht abhelfen zu wollen, vergangen sind.'}, {'xpath': 'PriorInformationNotice/cac:ProcurementProjectLot/cac:TenderingTerms/cac:AppealTerms/cac:PresentationPeriod/cbc:Description', 'value': 'Auf die Rügeobliegenheiten nach § 160 Abs. 3 GWB wird verwiesen. Ein Nachprüfungsantrag ist nach § 160 Abs. 3 S.1 Nr. 4 GWB insbesondere unzulässig, soweit mehr als 15 Kalendertage nach Eingang der Mitteilung des Auftraggebers, der Rüge nicht abhelfen zu wollen, vergangen sind.'}]}], 'is_covered': True, 'xpath_conditions': [{'xpath_condition': '', 'meets_xpath_condition': True}], 'message': None}"
304,2025-04-24 00:48:48.746065+00:00,"{'sdk_element_id': 'OPT-301-Lot-ReviewOrg', 'sdk_element_title': 'Review Organization Technical Identifier Reference', 'sdk_element_xpath': ""/*/cac:ProcurementProjectLot[cbc:ID/@schemeName='Lot']/cac:TenderingTerms/cac:AppealTerms/cac:AppealReceiverParty/cac:PartyIdentification/cbc:ID"", 'test_data_xpaths': [{'test_data_suite_oid': '6809839e9090eed3decccd14', 'test_data_suite_id': 'sdk_examples_pin-1.3', 'test_data_oid': '6809839e9090eed3decccd18', 'test_data_id': 'qu-sy_25', 'xpaths': [{'xpath': 'PriorInformationNotice/cac:ProcurementProjectLot/cac:TenderingTerms/cac:AppealTerms/cac:AppealReceiverParty/cac:PartyIdentification/cbc:ID', 'value': 'ORG-0002'}]}, {'test_data_suite_oid': '6809839e9090eed3decccd14', 'test_data_suite_id': 'sdk_examples_pin-1.3', 'test_data_oid': '6809839e9090eed3decccd19', 'test_data_id': 'CEI', 'xpaths': [{'xpath': 'PriorInformationNotice/cac:ProcurementProjectLot/cac:TenderingTerms/cac:AppealTerms/cac:AppealReceiverParty/cac:PartyIdentification/cbc:ID', 'value': 'ORG-0003'}]}, {'test_data_suite_oid': '6809839e9090eed3decccd14', 'test_data_suite_id': 'sdk_examples_pin-1.3', 'test_data_oid': '6809839e9090eed3decccd1a', 'test_data_id': 'pin-cfc_25', 'xpaths': [{'xpath': 'PriorInformationNotice/cac:ProcurementProjectLot/cac:TenderingTerms/cac:AppealTerms/cac:AppealReceiverParty/cac:PartyIdentification/cbc:ID', 'value': 'ORG-0002'}, {'xpath': 'PriorInformationNotice/cac:ProcurementProjectLot/cac:TenderingTerms/cac:AppealTerms/cac:AppealReceiverParty/cac:PartyIdentification/cbc:ID', 'value': 'ORG-0002'}]}], 'is_covered': True, 'xpath_conditions': [{'xpath_condition': ""/*/cbc:NoticeTypeCode/@listName='planning' or /*/cbc:NoticeTypeCode/@listName='competition' or /*/cbc:NoticeTypeCode/@listName='dir-awa-pre' or (/*/cbc:NoticeTypeCode/@listName='change' and exists(/*/ext:UBLExtensions/ext:UBLExtension/ext:ExtensionContent/efext:EformsExtension/efac:NoticeSubType/cbc:SubTypeCode[contains('1 2 3 4 5 6 7 8 9 T01   10 11 12 13 14 15 16 17 18 19 20 21 22 23 24 CEI   25 26 27 28', text())]))"", 'meets_xpath_condition': True}, {'xpath_condition': ""/*/cbc:NoticeTypeCode/@listName='result' or /*/cbc:NoticeTypeCode/@listName='cont-modif' or /*/cbc:NoticeTypeCode/@listName='consultation' or /*/cbc:NoticeTypeCode/@listName='completion' or (/*/cbc:NoticeTypeCode/@listName='change' and exists(/*/ext:UBLExtensions/ext:UBLExtension/ext:ExtensionContent/efext:EformsExtension/efac:NoticeSubType/cbc:SubTypeCode[contains('29 30 31 32 33 34 35 36 37 T02   38 39 40', text())]))"", 'meets_xpath_condition': True}, {'xpath_condition': '', 'meets_xpath_condition': True}, {'xpath_condition': ""cac:AppealReceiverParty/cac:PartyIdentification/cbc:ID/@schemeName='touchpoint' or exists(cac:AppealReceiverParty/cac:PartyIdentification/cbc:ID[starts-with(text(), 'TPO-')])"", 'meets_xpath_condition': True}], 'message': None}"
305,2025-04-24 00:48:48.746065+00:00,"{'sdk_element_id': 'OPT-301-Lot-ReviewInfo', 'sdk_element_title': 'Review Info Provider Technical Identifier Reference', 'sdk_element_xpath': ""/*/cac:ProcurementProjectLot[cbc:ID/@schemeName='Lot']/cac:TenderingTerms/cac:AppealTerms/cac:AppealInformationParty/cac:PartyIdentification/cbc:ID"", 'test_data_xpaths': [{'test_data_suite_oid': '6809839e9090eed3decccd14', 'test_data_suite_id': 'sdk_examples_pin-1.3', 'test_data_oid': '6809839e9090eed3decccd18', 'test_data_id': 'qu-sy_25', 'xpaths': [{'xpath': 'PriorInformationNotice/cac:ProcurementProjectLot/cac:TenderingTerms/cac:AppealTerms/cac:AppealInformationParty/cac:PartyIdentification/cbc:ID', 'value': 'TPO-0001'}]}], 'is_covered': True, 'xpath_conditions': [{'xpath_condition': ""/*/cbc:NoticeTypeCode/@listName='planning' or /*/cbc:NoticeTypeCode/@listName='competition' or /*/cbc:NoticeTypeCode/@listName='dir-awa-pre' or (/*/cbc:NoticeTypeCode/@listName='change' and exists(/*/ext:UBLExtensions/ext:UBLExtension/ext:ExtensionContent/efext:EformsExtension/efac:NoticeSubType/cbc:SubTypeCode[contains('1 2 3 4 5 6 7 8 9 T01   10 11 12 13 14 15 16 17 18 19 20 21 22 23 24 CEI   25 26 27 28', text())]))"", 'meets_xpath_condition': True}, {'xpath_condition': ""/*/cbc:NoticeTypeCode/@listName='result' or /*/cbc:NoticeTypeCode/@listName='cont-modif' or /*/cbc:NoticeTypeCode/@listName='consultation' or /*/cbc:NoticeTypeCode/@listName='completion' or (/*/cbc:NoticeTypeCode/@listName='change' and exists(/*/ext:UBLExtensions/ext:UBLExtension/ext:ExtensionContent/efext:EformsExtension/efac:NoticeSubType/cbc:SubTypeCode[contains('29 30 31 32 33 34 35 36 37 T02   38 39 40', text())]))"", 'meets_xpath_condition': True}, {'xpath_condition': '', 'meets_xpath_condition': True}, {'xpath_condition': ""cac:AppealInformationParty/cac:PartyIdentification/cbc:ID/@schemeName='touchpoint' or exists(cac:AppealInformationParty/cac:PartyIdentification/cbc:ID[starts-with(text(), 'TPO-')])"", 'meets_xpath_condition': True}], 'message': None}"
306,2025-04-24 00:48:48.746065+00:00,"{'sdk_element_id': 'OPT-301-Lot-Mediator', 'sdk_element_title': 'Mediator Technical Identifier Reference', 'sdk_element_xpath': ""/*/cac:ProcurementProjectLot[cbc:ID/@schemeName='Lot']/cac:TenderingTerms/cac:AppealTerms/cac:MediationParty/cac:PartyIdentification/cbc:ID"", 'test_data_xpaths': [{'test_data_suite_oid': '6809839e9090eed3decccd14', 'test_data_suite_id': 'sdk_examples_pin-1.3', 'test_data_oid': '6809839e9090eed3decccd18', 'test_data_id': 'qu-sy_25', 'xpaths': [{'xpath': 'PriorInformationNotice/cac:ProcurementProjectLot/cac:TenderingTerms/cac:AppealTerms/cac:MediationParty/cac:PartyIdentification/cbc:ID', 'value': 'TPO-0001'}]}, {'test_data_suite_oid': '6809839e9090eed3decccd14', 'test_data_suite_id': 'sdk_examples_pin-1.3', 'test_data_oid': '6809839e9090eed3decccd19', 'test_data_id': 'CEI', 'xpaths': [{'xpath': 'PriorInformationNotice/cac:ProcurementProjectLot/cac:TenderingTerms/cac:AppealTerms/cac:MediationParty/cac:PartyIdentification/cbc:ID', 'value': 'ORG-0004'}]}, {'test_data_suite_oid': '6809839e9090eed3decccd14', 'test_data_suite_id': 'sdk_examples_pin-1.3', 'test_data_oid': '6809839e9090eed3decccd1a', 'test_data_id': 'pin-cfc_25', 'xpaths': [{'xpath': 'PriorInformationNotice/cac:ProcurementProjectLot/cac:TenderingTerms/cac:AppealTerms/cac:MediationParty/cac:PartyIdentification/cbc:ID', 'value': 'ORG-0003'}, {'xpath': 'PriorInformationNotice/cac:ProcurementProjectLot/cac:TenderingTerms/cac:AppealTerms/cac:MediationParty/cac:PartyIdentification/cbc:ID', 'value': 'ORG-0003'}]}], 'is_covered': True, 'xpath_conditions': [{'xpath_condition': ""/*/cbc:NoticeTypeCode/@listName='planning' or /*/cbc:NoticeTypeCode/@listName='competition' or /*/cbc:NoticeTypeCode/@listName='dir-awa-pre' or (/*/cbc:NoticeTypeCode/@listName='change' and exists(/*/ext:UBLExtensions/ext:UBLExtension/ext:ExtensionContent/efext:EformsExtension/efac:NoticeSubType/cbc:SubTypeCode[contains('1 2 3 4 5 6 7 8 9 T01   10 11 12 13 14 15 16 17 18 19 20 21 22 23 24 CEI   25 26 27 28', text())]))"", 'meets_xpath_condition': True}, {'xpath_condition': ""/*/cbc:NoticeTypeCode/@listName='result' or /*/cbc:NoticeTypeCode/@listName='cont-modif' or /*/cbc:NoticeTypeCode/@listName='consultation' or /*/cbc:NoticeTypeCode/@listName='completion' or (/*/cbc:NoticeTypeCode/@listName='change' and exists(/*/ext:UBLExtensions/ext:UBLExtension/ext:ExtensionContent/efext:EformsExtension/efac:NoticeSubType/cbc:SubTypeCode[contains('29 30 31 32 33 34 35 36 37 T02   38 39 40', text())]))"", 'meets_xpath_condition': True}, {'xpath_condition': '', 'meets_xpath_condition': True}, {'xpath_condition': ""cac:MediationParty/cac:PartyIdentification/cbc:ID/@schemeName='touchpoint' or exists(cac:MediationParty/cac:PartyIdentification/cbc:ID[starts-with(text(), 'TPO-')])"", 'meets_xpath_condition': True}], 'message': None}"
307,2025-04-24 00:48:48.746065+00:00,"{'sdk_element_id': 'ND-LotsGroup', 'sdk_element_title': None, 'sdk_element_xpath': ""/*/cac:ProcurementProjectLot[cbc:ID/@schemeName='LotsGroup']"", 'test_data_xpaths': [], 'is_covered': False, 'xpath_conditions': [{'xpath_condition': '', 'meets_xpath_condition': True}], 'message': None}"
308,2025-04-24 00:48:48.746065+00:00,"{'sdk_element_id': 'BT-137-LotsGroup', 'sdk_element_title': 'Purpose Lot Identifier', 'sdk_element_xpath': ""/*/cac:ProcurementProjectLot[cbc:ID/@schemeName='LotsGroup']/cbc:ID"", 'test_data_xpaths': [], 'is_covered': False, 'xpath_conditions': [{'xpath_condition': '', 'meets_xpath_condition': True}], 'message': None}"
309,2025-04-24 00:48:48.746065+00:00,"{'sdk_element_id': 'ND-GroupComposition', 'sdk_element_title': None, 'sdk_element_xpath': '/*/cac:TenderingTerms/cac:LotDistribution/cac:LotsGroup', 'test_data_xpaths': [], 'is_covered': False, 'xpath_conditions': [{'xpath_condition': '', 'meets_xpath_condition': True}], 'message': None}"
310,2025-04-24 00:48:48.746065+00:00,"{'sdk_element_id': 'BT-330-Procedure', 'sdk_element_title': 'Group Identifier', 'sdk_element_xpath': '/*/cac:TenderingTerms/cac:LotDistribution/cac:LotsGroup/cbc:LotsGroupID', 'test_data_xpaths': [], 'is_covered': False, 'xpath_conditions': [{'xpath_condition': '', 'meets_xpath_condition': True}], 'message': None}"
311,2025-04-24 00:48:48.746065+00:00,"{'sdk_element_id': 'BT-1375-Procedure', 'sdk_element_title': 'Group Lot Identifier', 'sdk_element_xpath': ""/*/cac:TenderingTerms/cac:LotDistribution/cac:LotsGroup/cac:ProcurementProjectLotReference/cbc:ID[@schemeName='Lot']"", 'test_data_xpaths': [], 'is_covered': False, 'xpath_conditions': [{'xpath_condition': '', 'meets_xpath_condition': True}], 'message': None}"
312,2025-04-24 00:48:48.746065+00:00,"{'sdk_element_id': 'ND-LotsGroupProcurementScope', 'sdk_element_title': None, 'sdk_element_xpath': ""/*/cac:ProcurementProjectLot[cbc:ID/@schemeName='LotsGroup']/cac:ProcurementProject"", 'test_data_xpaths': [], 'is_covered': False, 'xpath_conditions': [{'xpath_condition': '', 'meets_xpath_condition': True}], 'message': None}"
313,2025-04-24 00:48:48.746065+00:00,"{'sdk_element_id': 'BT-22-LotsGroup', 'sdk_element_title': 'Internal Identifier', 'sdk_element_xpath': ""/*/cac:ProcurementProjectLot[cbc:ID/@schemeName='LotsGroup']/cac:ProcurementProject/cbc:ID"", 'test_data_xpaths': [], 'is_covered': False, 'xpath_conditions': [{'xpath_condition': '', 'meets_xpath_condition': True}], 'message': None}"
314,2025-04-24 00:48:48.746065+00:00,"{'sdk_element_id': 'BT-21-LotsGroup', 'sdk_element_title': 'Title', 'sdk_element_xpath': ""/*/cac:ProcurementProjectLot[cbc:ID/@schemeName='LotsGroup']/cac:ProcurementProject/cbc:Name"", 'test_data_xpaths': [], 'is_covered': False, 'xpath_conditions': [{'xpath_condition': '', 'meets_xpath_condition': True}], 'message': None}"
315,2025-04-24 00:48:48.746065+00:00,"{'sdk_element_id': 'BT-24-LotsGroup', 'sdk_element_title': 'Description', 'sdk_element_xpath': ""/*/cac:ProcurementProjectLot[cbc:ID/@schemeName='LotsGroup']/cac:ProcurementProject/cbc:Description"", 'test_data_xpaths': [], 'is_covered': False, 'xpath_conditions': [{'xpath_condition': '', 'meets_xpath_condition': True}], 'message': None}"
316,2025-04-24 00:48:48.746065+00:00,"{'sdk_element_id': 'BT-726-LotsGroup', 'sdk_element_title': 'Suitable For SMEs', 'sdk_element_xpath': ""/*/cac:ProcurementProjectLot[cbc:ID/@schemeName='LotsGroup']/cac:ProcurementProject/cbc:SMESuitableIndicator"", 'test_data_xpaths': [], 'is_covered': False, 'xpath_conditions': [{'xpath_condition': '', 'meets_xpath_condition': True}], 'message': None}"
317,2025-04-24 00:48:48.746065+00:00,"{'sdk_element_id': 'ND-LotsGroupValueEstimate', 'sdk_element_title': None, 'sdk_element_xpath': ""/*/cac:ProcurementProjectLot[cbc:ID/@schemeName='LotsGroup']/cac:ProcurementProject/cac:RequestedTenderTotal"", 'test_data_xpaths': [], 'is_covered': False, 'xpath_conditions': [{'xpath_condition': '', 'meets_xpath_condition': True}], 'message': None}"
318,2025-04-24 00:48:48.746065+00:00,"{'sdk_element_id': 'BT-27-LotsGroup', 'sdk_element_title': 'Estimated Value', 'sdk_element_xpath': ""/*/cac:ProcurementProjectLot[cbc:ID/@schemeName='LotsGroup']/cac:ProcurementProject/cac:RequestedTenderTotal/cbc:EstimatedOverallContractAmount"", 'test_data_xpaths': [], 'is_covered': False, 'xpath_conditions': [{'xpath_condition': '', 'meets_xpath_condition': True}], 'message': None}"
319,2025-04-24 00:48:48.746065+00:00,"{'sdk_element_id': 'ND-LotsGroupFA', 'sdk_element_title': None, 'sdk_element_xpath': ""/*/cac:ProcurementProjectLot[cbc:ID/@schemeName='LotsGroup']/cac:TenderingProcess/cac:FrameworkAgreement"", 'test_data_xpaths': [], 'is_covered': False, 'xpath_conditions': [{'xpath_condition': '', 'meets_xpath_condition': True}], 'message': None}"
320,2025-04-24 00:48:48.746065+00:00,"{'sdk_element_id': 'BT-157-LotsGroup', 'sdk_element_title': 'Group Framework Estimated Maximum Value', 'sdk_element_xpath': ""/*/cac:ProcurementProjectLot[cbc:ID/@schemeName='LotsGroup']/cac:TenderingProcess/cac:FrameworkAgreement/cbc:EstimatedMaximumValueAmount"", 'test_data_xpaths': [], 'is_covered': False, 'xpath_conditions': [{'xpath_condition': '', 'meets_xpath_condition': True}], 'message': None}"
321,2025-04-24 00:48:48.746065+00:00,"{'sdk_element_id': 'BT-300-LotsGroup', 'sdk_element_title': 'Additional Information', 'sdk_element_xpath': ""/*/cac:ProcurementProjectLot[cbc:ID/@schemeName='LotsGroup']/cac:ProcurementProject/cbc:Note"", 'test_data_xpaths': [], 'is_covered': False, 'xpath_conditions': [{'xpath_condition': '', 'meets_xpath_condition': True}], 'message': None}"
322,2025-04-24 00:48:48.746065+00:00,"{'sdk_element_id': 'ND-LotsGroupAwardingTerms', 'sdk_element_title': None, 'sdk_element_xpath': ""/*/cac:ProcurementProjectLot[cbc:ID/@schemeName='LotsGroup']/cac:TenderingTerms/cac:AwardingTerms"", 'test_data_xpaths': [], 'is_covered': False, 'xpath_conditions': [{'xpath_condition': '', 'meets_xpath_condition': True}], 'message': None}"
323,2025-04-24 00:48:48.746065+00:00,"{'sdk_element_id': 'ND-LotsGroupAwardCriteria', 'sdk_element_title': None, 'sdk_element_xpath': ""/*/cac:ProcurementProjectLot[cbc:ID/@schemeName='LotsGroup']/cac:TenderingTerms/cac:AwardingTerms/cac:AwardingCriterion"", 'test_data_xpaths': [], 'is_covered': False, 'xpath_conditions': [{'xpath_condition': '', 'meets_xpath_condition': True}], 'message': None}"
324,2025-04-24 00:48:48.746065+00:00,"{'sdk_element_id': 'ND-LotsGroupAwardCriterion', 'sdk_element_title': None, 'sdk_element_xpath': ""/*/cac:ProcurementProjectLot[cbc:ID/@schemeName='LotsGroup']/cac:TenderingTerms/cac:AwardingTerms/cac:AwardingCriterion/cac:SubordinateAwardingCriterion"", 'test_data_xpaths': [], 'is_covered': False, 'xpath_conditions': [{'xpath_condition': '', 'meets_xpath_condition': True}], 'message': None}"
325,2025-04-24 00:48:48.746065+00:00,"{'sdk_element_id': 'BT-539-LotsGroup', 'sdk_element_title': 'Award Criterion Type', 'sdk_element_xpath': ""/*/cac:ProcurementProjectLot[cbc:ID/@schemeName='LotsGroup']/cac:TenderingTerms/cac:AwardingTerms/cac:AwardingCriterion/cac:SubordinateAwardingCriterion/cbc:AwardingCriterionTypeCode[@listName='award-criterion-type']"", 'test_data_xpaths': [], 'is_covered': False, 'xpath_conditions': [{'xpath_condition': ""not( exists(ext:UBLExtensions/ext:UBLExtension/ext:ExtensionContent/efext:EformsExtension/efac:FieldsPrivacy[efbc:FieldIdentifierCode/text()='awa-cri-typ']) and cbc:AwardingCriterionTypeCode[@listName='award-criterion-type']/text() = 'unpublished' )"", 'meets_xpath_condition': True}], 'message': None}"
326,2025-04-24 00:48:48.746065+00:00,"{'sdk_element_id': 'BT-540-LotsGroup', 'sdk_element_title': 'Award Criterion Description', 'sdk_element_xpath': ""/*/cac:ProcurementProjectLot[cbc:ID/@schemeName='LotsGroup']/cac:TenderingTerms/cac:AwardingTerms/cac:AwardingCriterion/cac:SubordinateAwardingCriterion/cbc:Description"", 'test_data_xpaths': [], 'is_covered': False, 'xpath_conditions': [{'xpath_condition': ""not( exists(ext:UBLExtensions/ext:UBLExtension/ext:ExtensionContent/efext:EformsExtension/efac:FieldsPrivacy[efbc:FieldIdentifierCode/text()='awa-cri-des']) and cbc:Description/text() = 'unpublished' )"", 'meets_xpath_condition': True}], 'message': None}"
327,2025-04-24 00:48:48.746065+00:00,"{'sdk_element_id': 'ND-LotsGroupAwardCriterionParameters', 'sdk_element_title': None, 'sdk_element_xpath': ""/*/cac:ProcurementProjectLot[cbc:ID/@schemeName='LotsGroup']/cac:TenderingTerms/cac:AwardingTerms/cac:AwardingCriterion/cac:SubordinateAwardingCriterion/ext:UBLExtensions/ext:UBLExtension/ext:ExtensionContent/efext:EformsExtension"", 'test_data_xpaths': [], 'is_covered': False, 'xpath_conditions': [{'xpath_condition': '', 'meets_xpath_condition': True}], 'message': None}"
328,2025-04-24 00:48:48.746065+00:00,"{'sdk_element_id': 'ND-LotsGroupAwardCriterionParameter', 'sdk_element_title': None, 'sdk_element_xpath': ""/*/cac:ProcurementProjectLot[cbc:ID/@schemeName='LotsGroup']/cac:TenderingTerms/cac:AwardingTerms/cac:AwardingCriterion/cac:SubordinateAwardingCriterion/ext:UBLExtensions/ext:UBLExtension/ext:ExtensionContent/efext:EformsExtension/efac:AwardCriterionParameter"", 'test_data_xpaths': [], 'is_covered': False, 'xpath_conditions': [{'xpath_condition': '', 'meets_xpath_condition': True}], 'message': None}"
329,2025-04-24 00:48:48.746065+00:00,"{'sdk_element_id': 'BT-541-LotsGroup', 'sdk_element_title': 'Award Criterion Number', 'sdk_element_xpath': ""/*/cac:ProcurementProjectLot[cbc:ID/@schemeName='LotsGroup']/cac:TenderingTerms/cac:AwardingTerms/cac:AwardingCriterion/cac:SubordinateAwardingCriterion/ext:UBLExtensions/ext:UBLExtension/ext:ExtensionContent/efext:EformsExtension/efac:AwardCriterionParameter/efbc:ParameterNumeric"", 'test_data_xpaths': [], 'is_covered': False, 'xpath_conditions': [{'xpath_condition': ""not( exists(efac:FieldsPrivacy[efbc:FieldIdentifierCode/text()='awa-cri-num']) and efbc:ParameterNumeric/text() = '-1' )"", 'meets_xpath_condition': True}], 'message': None}"
330,2025-04-24 00:48:48.746065+00:00,"{'sdk_element_id': 'BT-5421-LotsGroup', 'sdk_element_title': 'Award Criterion Number Weight', 'sdk_element_xpath': ""/*/cac:ProcurementProjectLot[cbc:ID/@schemeName='LotsGroup']/cac:TenderingTerms/cac:AwardingTerms/cac:AwardingCriterion/cac:SubordinateAwardingCriterion/ext:UBLExtensions/ext:UBLExtension/ext:ExtensionContent/efext:EformsExtension/efac:AwardCriterionParameter/efbc:ParameterCode[@listName='number-weight']"", 'test_data_xpaths': [], 'is_covered': False, 'xpath_conditions': [{'xpath_condition': ""not( exists(efac:FieldsPrivacy[efbc:FieldIdentifierCode/text()='awa-cri-wei']) and efbc:ParameterCode/text() = 'unpublished' )"", 'meets_xpath_condition': True}], 'message': None}"
331,2025-04-24 00:48:48.746065+00:00,"{'sdk_element_id': 'BT-5422-LotsGroup', 'sdk_element_title': 'Award Criterion Number Fixed', 'sdk_element_xpath': ""/*/cac:ProcurementProjectLot[cbc:ID/@schemeName='LotsGroup']/cac:TenderingTerms/cac:AwardingTerms/cac:AwardingCriterion/cac:SubordinateAwardingCriterion/ext:UBLExtensions/ext:UBLExtension/ext:ExtensionContent/efext:EformsExtension/efac:AwardCriterionParameter/efbc:ParameterCode[@listName='number-fixed']"", 'test_data_xpaths': [], 'is_covered': False, 'xpath_conditions': [{'xpath_condition': ""not( exists(efac:FieldsPrivacy[efbc:FieldIdentifierCode/text()='awa-cri-fix']) and efbc:ParameterCode/text() = 'unpublished' )"", 'meets_xpath_condition': True}], 'message': None}"
332,2025-04-24 00:48:48.746065+00:00,"{'sdk_element_id': 'BT-5423-LotsGroup', 'sdk_element_title': 'Award Criterion Number Threshold', 'sdk_element_xpath': ""/*/cac:ProcurementProjectLot[cbc:ID/@schemeName='LotsGroup']/cac:TenderingTerms/cac:AwardingTerms/cac:AwardingCriterion/cac:SubordinateAwardingCriterion/ext:UBLExtensions/ext:UBLExtension/ext:ExtensionContent/efext:EformsExtension/efac:AwardCriterionParameter/efbc:ParameterCode[@listName='number-threshold']"", 'test_data_xpaths': [], 'is_covered': False, 'xpath_conditions': [{'xpath_condition': ""not( exists(efac:FieldsPrivacy[efbc:FieldIdentifierCode/text()='awa-cri-thr']) and efbc:ParameterCode/text() = 'unpublished' )"", 'meets_xpath_condition': True}], 'message': None}"
333,2025-04-24 00:48:48.746065+00:00,"{'sdk_element_id': 'BT-734-LotsGroup', 'sdk_element_title': 'Award Criterion Name', 'sdk_element_xpath': ""/*/cac:ProcurementProjectLot[cbc:ID/@schemeName='LotsGroup']/cac:TenderingTerms/cac:AwardingTerms/cac:AwardingCriterion/cac:SubordinateAwardingCriterion/cbc:Name"", 'test_data_xpaths': [], 'is_covered': False, 'xpath_conditions': [{'xpath_condition': ""not( exists(ext:UBLExtensions/ext:UBLExtension/ext:ExtensionContent/efext:EformsExtension/efac:FieldsPrivacy[efbc:FieldIdentifierCode/text()='awa-cri-nam']) and cbc:Name/text() = 'unpublished' )"", 'meets_xpath_condition': True}], 'message': None}"
334,2025-04-24 00:48:48.746065+00:00,"{'sdk_element_id': 'BT-543-LotsGroup', 'sdk_element_title': 'Award Criteria Complicated', 'sdk_element_xpath': ""/*/cac:ProcurementProjectLot[cbc:ID/@schemeName='LotsGroup']/cac:TenderingTerms/cac:AwardingTerms/cac:AwardingCriterion/cbc:CalculationExpression"", 'test_data_xpaths': [], 'is_covered': False, 'xpath_conditions': [{'xpath_condition': ""not( exists(ext:UBLExtensions/ext:UBLExtension/ext:ExtensionContent/efext:EformsExtension/efac:FieldsPrivacy[efbc:FieldIdentifierCode/text()='awa-cri-com']) and cbc:CalculationExpression/text() = 'unpublished' )"", 'meets_xpath_condition': True}], 'message': None}"
335,2025-04-24 00:48:48.746065+00:00,"{'sdk_element_id': 'BT-733-LotsGroup', 'sdk_element_title': 'Award Criteria Order Justification', 'sdk_element_xpath': ""/*/cac:ProcurementProjectLot[cbc:ID/@schemeName='LotsGroup']/cac:TenderingTerms/cac:AwardingTerms/cac:AwardingCriterion/cbc:Description"", 'test_data_xpaths': [], 'is_covered': False, 'xpath_conditions': [{'xpath_condition': ""not( exists(ext:UBLExtensions/ext:UBLExtension/ext:ExtensionContent/efext:EformsExtension/efac:FieldsPrivacy[efbc:FieldIdentifierCode/text()='awa-cri-ord']) and cbc:Description/text() = 'unpublished' )"", 'meets_xpath_condition': True}], 'message': None}"
336,2025-04-24 00:48:48.746065+00:00,"{'sdk_element_id': 'ND-Changes', 'sdk_element_title': None, 'sdk_element_xpath': '/*/ext:UBLExtensions/ext:UBLExtension/ext:ExtensionContent/efext:EformsExtension/efac:Changes', 'test_data_xpaths': [], 'is_covered': False, 'xpath_conditions': [{'xpath_condition': '', 'meets_xpath_condition': True}], 'message': None}"
337,2025-04-24 00:48:48.746065+00:00,"{'sdk_element_id': 'ND-ChangeReason', 'sdk_element_title': None, 'sdk_element_xpath': '/*/ext:UBLExtensions/ext:UBLExtension/ext:ExtensionContent/efext:EformsExtension/efac:Changes/efac:ChangeReason', 'test_data_xpaths': [], 'is_covered': False, 'xpath_conditions': [{'xpath_condition': '', 'meets_xpath_condition': True}], 'message': None}"
338,2025-04-24 00:48:48.746065+00:00,"{'sdk_element_id': 'BT-140-notice', 'sdk_element_title': 'Change Reason Code', 'sdk_element_xpath': '/*/ext:UBLExtensions/ext:UBLExtension/ext:ExtensionContent/efext:EformsExtension/efac:Changes/efac:ChangeReason/cbc:ReasonCode', 'test_data_xpaths': [], 'is_covered': False, 'xpath_conditions': [{'xpath_condition': '', 'meets_xpath_condition': True}], 'message': None}"
339,2025-04-24 00:48:48.746065+00:00,"{'sdk_element_id': 'BT-758-notice', 'sdk_element_title': 'Change Notice Version Identifier', 'sdk_element_xpath': '/*/ext:UBLExtensions/ext:UBLExtension/ext:ExtensionContent/efext:EformsExtension/efac:Changes/efbc:ChangedNoticeIdentifier', 'test_data_xpaths': [], 'is_covered': False, 'xpath_conditions': [{'xpath_condition': '', 'meets_xpath_condition': True}], 'message': None}"
340,2025-04-24 00:48:48.746065+00:00,"{'sdk_element_id': 'ND-Change', 'sdk_element_title': None, 'sdk_element_xpath': '/*/ext:UBLExtensions/ext:UBLExtension/ext:ExtensionContent/efext:EformsExtension/efac:Changes/efac:Change', 'test_data_xpaths': [], 'is_covered': False, 'xpath_conditions': [{'xpath_condition': 'exists(../efac:Change[2])', 'meets_xpath_condition': False}], 'message': None}"
341,2025-04-24 00:48:48.746065+00:00,"{'sdk_element_id': 'BT-13716-notice', 'sdk_element_title': 'Change Previous Section Identifier', 'sdk_element_xpath': '/*/ext:UBLExtensions/ext:UBLExtension/ext:ExtensionContent/efext:EformsExtension/efac:Changes/efac:Change/efbc:ChangedSectionIdentifier', 'test_data_xpaths': [], 'is_covered': False, 'xpath_conditions': [{'xpath_condition': '', 'meets_xpath_condition': True}], 'message': None}"
342,2025-04-24 00:48:48.746065+00:00,"{'sdk_element_id': 'BT-141(a)-notice', 'sdk_element_title': 'Change Description', 'sdk_element_xpath': '/*/ext:UBLExtensions/ext:UBLExtension/ext:ExtensionContent/efext:EformsExtension/efac:Changes/efac:Change/efbc:ChangeDescription', 'test_data_xpaths': [], 'is_covered': False, 'xpath_conditions': [{'xpath_condition': '', 'meets_xpath_condition': True}], 'message': None}"
343,2025-04-24 00:48:48.746065+00:00,"{'sdk_element_id': 'BT-718-notice', 'sdk_element_title': 'Change Procurement Documents', 'sdk_element_xpath': '/*/ext:UBLExtensions/ext:UBLExtension/ext:ExtensionContent/efext:EformsExtension/efac:Changes/efac:Change/efbc:ProcurementDocumentsChangeIndicator', 'test_data_xpaths': [], 'is_covered': False, 'xpath_conditions': [{'xpath_condition': '', 'meets_xpath_condition': True}], 'message': None}"
344,2025-04-24 00:48:48.746065+00:00,"{'sdk_element_id': 'BT-719-notice', 'sdk_element_title': 'Change Procurement Documents Date', 'sdk_element_xpath': '/*/ext:UBLExtensions/ext:UBLExtension/ext:ExtensionContent/efext:EformsExtension/efac:Changes/efac:Change/efbc:ProcurementDocumentsChangeDate', 'test_data_xpaths': [], 'is_covered': False, 'xpath_conditions': [{'xpath_condition': '', 'meets_xpath_condition': True}], 'message': None}"
345,2025-04-24 00:48:48.746065+00:00,"{'sdk_element_id': 'ND-Organizations', 'sdk_element_title': None, 'sdk_element_xpath': '/*/ext:UBLExtensions/ext:UBLExtension/ext:ExtensionContent/efext:EformsExtension/efac:Organizations', 'test_data_xpaths': [{'test_data_suite_oid': '6809839e9090eed3decccd14', 'test_data_suite_id': 'sdk_examples_pin-1.3', 'test_data_oid': '6809839e9090eed3decccd15', 'test_data_id': 't01_PRT', 'xpaths': [{'xpath': 'PriorInformationNotice/ext:UBLExtensions/ext:UBLExtension/ext:ExtensionContent/efext:EformsExtension/efac:Organizations', 'value': None}]}, {'test_data_suite_oid': '6809839e9090eed3decccd14', 'test_data_suite_id': 'sdk_examples_pin-1.3', 'test_data_oid': '6809839e9090eed3decccd16', 'test_data_id': 'pin-buyer_24', 'xpaths': [{'xpath': 'PriorInformationNotice/ext:UBLExtensions/ext:UBLExtension/ext:ExtensionContent/efext:EformsExtension/efac:Organizations', 'value': None}]}, {'test_data_suite_oid': '6809839e9090eed3decccd14', 'test_data_suite_id': 'sdk_examples_pin-1.3', 'test_data_oid': '6809839e9090eed3decccd17', 'test_data_id': 'pin-buyer_24_published', 'xpaths': [{'xpath': 'PriorInformationNotice/ext:UBLExtensions/ext:UBLExtension/ext:ExtensionContent/efext:EformsExtension/efac:Organizations', 'value': None}]}, {'test_data_suite_oid': '6809839e9090eed3decccd14', 'test_data_suite_id': 'sdk_examples_pin-1.3', 'test_data_oid': '6809839e9090eed3decccd18', 'test_data_id': 'qu-sy_25', 'xpaths': [{'xpath': 'PriorInformationNotice/ext:UBLExtensions/ext:UBLExtension/ext:ExtensionContent/efext:EformsExtension/efac:Organizations', 'value': None}]}, {'test_data_suite_oid': '6809839e9090eed3decccd14', 'test_data_suite_id': 'sdk_examples_pin-1.3', 'test_data_oid': '6809839e9090eed3decccd19', 'test_data_id': 'CEI', 'xpaths': [{'xpath': 'PriorInformationNotice/ext:UBLExtensions/ext:UBLExtension/ext:ExtensionContent/efext:EformsExtension/efac:Organizations', 'value': None}]}, {'test_data_suite_oid': '6809839e9090eed3decccd14', 'test_data_suite_id': 'sdk_examples_pin-1.3', 'test_data_oid': '6809839e9090eed3decccd1a', 'test_data_id': 'pin-cfc_25', 'xpaths': [{'xpath': 'PriorInformationNotice/ext:UBLExtensions/ext:UBLExtension/ext:ExtensionContent/efext:EformsExtension/efac:Organizations', 'value': None}]}, {'test_data_suite_oid': '6809839e9090eed3decccd14', 'test_data_suite_id': 'sdk_examples_pin-1.3', 'test_data_oid': '6809839e9090eed3decccd1b', 'test_data_id': 'pin-only_81_FRA', 'xpaths': [{'xpath': 'PriorInformationNotice/ext:UBLExtensions/ext:UBLExtension/ext:ExtensionContent/efext:EformsExtension/efac:Organizations', 'value': None}]}, {'test_data_suite_oid': '6809839e9090eed3decccd14', 'test_data_suite_id': 'sdk_examples_pin-1.3', 'test_data_oid': '6809839e9090eed3decccd1c', 'test_data_id': 'pin-only_24_lots', 'xpaths': [{'xpath': 'PriorInformationNotice/ext:UBLExtensions/ext:UBLExtension/ext:ExtensionContent/efext:EformsExtension/efac:Organizations', 'value': None}]}, {'test_data_suite_oid': '6809839e9090eed3decccd14', 'test_data_suite_id': 'sdk_examples_pin-1.3', 'test_data_oid': '6809839e9090eed3decccd1d', 'test_data_id': 'pin-only_24_maximal', 'xpaths': [{'xpath': 'PriorInformationNotice/ext:UBLExtensions/ext:UBLExtension/ext:ExtensionContent/efext:EformsExtension/efac:Organizations', 'value': None}]}, {'test_data_suite_oid': '6809839e9090eed3decccd14', 'test_data_suite_id': 'sdk_examples_pin-1.3', 'test_data_oid': '6809839e9090eed3decccd1e', 'test_data_id': 'pin-only_fin-reg', 'xpaths': [{'xpath': 'PriorInformationNotice/ext:UBLExtensions/ext:UBLExtension/ext:ExtensionContent/efext:EformsExtension/efac:Organizations', 'value': None}]}, {'test_data_suite_oid': '6809839e9090eed3decccd14', 'test_data_suite_id': 'sdk_examples_pin-1.3', 'test_data_oid': '6809839e9090eed3decccd1f', 'test_data_id': 'pin-only_81', 'xpaths': [{'xpath': 'PriorInformationNotice/ext:UBLExtensions/ext:UBLExtension/ext:ExtensionContent/efext:EformsExtension/efac:Organizations', 'value': None}]}, {'test_data_suite_oid': '6809839e9090eed3decccd14', 'test_data_suite_id': 'sdk_examples_pin-1.3', 'test_data_oid': '6809839e9090eed3decccd20', 'test_data_id': 'pin-buyer_24_minimal', 'xpaths': [{'xpath': 'PriorInformationNotice/ext:UBLExtensions/ext:UBLExtension/ext:ExtensionContent/efext:EformsExtension/efac:Organizations', 'value': None}]}, {'test_data_suite_oid': '6809839e9090eed3decccd14', 'test_data_suite_id': 'sdk_examples_pin-1.3', 'test_data_oid': '6809839e9090eed3decccd21', 'test_data_id': 'pin-only_24', 'xpaths': [{'xpath': 'PriorInformationNotice/ext:UBLExtensions/ext:UBLExtension/ext:ExtensionContent/efext:EformsExtension/efac:Organizations', 'value': None}]}], 'is_covered': True, 'xpath_conditions': [{'xpath_condition': '', 'meets_xpath_condition': True}], 'message': None}"
346,2025-04-24 00:48:48.746065+00:00,"{'sdk_element_id': 'ND-Organization', 'sdk_element_title': None, 'sdk_element_xpath': '/*/ext:UBLExtensions/ext:UBLExtension/ext:ExtensionContent/efext:EformsExtension/efac:Organizations/efac:Organization', 'test_data_xpaths': [{'test_data_suite_oid': '6809839e9090eed3decccd14', 'test_data_suite_id': 'sdk_examples_pin-1.3', 'test_data_oid': '6809839e9090eed3decccd15', 'test_data_id': 't01_PRT', 'xpaths': [{'xpath': 'PriorInformationNotice/ext:UBLExtensions/ext:UBLExtension/ext:ExtensionContent/efext:EformsExtension/efac:Organizations/efac:Organization', 'value': None}, {'xpath': 'PriorInformationNotice/ext:UBLExtensions/ext:UBLExtension/ext:ExtensionContent/efext:EformsExtension/efac:Organizations/efac:Organization', 'value': None}]}, {'test_data_suite_oid': '6809839e9090eed3decccd14', 'test_data_suite_id': 'sdk_examples_pin-1.3', 'test_data_oid': '6809839e9090eed3decccd16', 'test_data_id': 'pin-buyer_24', 'xpaths': [{'xpath': 'PriorInformationNotice/ext:UBLExtensions/ext:UBLExtension/ext:ExtensionContent/efext:EformsExtension/efac:Organizations/efac:Organization', 'value': None}, {'xpath': 'PriorInformationNotice/ext:UBLExtensions/ext:UBLExtension/ext:ExtensionContent/efext:EformsExtension/efac:Organizations/efac:Organization', 'value': None}]}, {'test_data_suite_oid': '6809839e9090eed3decccd14', 'test_data_suite_id': 'sdk_examples_pin-1.3', 'test_data_oid': '6809839e9090eed3decccd17', 'test_data_id': 'pin-buyer_24_published', 'xpaths': [{'xpath': 'PriorInformationNotice/ext:UBLExtensions/ext:UBLExtension/ext:ExtensionContent/efext:EformsExtension/efac:Organizations/efac:Organization', 'value': None}, {'xpath': 'PriorInformationNotice/ext:UBLExtensions/ext:UBLExtension/ext:ExtensionContent/efext:EformsExtension/efac:Organizations/efac:Organization', 'value': None}]}, {'test_data_suite_oid': '6809839e9090eed3decccd14', 'test_data_suite_id': 'sdk_examples_pin-1.3', 'test_data_oid': '6809839e9090eed3decccd18', 'test_data_id': 'qu-sy_25', 'xpaths': [{'xpath': 'PriorInformationNotice/ext:UBLExtensions/ext:UBLExtension/ext:ExtensionContent/efext:EformsExtension/efac:Organizations/efac:Organization', 'value': None}, {'xpath': 'PriorInformationNotice/ext:UBLExtensions/ext:UBLExtension/ext:ExtensionContent/efext:EformsExtension/efac:Organizations/efac:Organization', 'value': None}, {'xpath': 'PriorInformationNotice/ext:UBLExtensions/ext:UBLExtension/ext:ExtensionContent/efext:EformsExtension/efac:Organizations/efac:Organization', 'value': None}]}, {'test_data_suite_oid': '6809839e9090eed3decccd14', 'test_data_suite_id': 'sdk_examples_pin-1.3', 'test_data_oid': '6809839e9090eed3decccd19', 'test_data_id': 'CEI', 'xpaths': [{'xpath': 'PriorInformationNotice/ext:UBLExtensions/ext:UBLExtension/ext:ExtensionContent/efext:EformsExtension/efac:Organizations/efac:Organization', 'value': None}, {'xpath': 'PriorInformationNotice/ext:UBLExtensions/ext:UBLExtension/ext:ExtensionContent/efext:EformsExtension/efac:Organizations/efac:Organization', 'value': None}, {'xpath': 'PriorInformationNotice/ext:UBLExtensions/ext:UBLExtension/ext:ExtensionContent/efext:EformsExtension/efac:Organizations/efac:Organization', 'value': None}, {'xpath': 'PriorInformationNotice/ext:UBLExtensions/ext:UBLExtension/ext:ExtensionContent/efext:EformsExtension/efac:Organizations/efac:Organization', 'value': None}]}, {'test_data_suite_oid': '6809839e9090eed3decccd14', 'test_data_suite_id': 'sdk_examples_pin-1.3', 'test_data_oid': '6809839e9090eed3decccd1a', 'test_data_id': 'pin-cfc_25', 'xpaths': [{'xpath': 'PriorInformationNotice/ext:UBLExtensions/ext:UBLExtension/ext:ExtensionContent/efext:EformsExtension/efac:Organizations/efac:Organization', 'value': None}, {'xpath': 'PriorInformationNotice/ext:UBLExtensions/ext:UBLExtension/ext:ExtensionContent/efext:EformsExtension/efac:Organizations/efac:Organization', 'value': None}, {'xpath': 'PriorInformationNotice/ext:UBLExtensions/ext:UBLExtension/ext:ExtensionContent/efext:EformsExtension/efac:Organizations/efac:Organization', 'value': None}, {'xpath': 'PriorInformationNotice/ext:UBLExtensions/ext:UBLExtension/ext:ExtensionContent/efext:EformsExtension/efac:Organizations/efac:Organization', 'value': None}]}, {'test_data_suite_oid': '6809839e9090eed3decccd14', 'test_data_suite_id': 'sdk_examples_pin-1.3', 'test_data_oid': '6809839e9090eed3decccd1b', 'test_data_id': 'pin-only_81_FRA', 'xpaths': [{'xpath': 'PriorInformationNotice/ext:UBLExtensions/ext:UBLExtension/ext:ExtensionContent/efext:EformsExtension/efac:Organizations/efac:Organization', 'value': None}, {'xpath': 'PriorInformationNotice/ext:UBLExtensions/ext:UBLExtension/ext:ExtensionContent/efext:EformsExtension/efac:Organizations/efac:Organization', 'value': None}]}, {'test_data_suite_oid': '6809839e9090eed3decccd14', 'test_data_suite_id': 'sdk_examples_pin-1.3', 'test_data_oid': '6809839e9090eed3decccd1c', 'test_data_id': 'pin-only_24_lots', 'xpaths': [{'xpath': 'PriorInformationNotice/ext:UBLExtensions/ext:UBLExtension/ext:ExtensionContent/efext:EformsExtension/efac:Organizations/efac:Organization', 'value': None}, {'xpath': 'PriorInformationNotice/ext:UBLExtensions/ext:UBLExtension/ext:ExtensionContent/efext:EformsExtension/efac:Organizations/efac:Organization', 'value': None}]}, {'test_data_suite_oid': '6809839e9090eed3decccd14', 'test_data_suite_id': 'sdk_examples_pin-1.3', 'test_data_oid': '6809839e9090eed3decccd1d', 'test_data_id': 'pin-only_24_maximal', 'xpaths': [{'xpath': 'PriorInformationNotice/ext:UBLExtensions/ext:UBLExtension/ext:ExtensionContent/efext:EformsExtension/efac:Organizations/efac:Organization', 'value': None}, {'xpath': 'PriorInformationNotice/ext:UBLExtensions/ext:UBLExtension/ext:ExtensionContent/efext:EformsExtension/efac:Organizations/efac:Organization', 'value': None}, {'xpath': 'PriorInformationNotice/ext:UBLExtensions/ext:UBLExtension/ext:ExtensionContent/efext:EformsExtension/efac:Organizations/efac:Organization', 'value': None}, {'xpath': 'PriorInformationNotice/ext:UBLExtensions/ext:UBLExtension/ext:ExtensionContent/efext:EformsExtension/efac:Organizations/efac:Organization', 'value': None}, {'xpath': 'PriorInformationNotice/ext:UBLExtensions/ext:UBLExtension/ext:ExtensionContent/efext:EformsExtension/efac:Organizations/efac:Organization', 'value': None}, {'xpath': 'PriorInformationNotice/ext:UBLExtensions/ext:UBLExtension/ext:ExtensionContent/efext:EformsExtension/efac:Organizations/efac:Organization', 'value': None}, {'xpath': 'PriorInformationNotice/ext:UBLExtensions/ext:UBLExtension/ext:ExtensionContent/efext:EformsExtension/efac:Organizations/efac:Organization', 'value': None}, {'xpath': 'PriorInformationNotice/ext:UBLExtensions/ext:UBLExtension/ext:ExtensionContent/efext:EformsExtension/efac:Organizations/efac:Organization', 'value': None}, {'xpath': 'PriorInformationNotice/ext:UBLExtensions/ext:UBLExtension/ext:ExtensionContent/efext:EformsExtension/efac:Organizations/efac:Organization', 'value': None}, {'xpath': 'PriorInformationNotice/ext:UBLExtensions/ext:UBLExtension/ext:ExtensionContent/efext:EformsExtension/efac:Organizations/efac:Organization', 'value': None}, {'xpath': 'PriorInformationNotice/ext:UBLExtensions/ext:UBLExtension/ext:ExtensionContent/efext:EformsExtension/efac:Organizations/efac:Organization', 'value': None}, {'xpath': 'PriorInformationNotice/ext:UBLExtensions/ext:UBLExtension/ext:ExtensionContent/efext:EformsExtension/efac:Organizations/efac:Organization', 'value': None}]}, {'test_data_suite_oid': '6809839e9090eed3decccd14', 'test_data_suite_id': 'sdk_examples_pin-1.3', 'test_data_oid': '6809839e9090eed3decccd1e', 'test_data_id': 'pin-only_fin-reg', 'xpaths': [{'xpath': 'PriorInformationNotice/ext:UBLExtensions/ext:UBLExtension/ext:ExtensionContent/efext:EformsExtension/efac:Organizations/efac:Organization', 'value': None}, {'xpath': 'PriorInformationNotice/ext:UBLExtensions/ext:UBLExtension/ext:ExtensionContent/efext:EformsExtension/efac:Organizations/efac:Organization', 'value': None}, {'xpath': 'PriorInformationNotice/ext:UBLExtensions/ext:UBLExtension/ext:ExtensionContent/efext:EformsExtension/efac:Organizations/efac:Organization', 'value': None}]}, {'test_data_suite_oid': '6809839e9090eed3decccd14', 'test_data_suite_id': 'sdk_examples_pin-1.3', 'test_data_oid': '6809839e9090eed3decccd1f', 'test_data_id': 'pin-only_81', 'xpaths': [{'xpath': 'PriorInformationNotice/ext:UBLExtensions/ext:UBLExtension/ext:ExtensionContent/efext:EformsExtension/efac:Organizations/efac:Organization', 'value': None}, {'xpath': 'PriorInformationNotice/ext:UBLExtensions/ext:UBLExtension/ext:ExtensionContent/efext:EformsExtension/efac:Organizations/efac:Organization', 'value': None}]}, {'test_data_suite_oid': '6809839e9090eed3decccd14', 'test_data_suite_id': 'sdk_examples_pin-1.3', 'test_data_oid': '6809839e9090eed3decccd20', 'test_data_id': 'pin-buyer_24_minimal', 'xpaths': [{'xpath': 'PriorInformationNotice/ext:UBLExtensions/ext:UBLExtension/ext:ExtensionContent/efext:EformsExtension/efac:Organizations/efac:Organization', 'value': None}]}, {'test_data_suite_oid': '6809839e9090eed3decccd14', 'test_data_suite_id': 'sdk_examples_pin-1.3', 'test_data_oid': '6809839e9090eed3decccd21', 'test_data_id': 'pin-only_24', 'xpaths': [{'xpath': 'PriorInformationNotice/ext:UBLExtensions/ext:UBLExtension/ext:ExtensionContent/efext:EformsExtension/efac:Organizations/efac:Organization', 'value': None}, {'xpath': 'PriorInformationNotice/ext:UBLExtensions/ext:UBLExtension/ext:ExtensionContent/efext:EformsExtension/efac:Organizations/efac:Organization', 'value': None}, {'xpath': 'PriorInformationNotice/ext:UBLExtensions/ext:UBLExtension/ext:ExtensionContent/efext:EformsExtension/efac:Organizations/efac:Organization', 'value': None}]}], 'is_covered': True, 'xpath_conditions': [{'xpath_condition': 'exists(efac:Company) or exists(efbc:ListedOnRegulatedMarketIndicator)', 'meets_xpath_condition': False}], 'message': None}"
347,2025-04-24 00:48:48.746065+00:00,"{'sdk_element_id': 'ND-Company', 'sdk_element_title': None, 'sdk_element_xpath': '/*/ext:UBLExtensions/ext:UBLExtension/ext:ExtensionContent/efext:EformsExtension/efac:Organizations/efac:Organization/efac:Company', 'test_data_xpaths': [{'test_data_suite_oid': '6809839e9090eed3decccd14', 'test_data_suite_id': 'sdk_examples_pin-1.3', 'test_data_oid': '6809839e9090eed3decccd15', 'test_data_id': 't01_PRT', 'xpaths': [{'xpath': 'PriorInformationNotice/ext:UBLExtensions/ext:UBLExtension/ext:ExtensionContent/efext:EformsExtension/efac:Organizations/efac:Organization/efac:Company', 'value': None}, {'xpath': 'PriorInformationNotice/ext:UBLExtensions/ext:UBLExtension/ext:ExtensionContent/efext:EformsExtension/efac:Organizations/efac:Organization/efac:Company', 'value': None}]}, {'test_data_suite_oid': '6809839e9090eed3decccd14', 'test_data_suite_id': 'sdk_examples_pin-1.3', 'test_data_oid': '6809839e9090eed3decccd16', 'test_data_id': 'pin-buyer_24', 'xpaths': [{'xpath': 'PriorInformationNotice/ext:UBLExtensions/ext:UBLExtension/ext:ExtensionContent/efext:EformsExtension/efac:Organizations/efac:Organization/efac:Company', 'value': None}, {'xpath': 'PriorInformationNotice/ext:UBLExtensions/ext:UBLExtension/ext:ExtensionContent/efext:EformsExtension/efac:Organizations/efac:Organization/efac:Company', 'value': None}]}, {'test_data_suite_oid': '6809839e9090eed3decccd14', 'test_data_suite_id': 'sdk_examples_pin-1.3', 'test_data_oid': '6809839e9090eed3decccd17', 'test_data_id': 'pin-buyer_24_published', 'xpaths': [{'xpath': 'PriorInformationNotice/ext:UBLExtensions/ext:UBLExtension/ext:ExtensionContent/efext:EformsExtension/efac:Organizations/efac:Organization/efac:Company', 'value': None}, {'xpath': 'PriorInformationNotice/ext:UBLExtensions/ext:UBLExtension/ext:ExtensionContent/efext:EformsExtension/efac:Organizations/efac:Organization/efac:Company', 'value': None}]}, {'test_data_suite_oid': '6809839e9090eed3decccd14', 'test_data_suite_id': 'sdk_examples_pin-1.3', 'test_data_oid': '6809839e9090eed3decccd18', 'test_data_id': 'qu-sy_25', 'xpaths': [{'xpath': 'PriorInformationNotice/ext:UBLExtensions/ext:UBLExtension/ext:ExtensionContent/efext:EformsExtension/efac:Organizations/efac:Organization/efac:Company', 'value': None}, {'xpath': 'PriorInformationNotice/ext:UBLExtensions/ext:UBLExtension/ext:ExtensionContent/efext:EformsExtension/efac:Organizations/efac:Organization/efac:Company', 'value': None}, {'xpath': 'PriorInformationNotice/ext:UBLExtensions/ext:UBLExtension/ext:ExtensionContent/efext:EformsExtension/efac:Organizations/efac:Organization/efac:Company', 'value': None}]}, {'test_data_suite_oid': '6809839e9090eed3decccd14', 'test_data_suite_id': 'sdk_examples_pin-1.3', 'test_data_oid': '6809839e9090eed3decccd19', 'test_data_id': 'CEI', 'xpaths': [{'xpath': 'PriorInformationNotice/ext:UBLExtensions/ext:UBLExtension/ext:ExtensionContent/efext:EformsExtension/efac:Organizations/efac:Organization/efac:Company', 'value': None}, {'xpath': 'PriorInformationNotice/ext:UBLExtensions/ext:UBLExtension/ext:ExtensionContent/efext:EformsExtension/efac:Organizations/efac:Organization/efac:Company', 'value': None}, {'xpath': 'PriorInformationNotice/ext:UBLExtensions/ext:UBLExtension/ext:ExtensionContent/efext:EformsExtension/efac:Organizations/efac:Organization/efac:Company', 'value': None}, {'xpath': 'PriorInformationNotice/ext:UBLExtensions/ext:UBLExtension/ext:ExtensionContent/efext:EformsExtension/efac:Organizations/efac:Organization/efac:Company', 'value': None}]}, {'test_data_suite_oid': '6809839e9090eed3decccd14', 'test_data_suite_id': 'sdk_examples_pin-1.3', 'test_data_oid': '6809839e9090eed3decccd1a', 'test_data_id': 'pin-cfc_25', 'xpaths': [{'xpath': 'PriorInformationNotice/ext:UBLExtensions/ext:UBLExtension/ext:ExtensionContent/efext:EformsExtension/efac:Organizations/efac:Organization/efac:Company', 'value': None}, {'xpath': 'PriorInformationNotice/ext:UBLExtensions/ext:UBLExtension/ext:ExtensionContent/efext:EformsExtension/efac:Organizations/efac:Organization/efac:Company', 'value': None}, {'xpath': 'PriorInformationNotice/ext:UBLExtensions/ext:UBLExtension/ext:ExtensionContent/efext:EformsExtension/efac:Organizations/efac:Organization/efac:Company', 'value': None}, {'xpath': 'PriorInformationNotice/ext:UBLExtensions/ext:UBLExtension/ext:ExtensionContent/efext:EformsExtension/efac:Organizations/efac:Organization/efac:Company', 'value': None}]}, {'test_data_suite_oid': '6809839e9090eed3decccd14', 'test_data_suite_id': 'sdk_examples_pin-1.3', 'test_data_oid': '6809839e9090eed3decccd1b', 'test_data_id': 'pin-only_81_FRA', 'xpaths': [{'xpath': 'PriorInformationNotice/ext:UBLExtensions/ext:UBLExtension/ext:ExtensionContent/efext:EformsExtension/efac:Organizations/efac:Organization/efac:Company', 'value': None}, {'xpath': 'PriorInformationNotice/ext:UBLExtensions/ext:UBLExtension/ext:ExtensionContent/efext:EformsExtension/efac:Organizations/efac:Organization/efac:Company', 'value': None}]}, {'test_data_suite_oid': '6809839e9090eed3decccd14', 'test_data_suite_id': 'sdk_examples_pin-1.3', 'test_data_oid': '6809839e9090eed3decccd1c', 'test_data_id': 'pin-only_24_lots', 'xpaths': [{'xpath': 'PriorInformationNotice/ext:UBLExtensions/ext:UBLExtension/ext:ExtensionContent/efext:EformsExtension/efac:Organizations/efac:Organization/efac:Company', 'value': None}, {'xpath': 'PriorInformationNotice/ext:UBLExtensions/ext:UBLExtension/ext:ExtensionContent/efext:EformsExtension/efac:Organizations/efac:Organization/efac:Company', 'value': None}]}, {'test_data_suite_oid': '6809839e9090eed3decccd14', 'test_data_suite_id': 'sdk_examples_pin-1.3', 'test_data_oid': '6809839e9090eed3decccd1d', 'test_data_id': 'pin-only_24_maximal', 'xpaths': [{'xpath': 'PriorInformationNotice/ext:UBLExtensions/ext:UBLExtension/ext:ExtensionContent/efext:EformsExtension/efac:Organizations/efac:Organization/efac:Company', 'value': None}, {'xpath': 'PriorInformationNotice/ext:UBLExtensions/ext:UBLExtension/ext:ExtensionContent/efext:EformsExtension/efac:Organizations/efac:Organization/efac:Company', 'value': None}, {'xpath': 'PriorInformationNotice/ext:UBLExtensions/ext:UBLExtension/ext:ExtensionContent/efext:EformsExtension/efac:Organizations/efac:Organization/efac:Company', 'value': None}, {'xpath': 'PriorInformationNotice/ext:UBLExtensions/ext:UBLExtension/ext:ExtensionContent/efext:EformsExtension/efac:Organizations/efac:Organization/efac:Company', 'value': None}, {'xpath': 'PriorInformationNotice/ext:UBLExtensions/ext:UBLExtension/ext:ExtensionContent/efext:EformsExtension/efac:Organizations/efac:Organization/efac:Company', 'value': None}, {'xpath': 'PriorInformationNotice/ext:UBLExtensions/ext:UBLExtension/ext:ExtensionContent/efext:EformsExtension/efac:Organizations/efac:Organization/efac:Company', 'value': None}, {'xpath': 'PriorInformationNotice/ext:UBLExtensions/ext:UBLExtension/ext:ExtensionContent/efext:EformsExtension/efac:Organizations/efac:Organization/efac:Company', 'value': None}, {'xpath': 'PriorInformationNotice/ext:UBLExtensions/ext:UBLExtension/ext:ExtensionContent/efext:EformsExtension/efac:Organizations/efac:Organization/efac:Company', 'value': None}, {'xpath': 'PriorInformationNotice/ext:UBLExtensions/ext:UBLExtension/ext:ExtensionContent/efext:EformsExtension/efac:Organizations/efac:Organization/efac:Company', 'value': None}, {'xpath': 'PriorInformationNotice/ext:UBLExtensions/ext:UBLExtension/ext:ExtensionContent/efext:EformsExtension/efac:Organizations/efac:Organization/efac:Company', 'value': None}, {'xpath': 'PriorInformationNotice/ext:UBLExtensions/ext:UBLExtension/ext:ExtensionContent/efext:EformsExtension/efac:Organizations/efac:Organization/efac:Company', 'value': None}, {'xpath': 'PriorInformationNotice/ext:UBLExtensions/ext:UBLExtension/ext:ExtensionContent/efext:EformsExtension/efac:Organizations/efac:Organization/efac:Company', 'value': None}]}, {'test_data_suite_oid': '6809839e9090eed3decccd14', 'test_data_suite_id': 'sdk_examples_pin-1.3', 'test_data_oid': '6809839e9090eed3decccd1e', 'test_data_id': 'pin-only_fin-reg', 'xpaths': [{'xpath': 'PriorInformationNotice/ext:UBLExtensions/ext:UBLExtension/ext:ExtensionContent/efext:EformsExtension/efac:Organizations/efac:Organization/efac:Company', 'value': None}, {'xpath': 'PriorInformationNotice/ext:UBLExtensions/ext:UBLExtension/ext:ExtensionContent/efext:EformsExtension/efac:Organizations/efac:Organization/efac:Company', 'value': None}, {'xpath': 'PriorInformationNotice/ext:UBLExtensions/ext:UBLExtension/ext:ExtensionContent/efext:EformsExtension/efac:Organizations/efac:Organization/efac:Company', 'value': None}]}, {'test_data_suite_oid': '6809839e9090eed3decccd14', 'test_data_suite_id': 'sdk_examples_pin-1.3', 'test_data_oid': '6809839e9090eed3decccd1f', 'test_data_id': 'pin-only_81', 'xpaths': [{'xpath': 'PriorInformationNotice/ext:UBLExtensions/ext:UBLExtension/ext:ExtensionContent/efext:EformsExtension/efac:Organizations/efac:Organization/efac:Company', 'value': None}, {'xpath': 'PriorInformationNotice/ext:UBLExtensions/ext:UBLExtension/ext:ExtensionContent/efext:EformsExtension/efac:Organizations/efac:Organization/efac:Company', 'value': None}]}, {'test_data_suite_oid': '6809839e9090eed3decccd14', 'test_data_suite_id': 'sdk_examples_pin-1.3', 'test_data_oid': '6809839e9090eed3decccd20', 'test_data_id': 'pin-buyer_24_minimal', 'xpaths': [{'xpath': 'PriorInformationNotice/ext:UBLExtensions/ext:UBLExtension/ext:ExtensionContent/efext:EformsExtension/efac:Organizations/efac:Organization/efac:Company', 'value': None}]}, {'test_data_suite_oid': '6809839e9090eed3decccd14', 'test_data_suite_id': 'sdk_examples_pin-1.3', 'test_data_oid': '6809839e9090eed3decccd21', 'test_data_id': 'pin-only_24', 'xpaths': [{'xpath': 'PriorInformationNotice/ext:UBLExtensions/ext:UBLExtension/ext:ExtensionContent/efext:EformsExtension/efac:Organizations/efac:Organization/efac:Company', 'value': None}, {'xpath': 'PriorInformationNotice/ext:UBLExtensions/ext:UBLExtension/ext:ExtensionContent/efext:EformsExtension/efac:Organizations/efac:Organization/efac:Company', 'value': None}, {'xpath': 'PriorInformationNotice/ext:UBLExtensions/ext:UBLExtension/ext:ExtensionContent/efext:EformsExtension/efac:Organizations/efac:Organization/efac:Company', 'value': None}]}], 'is_covered': True, 'xpath_conditions': [{'xpath_condition': '', 'meets_xpath_condition': True}], 'message': None}"
348,2025-04-24 00:48:48.746065+00:00,"{'sdk_element_id': 'OPT-200-Organization-Company', 'sdk_element_title': 'Company Technical Identifier', 'sdk_element_xpath': '/*/ext:UBLExtensions/ext:UBLExtension/ext:ExtensionContent/efext:EformsExtension/efac:Organizations/efac:Organization/efac:Company/cac:PartyIdentification/cbc:ID', 'test_data_xpaths': [{'test_data_suite_oid': '6809839e9090eed3decccd14', 'test_data_suite_id': 'sdk_examples_pin-1.3', 'test_data_oid': '6809839e9090eed3decccd15', 'test_data_id': 't01_PRT', 'xpaths': [{'xpath': 'PriorInformationNotice/ext:UBLExtensions/ext:UBLExtension/ext:ExtensionContent/efext:EformsExtension/efac:Organizations/efac:Organization/efac:Company/cac:PartyIdentification/cbc:ID', 'value': 'ORG-0001'}, {'xpath': 'PriorInformationNotice/ext:UBLExtensions/ext:UBLExtension/ext:ExtensionContent/efext:EformsExtension/efac:Organizations/efac:Organization/efac:Company/cac:PartyIdentification/cbc:ID', 'value': 'ORG-0002'}]}, {'test_data_suite_oid': '6809839e9090eed3decccd14', 'test_data_suite_id': 'sdk_examples_pin-1.3', 'test_data_oid': '6809839e9090eed3decccd16', 'test_data_id': 'pin-buyer_24', 'xpaths': [{'xpath': 'PriorInformationNotice/ext:UBLExtensions/ext:UBLExtension/ext:ExtensionContent/efext:EformsExtension/efac:Organizations/efac:Organization/efac:Company/cac:PartyIdentification/cbc:ID', 'value': 'ORG-0001'}, {'xpath': 'PriorInformationNotice/ext:UBLExtensions/ext:UBLExtension/ext:ExtensionContent/efext:EformsExtension/efac:Organizations/efac:Organization/efac:Company/cac:PartyIdentification/cbc:ID', 'value': 'ORG-0002'}]}, {'test_data_suite_oid': '6809839e9090eed3decccd14', 'test_data_suite_id': 'sdk_examples_pin-1.3', 'test_data_oid': '6809839e9090eed3decccd17', 'test_data_id': 'pin-buyer_24_published', 'xpaths': [{'xpath': 'PriorInformationNotice/ext:UBLExtensions/ext:UBLExtension/ext:ExtensionContent/efext:EformsExtension/efac:Organizations/efac:Organization/efac:Company/cac:PartyIdentification/cbc:ID', 'value': 'ORG-0001'}, {'xpath': 'PriorInformationNotice/ext:UBLExtensions/ext:UBLExtension/ext:ExtensionContent/efext:EformsExtension/efac:Organizations/efac:Organization/efac:Company/cac:PartyIdentification/cbc:ID', 'value': 'ORG-0002'}]}, {'test_data_suite_oid': '6809839e9090eed3decccd14', 'test_data_suite_id': 'sdk_examples_pin-1.3', 'test_data_oid': '6809839e9090eed3decccd18', 'test_data_id': 'qu-sy_25', 'xpaths': [{'xpath': 'PriorInformationNotice/ext:UBLExtensions/ext:UBLExtension/ext:ExtensionContent/efext:EformsExtension/efac:Organizations/efac:Organization/efac:Company/cac:PartyIdentification/cbc:ID', 'value': 'ORG-0001'}, {'xpath': 'PriorInformationNotice/ext:UBLExtensions/ext:UBLExtension/ext:ExtensionContent/efext:EformsExtension/efac:Organizations/efac:Organization/efac:Company/cac:PartyIdentification/cbc:ID', 'value': 'ORG-0002'}, {'xpath': 'PriorInformationNotice/ext:UBLExtensions/ext:UBLExtension/ext:ExtensionContent/efext:EformsExtension/efac:Organizations/efac:Organization/efac:Company/cac:PartyIdentification/cbc:ID', 'value': 'ORG-0003'}]}, {'test_data_suite_oid': '6809839e9090eed3decccd14', 'test_data_suite_id': 'sdk_examples_pin-1.3', 'test_data_oid': '6809839e9090eed3decccd19', 'test_data_id': 'CEI', 'xpaths': [{'xpath': 'PriorInformationNotice/ext:UBLExtensions/ext:UBLExtension/ext:ExtensionContent/efext:EformsExtension/efac:Organizations/efac:Organization/efac:Company/cac:PartyIdentification/cbc:ID', 'value': 'ORG-0001'}, {'xpath': 'PriorInformationNotice/ext:UBLExtensions/ext:UBLExtension/ext:ExtensionContent/efext:EformsExtension/efac:Organizations/efac:Organization/efac:Company/cac:PartyIdentification/cbc:ID', 'value': 'ORG-0002'}, {'xpath': 'PriorInformationNotice/ext:UBLExtensions/ext:UBLExtension/ext:ExtensionContent/efext:EformsExtension/efac:Organizations/efac:Organization/efac:Company/cac:PartyIdentification/cbc:ID', 'value': 'ORG-0003'}, {'xpath': 'PriorInformationNotice/ext:UBLExtensions/ext:UBLExtension/ext:ExtensionContent/efext:EformsExtension/efac:Organizations/efac:Organization/efac:Company/cac:PartyIdentification/cbc:ID', 'value': 'ORG-0004'}]}, {'test_data_suite_oid': '6809839e9090eed3decccd14', 'test_data_suite_id': 'sdk_examples_pin-1.3', 'test_data_oid': '6809839e9090eed3decccd1a', 'test_data_id': 'pin-cfc_25', 'xpaths': [{'xpath': 'PriorInformationNotice/ext:UBLExtensions/ext:UBLExtension/ext:ExtensionContent/efext:EformsExtension/efac:Organizations/efac:Organization/efac:Company/cac:PartyIdentification/cbc:ID', 'value': 'ORG-0001'}, {'xpath': 'PriorInformationNotice/ext:UBLExtensions/ext:UBLExtension/ext:ExtensionContent/efext:EformsExtension/efac:Organizations/efac:Organization/efac:Company/cac:PartyIdentification/cbc:ID', 'value': 'ORG-0002'}, {'xpath': 'PriorInformationNotice/ext:UBLExtensions/ext:UBLExtension/ext:ExtensionContent/efext:EformsExtension/efac:Organizations/efac:Organization/efac:Company/cac:PartyIdentification/cbc:ID', 'value': 'ORG-0003'}, {'xpath': 'PriorInformationNotice/ext:UBLExtensions/ext:UBLExtension/ext:ExtensionContent/efext:EformsExtension/efac:Organizations/efac:Organization/efac:Company/cac:PartyIdentification/cbc:ID', 'value': 'ORG-0004'}]}, {'test_data_suite_oid': '6809839e9090eed3decccd14', 'test_data_suite_id': 'sdk_examples_pin-1.3', 'test_data_oid': '6809839e9090eed3decccd1b', 'test_data_id': 'pin-only_81_FRA', 'xpaths': [{'xpath': 'PriorInformationNotice/ext:UBLExtensions/ext:UBLExtension/ext:ExtensionContent/efext:EformsExtension/efac:Organizations/efac:Organization/efac:Company/cac:PartyIdentification/cbc:ID', 'value': 'ORG-0001'}, {'xpath': 'PriorInformationNotice/ext:UBLExtensions/ext:UBLExtension/ext:ExtensionContent/efext:EformsExtension/efac:Organizations/efac:Organization/efac:Company/cac:PartyIdentification/cbc:ID', 'value': 'ORG-0002'}]}, {'test_data_suite_oid': '6809839e9090eed3decccd14', 'test_data_suite_id': 'sdk_examples_pin-1.3', 'test_data_oid': '6809839e9090eed3decccd1c', 'test_data_id': 'pin-only_24_lots', 'xpaths': [{'xpath': 'PriorInformationNotice/ext:UBLExtensions/ext:UBLExtension/ext:ExtensionContent/efext:EformsExtension/efac:Organizations/efac:Organization/efac:Company/cac:PartyIdentification/cbc:ID', 'value': 'ORG-0001'}, {'xpath': 'PriorInformationNotice/ext:UBLExtensions/ext:UBLExtension/ext:ExtensionContent/efext:EformsExtension/efac:Organizations/efac:Organization/efac:Company/cac:PartyIdentification/cbc:ID', 'value': 'ORG-0002'}]}, {'test_data_suite_oid': '6809839e9090eed3decccd14', 'test_data_suite_id': 'sdk_examples_pin-1.3', 'test_data_oid': '6809839e9090eed3decccd1d', 'test_data_id': 'pin-only_24_maximal', 'xpaths': [{'xpath': 'PriorInformationNotice/ext:UBLExtensions/ext:UBLExtension/ext:ExtensionContent/efext:EformsExtension/efac:Organizations/efac:Organization/efac:Company/cac:PartyIdentification/cbc:ID', 'value': 'ORG-0001'}, {'xpath': 'PriorInformationNotice/ext:UBLExtensions/ext:UBLExtension/ext:ExtensionContent/efext:EformsExtension/efac:Organizations/efac:Organization/efac:Company/cac:PartyIdentification/cbc:ID', 'value': 'ORG-0002'}, {'xpath': 'PriorInformationNotice/ext:UBLExtensions/ext:UBLExtension/ext:ExtensionContent/efext:EformsExtension/efac:Organizations/efac:Organization/efac:Company/cac:PartyIdentification/cbc:ID', 'value': 'ORG-0003'}, {'xpath': 'PriorInformationNotice/ext:UBLExtensions/ext:UBLExtension/ext:ExtensionContent/efext:EformsExtension/efac:Organizations/efac:Organization/efac:Company/cac:PartyIdentification/cbc:ID', 'value': 'ORG-0004'}, {'xpath': 'PriorInformationNotice/ext:UBLExtensions/ext:UBLExtension/ext:ExtensionContent/efext:EformsExtension/efac:Organizations/efac:Organization/efac:Company/cac:PartyIdentification/cbc:ID', 'value': 'ORG-0005'}, {'xpath': 'PriorInformationNotice/ext:UBLExtensions/ext:UBLExtension/ext:ExtensionContent/efext:EformsExtension/efac:Organizations/efac:Organization/efac:Company/cac:PartyIdentification/cbc:ID', 'value': 'ORG-0006'}, {'xpath': 'PriorInformationNotice/ext:UBLExtensions/ext:UBLExtension/ext:ExtensionContent/efext:EformsExtension/efac:Organizations/efac:Organization/efac:Company/cac:PartyIdentification/cbc:ID', 'value': 'ORG-0007'}, {'xpath': 'PriorInformationNotice/ext:UBLExtensions/ext:UBLExtension/ext:ExtensionContent/efext:EformsExtension/efac:Organizations/efac:Organization/efac:Company/cac:PartyIdentification/cbc:ID', 'value': 'ORG-0008'}, {'xpath': 'PriorInformationNotice/ext:UBLExtensions/ext:UBLExtension/ext:ExtensionContent/efext:EformsExtension/efac:Organizations/efac:Organization/efac:Company/cac:PartyIdentification/cbc:ID', 'value': 'ORG-0009'}, {'xpath': 'PriorInformationNotice/ext:UBLExtensions/ext:UBLExtension/ext:ExtensionContent/efext:EformsExtension/efac:Organizations/efac:Organization/efac:Company/cac:PartyIdentification/cbc:ID', 'value': 'ORG-0010'}, {'xpath': 'PriorInformationNotice/ext:UBLExtensions/ext:UBLExtension/ext:ExtensionContent/efext:EformsExtension/efac:Organizations/efac:Organization/efac:Company/cac:PartyIdentification/cbc:ID', 'value': 'ORG-0011'}, {'xpath': 'PriorInformationNotice/ext:UBLExtensions/ext:UBLExtension/ext:ExtensionContent/efext:EformsExtension/efac:Organizations/efac:Organization/efac:Company/cac:PartyIdentification/cbc:ID', 'value': 'ORG-0012'}]}, {'test_data_suite_oid': '6809839e9090eed3decccd14', 'test_data_suite_id': 'sdk_examples_pin-1.3', 'test_data_oid': '6809839e9090eed3decccd1e', 'test_data_id': 'pin-only_fin-reg', 'xpaths': [{'xpath': 'PriorInformationNotice/ext:UBLExtensions/ext:UBLExtension/ext:ExtensionContent/efext:EformsExtension/efac:Organizations/efac:Organization/efac:Company/cac:PartyIdentification/cbc:ID', 'value': 'ORG-0001'}, {'xpath': 'PriorInformationNotice/ext:UBLExtensions/ext:UBLExtension/ext:ExtensionContent/efext:EformsExtension/efac:Organizations/efac:Organization/efac:Company/cac:PartyIdentification/cbc:ID', 'value': 'ORG-0002'}, {'xpath': 'PriorInformationNotice/ext:UBLExtensions/ext:UBLExtension/ext:ExtensionContent/efext:EformsExtension/efac:Organizations/efac:Organization/efac:Company/cac:PartyIdentification/cbc:ID', 'value': 'ORG-0003'}]}, {'test_data_suite_oid': '6809839e9090eed3decccd14', 'test_data_suite_id': 'sdk_examples_pin-1.3', 'test_data_oid': '6809839e9090eed3decccd1f', 'test_data_id': 'pin-only_81', 'xpaths': [{'xpath': 'PriorInformationNotice/ext:UBLExtensions/ext:UBLExtension/ext:ExtensionContent/efext:EformsExtension/efac:Organizations/efac:Organization/efac:Company/cac:PartyIdentification/cbc:ID', 'value': 'ORG-0001'}, {'xpath': 'PriorInformationNotice/ext:UBLExtensions/ext:UBLExtension/ext:ExtensionContent/efext:EformsExtension/efac:Organizations/efac:Organization/efac:Company/cac:PartyIdentification/cbc:ID', 'value': 'ORG-0002'}]}, {'test_data_suite_oid': '6809839e9090eed3decccd14', 'test_data_suite_id': 'sdk_examples_pin-1.3', 'test_data_oid': '6809839e9090eed3decccd20', 'test_data_id': 'pin-buyer_24_minimal', 'xpaths': [{'xpath': 'PriorInformationNotice/ext:UBLExtensions/ext:UBLExtension/ext:ExtensionContent/efext:EformsExtension/efac:Organizations/efac:Organization/efac:Company/cac:PartyIdentification/cbc:ID', 'value': 'ORG-0001'}]}, {'test_data_suite_oid': '6809839e9090eed3decccd14', 'test_data_suite_id': 'sdk_examples_pin-1.3', 'test_data_oid': '6809839e9090eed3decccd21', 'test_data_id': 'pin-only_24', 'xpaths': [{'xpath': 'PriorInformationNotice/ext:UBLExtensions/ext:UBLExtension/ext:ExtensionContent/efext:EformsExtension/efac:Organizations/efac:Organization/efac:Company/cac:PartyIdentification/cbc:ID', 'value': 'ORG-0001'}, {'xpath': 'PriorInformationNotice/ext:UBLExtensions/ext:UBLExtension/ext:ExtensionContent/efext:EformsExtension/efac:Organizations/efac:Organization/efac:Company/cac:PartyIdentification/cbc:ID', 'value': 'ORG-0002'}, {'xpath': 'PriorInformationNotice/ext:UBLExtensions/ext:UBLExtension/ext:ExtensionContent/efext:EformsExtension/efac:Organizations/efac:Organization/efac:Company/cac:PartyIdentification/cbc:ID', 'value': 'ORG-0003'}]}], 'is_covered': True, 'xpath_conditions': [{'xpath_condition': '', 'meets_xpath_condition': True}], 'message': None}"
349,2025-04-24 00:48:48.746065+00:00,"{'sdk_element_id': 'BT-633-Organization', 'sdk_element_title': 'Organisation Natural Person', 'sdk_element_xpath': '/*/ext:UBLExtensions/ext:UBLExtension/ext:ExtensionContent/efext:EformsExtension/efac:Organizations/efac:Organization/efbc:NaturalPersonIndicator', 'test_data_xpaths': [], 'is_covered': False, 'xpath_conditions': [{'xpath_condition': ""efbc:NaturalPersonIndicator/text()='true'"", 'meets_xpath_condition': True}], 'message': None}"
350,2025-04-24 00:48:48.746065+00:00,"{'sdk_element_id': 'BT-500-Organization-Company', 'sdk_element_title': 'Organisation Name', 'sdk_element_xpath': '/*/ext:UBLExtensions/ext:UBLExtension/ext:ExtensionContent/efext:EformsExtension/efac:Organizations/efac:Organization/efac:Company/cac:PartyName/cbc:Name', 'test_data_xpaths': [{'test_data_suite_oid': '6809839e9090eed3decccd14', 'test_data_suite_id': 'sdk_examples_pin-1.3', 'test_data_oid': '6809839e9090eed3decccd15', 'test_data_id': 't01_PRT', 'xpaths': [{'xpath': 'PriorInformationNotice/ext:UBLExtensions/ext:UBLExtension/ext:ExtensionContent/efext:EformsExtension/efac:Organizations/efac:Organization/efac:Company/cac:PartyName/cbc:Name', 'value': 'Município de Águeda'}, {'xpath': 'PriorInformationNotice/ext:UBLExtensions/ext:UBLExtension/ext:ExtensionContent/efext:EformsExtension/efac:Organizations/efac:Organization/efac:Company/cac:PartyName/cbc:Name', 'value': 'eSendCorp'}]}, {'test_data_suite_oid': '6809839e9090eed3decccd14', 'test_data_suite_id': 'sdk_examples_pin-1.3', 'test_data_oid': '6809839e9090eed3decccd16', 'test_data_id': 'pin-buyer_24', 'xpaths': [{'xpath': 'PriorInformationNotice/ext:UBLExtensions/ext:UBLExtension/ext:ExtensionContent/efext:EformsExtension/efac:Organizations/efac:Organization/efac:Company/cac:PartyName/cbc:Name', 'value': 'IRCCS Policlinico ospedale San Martino'}, {'xpath': 'PriorInformationNotice/ext:UBLExtensions/ext:UBLExtension/ext:ExtensionContent/efext:EformsExtension/efac:Organizations/efac:Organization/efac:Company/cac:PartyName/cbc:Name', 'value': 'eSendCorp'}]}, {'test_data_suite_oid': '6809839e9090eed3decccd14', 'test_data_suite_id': 'sdk_examples_pin-1.3', 'test_data_oid': '6809839e9090eed3decccd17', 'test_data_id': 'pin-buyer_24_published', 'xpaths': [{'xpath': 'PriorInformationNotice/ext:UBLExtensions/ext:UBLExtension/ext:ExtensionContent/efext:EformsExtension/efac:Organizations/efac:Organization/efac:Company/cac:PartyName/cbc:Name', 'value': 'IRCCS Policlinico ospedale San Martino'}, {'xpath': 'PriorInformationNotice/ext:UBLExtensions/ext:UBLExtension/ext:ExtensionContent/efext:EformsExtension/efac:Organizations/efac:Organization/efac:Company/cac:PartyName/cbc:Name', 'value': 'eSendCorp'}]}, {'test_data_suite_oid': '6809839e9090eed3decccd14', 'test_data_suite_id': 'sdk_examples_pin-1.3', 'test_data_oid': '6809839e9090eed3decccd18', 'test_data_id': 'qu-sy_25', 'xpaths': [{'xpath': 'PriorInformationNotice/ext:UBLExtensions/ext:UBLExtension/ext:ExtensionContent/efext:EformsExtension/efac:Organizations/efac:Organization/efac:Company/cac:PartyName/cbc:Name', 'value': 'Acque Bresciane srl'}, {'xpath': 'PriorInformationNotice/ext:UBLExtensions/ext:UBLExtension/ext:ExtensionContent/efext:EformsExtension/efac:Organizations/efac:Organization/efac:Company/cac:PartyName/cbc:Name', 'value': 'TAR per la Lombardia — sez. di Brescia'}, {'xpath': 'PriorInformationNotice/ext:UBLExtensions/ext:UBLExtension/ext:ExtensionContent/efext:EformsExtension/efac:Organizations/efac:Organization/efac:Company/cac:PartyName/cbc:Name', 'value': 'eSendCorp'}]}, {'test_data_suite_oid': '6809839e9090eed3decccd14', 'test_data_suite_id': 'sdk_examples_pin-1.3', 'test_data_oid': '6809839e9090eed3decccd19', 'test_data_id': 'CEI', 'xpaths': [{'xpath': 'PriorInformationNotice/ext:UBLExtensions/ext:UBLExtension/ext:ExtensionContent/efext:EformsExtension/efac:Organizations/efac:Organization/efac:Company/cac:PartyName/cbc:Name', 'value': 'European Parliament'}, {'xpath': 'PriorInformationNotice/ext:UBLExtensions/ext:UBLExtension/ext:ExtensionContent/efext:EformsExtension/efac:Organizations/efac:Organization/efac:Company/cac:PartyName/cbc:Name', 'value': 'eSendCorp'}, {'xpath': 'PriorInformationNotice/ext:UBLExtensions/ext:UBLExtension/ext:ExtensionContent/efext:EformsExtension/efac:Organizations/efac:Organization/efac:Company/cac:PartyName/cbc:Name', 'value': 'Court of Justice of the European Union'}, {'xpath': 'PriorInformationNotice/ext:UBLExtensions/ext:UBLExtension/ext:ExtensionContent/efext:EformsExtension/efac:Organizations/efac:Organization/efac:Company/cac:PartyName/cbc:Name', 'value': 'European Ombudsman'}]}, {'test_data_suite_oid': '6809839e9090eed3decccd14', 'test_data_suite_id': 'sdk_examples_pin-1.3', 'test_data_oid': '6809839e9090eed3decccd1a', 'test_data_id': 'pin-cfc_25', 'xpaths': [{'xpath': 'PriorInformationNotice/ext:UBLExtensions/ext:UBLExtension/ext:ExtensionContent/efext:EformsExtension/efac:Organizations/efac:Organization/efac:Company/cac:PartyName/cbc:Name', 'value': 'Flughafen Stuttgart GmbH'}, {'xpath': 'PriorInformationNotice/ext:UBLExtensions/ext:UBLExtension/ext:ExtensionContent/efext:EformsExtension/efac:Organizations/efac:Organization/efac:Company/cac:PartyName/cbc:Name', 'value': 'Vergabekammer Baden-Württemberg beim Regierungspräsidium Karlsruhe'}, {'xpath': 'PriorInformationNotice/ext:UBLExtensions/ext:UBLExtension/ext:ExtensionContent/efext:EformsExtension/efac:Organizations/efac:Organization/efac:Company/cac:PartyName/cbc:Name', 'value': 'Example Mediator'}, {'xpath': 'PriorInformationNotice/ext:UBLExtensions/ext:UBLExtension/ext:ExtensionContent/efext:EformsExtension/efac:Organizations/efac:Organization/efac:Company/cac:PartyName/cbc:Name', 'value': 'eSendCorp'}]}, {'test_data_suite_oid': '6809839e9090eed3decccd14', 'test_data_suite_id': 'sdk_examples_pin-1.3', 'test_data_oid': '6809839e9090eed3decccd1b', 'test_data_id': 'pin-only_81_FRA', 'xpaths': [{'xpath': 'PriorInformationNotice/ext:UBLExtensions/ext:UBLExtension/ext:ExtensionContent/efext:EformsExtension/efac:Organizations/efac:Organization/efac:Company/cac:PartyName/cbc:Name', 'value': 'Marine/DCSSF/DSSF Toulon'}, {'xpath': 'PriorInformationNotice/ext:UBLExtensions/ext:UBLExtension/ext:ExtensionContent/efext:EformsExtension/efac:Organizations/efac:Organization/efac:Company/cac:PartyName/cbc:Name', 'value': 'eSendCorp'}]}, {'test_data_suite_oid': '6809839e9090eed3decccd14', 'test_data_suite_id': 'sdk_examples_pin-1.3', 'test_data_oid': '6809839e9090eed3decccd1c', 'test_data_id': 'pin-only_24_lots', 'xpaths': [{'xpath': 'PriorInformationNotice/ext:UBLExtensions/ext:UBLExtension/ext:ExtensionContent/efext:EformsExtension/efac:Organizations/efac:Organization/efac:Company/cac:PartyName/cbc:Name', 'value': 'Fusion21 Members Consortium'}, {'xpath': 'PriorInformationNotice/ext:UBLExtensions/ext:UBLExtension/ext:ExtensionContent/efext:EformsExtension/efac:Organizations/efac:Organization/efac:Company/cac:PartyName/cbc:Name', 'value': 'eSendCorp'}]}, {'test_data_suite_oid': '6809839e9090eed3decccd14', 'test_data_suite_id': 'sdk_examples_pin-1.3', 'test_data_oid': '6809839e9090eed3decccd1d', 'test_data_id': 'pin-only_24_maximal', 'xpaths': [{'xpath': 'PriorInformationNotice/ext:UBLExtensions/ext:UBLExtension/ext:ExtensionContent/efext:EformsExtension/efac:Organizations/efac:Organization/efac:Company/cac:PartyName/cbc:Name', 'value': 'Buyer Name'}, {'xpath': 'PriorInformationNotice/ext:UBLExtensions/ext:UBLExtension/ext:ExtensionContent/efext:EformsExtension/efac:Organizations/efac:Organization/efac:Company/cac:PartyName/cbc:Name', 'value': 'AdditionalInfo Name'}, {'xpath': 'PriorInformationNotice/ext:UBLExtensions/ext:UBLExtension/ext:ExtensionContent/efext:EformsExtension/efac:Organizations/efac:Organization/efac:Company/cac:PartyName/cbc:Name', 'value': 'DocumentProvider Name'}, {'xpath': 'PriorInformationNotice/ext:UBLExtensions/ext:UBLExtension/ext:ExtensionContent/efext:EformsExtension/efac:Organizations/efac:Organization/efac:Company/cac:PartyName/cbc:Name', 'value': 'TenderRecipient Name'}, {'xpath': 'PriorInformationNotice/ext:UBLExtensions/ext:UBLExtension/ext:ExtensionContent/efext:EformsExtension/efac:Organizations/efac:Organization/efac:Company/cac:PartyName/cbc:Name', 'value': 'TenderEvaluation Name'}, {'xpath': 'PriorInformationNotice/ext:UBLExtensions/ext:UBLExtension/ext:ExtensionContent/efext:EformsExtension/efac:Organizations/efac:Organization/efac:Company/cac:PartyName/cbc:Name', 'value': 'AppealInfo Name'}, {'xpath': 'PriorInformationNotice/ext:UBLExtensions/ext:UBLExtension/ext:ExtensionContent/efext:EformsExtension/efac:Organizations/efac:Organization/efac:Company/cac:PartyName/cbc:Name', 'value': 'AppealReceiver Name'}, {'xpath': 'PriorInformationNotice/ext:UBLExtensions/ext:UBLExtension/ext:ExtensionContent/efext:EformsExtension/efac:Organizations/efac:Organization/efac:Company/cac:PartyName/cbc:Name', 'value': 'Mediator Name'}, {'xpath': 'PriorInformationNotice/ext:UBLExtensions/ext:UBLExtension/ext:ExtensionContent/efext:EformsExtension/efac:Organizations/efac:Organization/efac:Company/cac:PartyName/cbc:Name', 'value': 'eSendCorp'}, {'xpath': 'PriorInformationNotice/ext:UBLExtensions/ext:UBLExtension/ext:ExtensionContent/efext:EformsExtension/efac:Organizations/efac:Organization/efac:Company/cac:PartyName/cbc:Name', 'value': 'TaxInfo Name'}, {'xpath': 'PriorInformationNotice/ext:UBLExtensions/ext:UBLExtension/ext:ExtensionContent/efext:EformsExtension/efac:Organizations/efac:Organization/efac:Company/cac:PartyName/cbc:Name', 'value': 'EnvironmentalInfo Name'}, {'xpath': 'PriorInformationNotice/ext:UBLExtensions/ext:UBLExtension/ext:ExtensionContent/efext:EformsExtension/efac:Organizations/efac:Organization/efac:Company/cac:PartyName/cbc:Name', 'value': 'EmploymentInfo Name'}]}, {'test_data_suite_oid': '6809839e9090eed3decccd14', 'test_data_suite_id': 'sdk_examples_pin-1.3', 'test_data_oid': '6809839e9090eed3decccd1e', 'test_data_id': 'pin-only_fin-reg', 'xpaths': [{'xpath': 'PriorInformationNotice/ext:UBLExtensions/ext:UBLExtension/ext:ExtensionContent/efext:EformsExtension/efac:Organizations/efac:Organization/efac:Company/cac:PartyName/cbc:Name', 'value': 'PartyName1234'}, {'xpath': 'PriorInformationNotice/ext:UBLExtensions/ext:UBLExtension/ext:ExtensionContent/efext:EformsExtension/efac:Organizations/efac:Organization/efac:Company/cac:PartyName/cbc:Name', 'value': 'AppealReceiverParty Name'}, {'xpath': 'PriorInformationNotice/ext:UBLExtensions/ext:UBLExtension/ext:ExtensionContent/efext:EformsExtension/efac:Organizations/efac:Organization/efac:Company/cac:PartyName/cbc:Name', 'value': 'eSendCorp'}]}, {'test_data_suite_oid': '6809839e9090eed3decccd14', 'test_data_suite_id': 'sdk_examples_pin-1.3', 'test_data_oid': '6809839e9090eed3decccd1f', 'test_data_id': 'pin-only_81', 'xpaths': [{'xpath': 'PriorInformationNotice/ext:UBLExtensions/ext:UBLExtension/ext:ExtensionContent/efext:EformsExtension/efac:Organizations/efac:Organization/efac:Company/cac:PartyName/cbc:Name', 'value': 'Ministry of Defence, C&C, C&C'}, {'xpath': 'PriorInformationNotice/ext:UBLExtensions/ext:UBLExtension/ext:ExtensionContent/efext:EformsExtension/efac:Organizations/efac:Organization/efac:Company/cac:PartyName/cbc:Name', 'value': 'eSendCorp'}]}, {'test_data_suite_oid': '6809839e9090eed3decccd14', 'test_data_suite_id': 'sdk_examples_pin-1.3', 'test_data_oid': '6809839e9090eed3decccd20', 'test_data_id': 'pin-buyer_24_minimal', 'xpaths': [{'xpath': 'PriorInformationNotice/ext:UBLExtensions/ext:UBLExtension/ext:ExtensionContent/efext:EformsExtension/efac:Organizations/efac:Organization/efac:Company/cac:PartyName/cbc:Name', 'value': 'IRCCS Policlinico ospedale San Martino'}]}, {'test_data_suite_oid': '6809839e9090eed3decccd14', 'test_data_suite_id': 'sdk_examples_pin-1.3', 'test_data_oid': '6809839e9090eed3decccd21', 'test_data_id': 'pin-only_24', 'xpaths': [{'xpath': 'PriorInformationNotice/ext:UBLExtensions/ext:UBLExtension/ext:ExtensionContent/efext:EformsExtension/efac:Organizations/efac:Organization/efac:Company/cac:PartyName/cbc:Name', 'value': 'PartyName1234'}, {'xpath': 'PriorInformationNotice/ext:UBLExtensions/ext:UBLExtension/ext:ExtensionContent/efext:EformsExtension/efac:Organizations/efac:Organization/efac:Company/cac:PartyName/cbc:Name', 'value': 'AppealReceiverParty Name'}, {'xpath': 'PriorInformationNotice/ext:UBLExtensions/ext:UBLExtension/ext:ExtensionContent/efext:EformsExtension/efac:Organizations/efac:Organization/efac:Company/cac:PartyName/cbc:Name', 'value': 'eSendCorp'}]}], 'is_covered': True, 'xpath_conditions': [{'xpath_condition': '', 'meets_xpath_condition': True}], 'message': None}"
351,2025-04-24 00:48:48.746065+00:00,"{'sdk_element_id': 'BT-501-Organization-Company', 'sdk_element_title': 'Organisation Identifier', 'sdk_element_xpath': '/*/ext:UBLExtensions/ext:UBLExtension/ext:ExtensionContent/efext:EformsExtension/efac:Organizations/efac:Organization/efac:Company/cac:PartyLegalEntity/cbc:CompanyID', 'test_data_xpaths': [{'test_data_suite_oid': '6809839e9090eed3decccd14', 'test_data_suite_id': 'sdk_examples_pin-1.3', 'test_data_oid': '6809839e9090eed3decccd15', 'test_data_id': 't01_PRT', 'xpaths': [{'xpath': 'PriorInformationNotice/ext:UBLExtensions/ext:UBLExtension/ext:ExtensionContent/efext:EformsExtension/efac:Organizations/efac:Organization/efac:Company/cac:PartyLegalEntity/cbc:CompanyID', 'value': 'PartyLegalEntityCID1234'}, {'xpath': 'PriorInformationNotice/ext:UBLExtensions/ext:UBLExtension/ext:ExtensionContent/efext:EformsExtension/efac:Organizations/efac:Organization/efac:Company/cac:PartyLegalEntity/cbc:CompanyID', 'value': '111 222 333'}]}, {'test_data_suite_oid': '6809839e9090eed3decccd14', 'test_data_suite_id': 'sdk_examples_pin-1.3', 'test_data_oid': '6809839e9090eed3decccd16', 'test_data_id': 'pin-buyer_24', 'xpaths': [{'xpath': 'PriorInformationNotice/ext:UBLExtensions/ext:UBLExtension/ext:ExtensionContent/efext:EformsExtension/efac:Organizations/efac:Organization/efac:Company/cac:PartyLegalEntity/cbc:CompanyID', 'value': '123 456 789'}, {'xpath': 'PriorInformationNotice/ext:UBLExtensions/ext:UBLExtension/ext:ExtensionContent/efext:EformsExtension/efac:Organizations/efac:Organization/efac:Company/cac:PartyLegalEntity/cbc:CompanyID', 'value': '111 222 333'}]}, {'test_data_suite_oid': '6809839e9090eed3decccd14', 'test_data_suite_id': 'sdk_examples_pin-1.3', 'test_data_oid': '6809839e9090eed3decccd17', 'test_data_id': 'pin-buyer_24_published', 'xpaths': [{'xpath': 'PriorInformationNotice/ext:UBLExtensions/ext:UBLExtension/ext:ExtensionContent/efext:EformsExtension/efac:Organizations/efac:Organization/efac:Company/cac:PartyLegalEntity/cbc:CompanyID', 'value': '123 456 789'}, {'xpath': 'PriorInformationNotice/ext:UBLExtensions/ext:UBLExtension/ext:ExtensionContent/efext:EformsExtension/efac:Organizations/efac:Organization/efac:Company/cac:PartyLegalEntity/cbc:CompanyID', 'value': '111 222 333'}]}, {'test_data_suite_oid': '6809839e9090eed3decccd14', 'test_data_suite_id': 'sdk_examples_pin-1.3', 'test_data_oid': '6809839e9090eed3decccd18', 'test_data_id': 'qu-sy_25', 'xpaths': [{'xpath': 'PriorInformationNotice/ext:UBLExtensions/ext:UBLExtension/ext:ExtensionContent/efext:EformsExtension/efac:Organizations/efac:Organization/efac:Company/cac:PartyLegalEntity/cbc:CompanyID', 'value': 'SQASF2020'}, {'xpath': 'PriorInformationNotice/ext:UBLExtensions/ext:UBLExtension/ext:ExtensionContent/efext:EformsExtension/efac:Organizations/efac:Organization/efac:Company/cac:PartyLegalEntity/cbc:CompanyID', 'value': 'Tribunale Amministrativo Regionale'}, {'xpath': 'PriorInformationNotice/ext:UBLExtensions/ext:UBLExtension/ext:ExtensionContent/efext:EformsExtension/efac:Organizations/efac:Organization/efac:Company/cac:PartyLegalEntity/cbc:CompanyID', 'value': '111 222 333'}]}, {'test_data_suite_oid': '6809839e9090eed3decccd14', 'test_data_suite_id': 'sdk_examples_pin-1.3', 'test_data_oid': '6809839e9090eed3decccd19', 'test_data_id': 'CEI', 'xpaths': [{'xpath': 'PriorInformationNotice/ext:UBLExtensions/ext:UBLExtension/ext:ExtensionContent/efext:EformsExtension/efac:Organizations/efac:Organization/efac:Company/cac:PartyLegalEntity/cbc:CompanyID', 'value': '123 456 789'}, {'xpath': 'PriorInformationNotice/ext:UBLExtensions/ext:UBLExtension/ext:ExtensionContent/efext:EformsExtension/efac:Organizations/efac:Organization/efac:Company/cac:PartyLegalEntity/cbc:CompanyID', 'value': '111 222 333'}, {'xpath': 'PriorInformationNotice/ext:UBLExtensions/ext:UBLExtension/ext:ExtensionContent/efext:EformsExtension/efac:Organizations/efac:Organization/efac:Company/cac:PartyLegalEntity/cbc:CompanyID', 'value': '99929837'}, {'xpath': 'PriorInformationNotice/ext:UBLExtensions/ext:UBLExtension/ext:ExtensionContent/efext:EformsExtension/efac:Organizations/efac:Organization/efac:Company/cac:PartyLegalEntity/cbc:CompanyID', 'value': '87628383788'}]}, {'test_data_suite_oid': '6809839e9090eed3decccd14', 'test_data_suite_id': 'sdk_examples_pin-1.3', 'test_data_oid': '6809839e9090eed3decccd1a', 'test_data_id': 'pin-cfc_25', 'xpaths': [{'xpath': 'PriorInformationNotice/ext:UBLExtensions/ext:UBLExtension/ext:ExtensionContent/efext:EformsExtension/efac:Organizations/efac:Organization/efac:Company/cac:PartyLegalEntity/cbc:CompanyID', 'value': '123 456 789'}, {'xpath': 'PriorInformationNotice/ext:UBLExtensions/ext:UBLExtension/ext:ExtensionContent/efext:EformsExtension/efac:Organizations/efac:Organization/efac:Company/cac:PartyLegalEntity/cbc:CompanyID', 'value': '123 456 789'}, {'xpath': 'PriorInformationNotice/ext:UBLExtensions/ext:UBLExtension/ext:ExtensionContent/efext:EformsExtension/efac:Organizations/efac:Organization/efac:Company/cac:PartyLegalEntity/cbc:CompanyID', 'value': '111 111 111'}, {'xpath': 'PriorInformationNotice/ext:UBLExtensions/ext:UBLExtension/ext:ExtensionContent/efext:EformsExtension/efac:Organizations/efac:Organization/efac:Company/cac:PartyLegalEntity/cbc:CompanyID', 'value': '111 222 333'}]}, {'test_data_suite_oid': '6809839e9090eed3decccd14', 'test_data_suite_id': 'sdk_examples_pin-1.3', 'test_data_oid': '6809839e9090eed3decccd1b', 'test_data_id': 'pin-only_81_FRA', 'xpaths': [{'xpath': 'PriorInformationNotice/ext:UBLExtensions/ext:UBLExtension/ext:ExtensionContent/efext:EformsExtension/efac:Organizations/efac:Organization/efac:Company/cac:PartyLegalEntity/cbc:CompanyID', 'value': '111 222 333'}]}, {'test_data_suite_oid': '6809839e9090eed3decccd14', 'test_data_suite_id': 'sdk_examples_pin-1.3', 'test_data_oid': '6809839e9090eed3decccd1c', 'test_data_id': 'pin-only_24_lots', 'xpaths': [{'xpath': 'PriorInformationNotice/ext:UBLExtensions/ext:UBLExtension/ext:ExtensionContent/efext:EformsExtension/efac:Organizations/efac:Organization/efac:Company/cac:PartyLegalEntity/cbc:CompanyID', 'value': '123456789'}, {'xpath': 'PriorInformationNotice/ext:UBLExtensions/ext:UBLExtension/ext:ExtensionContent/efext:EformsExtension/efac:Organizations/efac:Organization/efac:Company/cac:PartyLegalEntity/cbc:CompanyID', 'value': '111 222 333'}]}, {'test_data_suite_oid': '6809839e9090eed3decccd14', 'test_data_suite_id': 'sdk_examples_pin-1.3', 'test_data_oid': '6809839e9090eed3decccd1d', 'test_data_id': 'pin-only_24_maximal', 'xpaths': [{'xpath': 'PriorInformationNotice/ext:UBLExtensions/ext:UBLExtension/ext:ExtensionContent/efext:EformsExtension/efac:Organizations/efac:Organization/efac:Company/cac:PartyLegalEntity/cbc:CompanyID', 'value': 'tva12345'}, {'xpath': 'PriorInformationNotice/ext:UBLExtensions/ext:UBLExtension/ext:ExtensionContent/efext:EformsExtension/efac:Organizations/efac:Organization/efac:Company/cac:PartyLegalEntity/cbc:CompanyID', 'value': 'tva12345'}, {'xpath': 'PriorInformationNotice/ext:UBLExtensions/ext:UBLExtension/ext:ExtensionContent/efext:EformsExtension/efac:Organizations/efac:Organization/efac:Company/cac:PartyLegalEntity/cbc:CompanyID', 'value': 'tva12345'}, {'xpath': 'PriorInformationNotice/ext:UBLExtensions/ext:UBLExtension/ext:ExtensionContent/efext:EformsExtension/efac:Organizations/efac:Organization/efac:Company/cac:PartyLegalEntity/cbc:CompanyID', 'value': 'tva12345'}, {'xpath': 'PriorInformationNotice/ext:UBLExtensions/ext:UBLExtension/ext:ExtensionContent/efext:EformsExtension/efac:Organizations/efac:Organization/efac:Company/cac:PartyLegalEntity/cbc:CompanyID', 'value': 'tva12345'}, {'xpath': 'PriorInformationNotice/ext:UBLExtensions/ext:UBLExtension/ext:ExtensionContent/efext:EformsExtension/efac:Organizations/efac:Organization/efac:Company/cac:PartyLegalEntity/cbc:CompanyID', 'value': 'tva12345'}, {'xpath': 'PriorInformationNotice/ext:UBLExtensions/ext:UBLExtension/ext:ExtensionContent/efext:EformsExtension/efac:Organizations/efac:Organization/efac:Company/cac:PartyLegalEntity/cbc:CompanyID', 'value': 'tva12345'}, {'xpath': 'PriorInformationNotice/ext:UBLExtensions/ext:UBLExtension/ext:ExtensionContent/efext:EformsExtension/efac:Organizations/efac:Organization/efac:Company/cac:PartyLegalEntity/cbc:CompanyID', 'value': 'tva12345'}, {'xpath': 'PriorInformationNotice/ext:UBLExtensions/ext:UBLExtension/ext:ExtensionContent/efext:EformsExtension/efac:Organizations/efac:Organization/efac:Company/cac:PartyLegalEntity/cbc:CompanyID', 'value': '111 222 333'}, {'xpath': 'PriorInformationNotice/ext:UBLExtensions/ext:UBLExtension/ext:ExtensionContent/efext:EformsExtension/efac:Organizations/efac:Organization/efac:Company/cac:PartyLegalEntity/cbc:CompanyID', 'value': 'tva12345'}, {'xpath': 'PriorInformationNotice/ext:UBLExtensions/ext:UBLExtension/ext:ExtensionContent/efext:EformsExtension/efac:Organizations/efac:Organization/efac:Company/cac:PartyLegalEntity/cbc:CompanyID', 'value': 'tva12345'}, {'xpath': 'PriorInformationNotice/ext:UBLExtensions/ext:UBLExtension/ext:ExtensionContent/efext:EformsExtension/efac:Organizations/efac:Organization/efac:Company/cac:PartyLegalEntity/cbc:CompanyID', 'value': 'tva12345'}]}, {'test_data_suite_oid': '6809839e9090eed3decccd14', 'test_data_suite_id': 'sdk_examples_pin-1.3', 'test_data_oid': '6809839e9090eed3decccd1e', 'test_data_id': 'pin-only_fin-reg', 'xpaths': [{'xpath': 'PriorInformationNotice/ext:UBLExtensions/ext:UBLExtension/ext:ExtensionContent/efext:EformsExtension/efac:Organizations/efac:Organization/efac:Company/cac:PartyLegalEntity/cbc:CompanyID', 'value': 'PartyLegalEntityCID1234'}, {'xpath': 'PriorInformationNotice/ext:UBLExtensions/ext:UBLExtension/ext:ExtensionContent/efext:EformsExtension/efac:Organizations/efac:Organization/efac:Company/cac:PartyLegalEntity/cbc:CompanyID', 'value': 'PartyLegalEntityCID1234'}, {'xpath': 'PriorInformationNotice/ext:UBLExtensions/ext:UBLExtension/ext:ExtensionContent/efext:EformsExtension/efac:Organizations/efac:Organization/efac:Company/cac:PartyLegalEntity/cbc:CompanyID', 'value': '123 456 789'}, {'xpath': 'PriorInformationNotice/ext:UBLExtensions/ext:UBLExtension/ext:ExtensionContent/efext:EformsExtension/efac:Organizations/efac:Organization/efac:Company/cac:PartyLegalEntity/cbc:CompanyID', 'value': '111 222 333'}]}, {'test_data_suite_oid': '6809839e9090eed3decccd14', 'test_data_suite_id': 'sdk_examples_pin-1.3', 'test_data_oid': '6809839e9090eed3decccd1f', 'test_data_id': 'pin-only_81', 'xpaths': [{'xpath': 'PriorInformationNotice/ext:UBLExtensions/ext:UBLExtension/ext:ExtensionContent/efext:EformsExtension/efac:Organizations/efac:Organization/efac:Company/cac:PartyLegalEntity/cbc:CompanyID', 'value': '111 222 333'}]}, {'test_data_suite_oid': '6809839e9090eed3decccd14', 'test_data_suite_id': 'sdk_examples_pin-1.3', 'test_data_oid': '6809839e9090eed3decccd20', 'test_data_id': 'pin-buyer_24_minimal', 'xpaths': [{'xpath': 'PriorInformationNotice/ext:UBLExtensions/ext:UBLExtension/ext:ExtensionContent/efext:EformsExtension/efac:Organizations/efac:Organization/efac:Company/cac:PartyLegalEntity/cbc:CompanyID', 'value': '123 456 789'}]}, {'test_data_suite_oid': '6809839e9090eed3decccd14', 'test_data_suite_id': 'sdk_examples_pin-1.3', 'test_data_oid': '6809839e9090eed3decccd21', 'test_data_id': 'pin-only_24', 'xpaths': [{'xpath': 'PriorInformationNotice/ext:UBLExtensions/ext:UBLExtension/ext:ExtensionContent/efext:EformsExtension/efac:Organizations/efac:Organization/efac:Company/cac:PartyLegalEntity/cbc:CompanyID', 'value': 'PartyLegalEntityCID1234'}, {'xpath': 'PriorInformationNotice/ext:UBLExtensions/ext:UBLExtension/ext:ExtensionContent/efext:EformsExtension/efac:Organizations/efac:Organization/efac:Company/cac:PartyLegalEntity/cbc:CompanyID', 'value': 'PartyLegalEntityCID1234'}, {'xpath': 'PriorInformationNotice/ext:UBLExtensions/ext:UBLExtension/ext:ExtensionContent/efext:EformsExtension/efac:Organizations/efac:Organization/efac:Company/cac:PartyLegalEntity/cbc:CompanyID', 'value': '123 456 789'}, {'xpath': 'PriorInformationNotice/ext:UBLExtensions/ext:UBLExtension/ext:ExtensionContent/efext:EformsExtension/efac:Organizations/efac:Organization/efac:Company/cac:PartyLegalEntity/cbc:CompanyID', 'value': '111 222 333'}]}], 'is_covered': True, 'xpath_conditions': [{'xpath_condition': '', 'meets_xpath_condition': True}], 'message': None}"
352,2025-04-24 00:48:48.746065+00:00,"{'sdk_element_id': 'ND-CompanyAddress', 'sdk_element_title': None, 'sdk_element_xpath': '/*/ext:UBLExtensions/ext:UBLExtension/ext:ExtensionContent/efext:EformsExtension/efac:Organizations/efac:Organization/efac:Company/cac:PostalAddress', 'test_data_xpaths': [{'test_data_suite_oid': '6809839e9090eed3decccd14', 'test_data_suite_id': 'sdk_examples_pin-1.3', 'test_data_oid': '6809839e9090eed3decccd15', 'test_data_id': 't01_PRT', 'xpaths': [{'xpath': 'PriorInformationNotice/ext:UBLExtensions/ext:UBLExtension/ext:ExtensionContent/efext:EformsExtension/efac:Organizations/efac:Organization/efac:Company/cac:PostalAddress', 'value': None}, {'xpath': 'PriorInformationNotice/ext:UBLExtensions/ext:UBLExtension/ext:ExtensionContent/efext:EformsExtension/efac:Organizations/efac:Organization/efac:Company/cac:PostalAddress', 'value': None}]}, {'test_data_suite_oid': '6809839e9090eed3decccd14', 'test_data_suite_id': 'sdk_examples_pin-1.3', 'test_data_oid': '6809839e9090eed3decccd16', 'test_data_id': 'pin-buyer_24', 'xpaths': [{'xpath': 'PriorInformationNotice/ext:UBLExtensions/ext:UBLExtension/ext:ExtensionContent/efext:EformsExtension/efac:Organizations/efac:Organization/efac:Company/cac:PostalAddress', 'value': None}, {'xpath': 'PriorInformationNotice/ext:UBLExtensions/ext:UBLExtension/ext:ExtensionContent/efext:EformsExtension/efac:Organizations/efac:Organization/efac:Company/cac:PostalAddress', 'value': None}]}, {'test_data_suite_oid': '6809839e9090eed3decccd14', 'test_data_suite_id': 'sdk_examples_pin-1.3', 'test_data_oid': '6809839e9090eed3decccd17', 'test_data_id': 'pin-buyer_24_published', 'xpaths': [{'xpath': 'PriorInformationNotice/ext:UBLExtensions/ext:UBLExtension/ext:ExtensionContent/efext:EformsExtension/efac:Organizations/efac:Organization/efac:Company/cac:PostalAddress', 'value': None}, {'xpath': 'PriorInformationNotice/ext:UBLExtensions/ext:UBLExtension/ext:ExtensionContent/efext:EformsExtension/efac:Organizations/efac:Organization/efac:Company/cac:PostalAddress', 'value': None}]}, {'test_data_suite_oid': '6809839e9090eed3decccd14', 'test_data_suite_id': 'sdk_examples_pin-1.3', 'test_data_oid': '6809839e9090eed3decccd18', 'test_data_id': 'qu-sy_25', 'xpaths': [{'xpath': 'PriorInformationNotice/ext:UBLExtensions/ext:UBLExtension/ext:ExtensionContent/efext:EformsExtension/efac:Organizations/efac:Organization/efac:Company/cac:PostalAddress', 'value': None}, {'xpath': 'PriorInformationNotice/ext:UBLExtensions/ext:UBLExtension/ext:ExtensionContent/efext:EformsExtension/efac:Organizations/efac:Organization/efac:Company/cac:PostalAddress', 'value': None}, {'xpath': 'PriorInformationNotice/ext:UBLExtensions/ext:UBLExtension/ext:ExtensionContent/efext:EformsExtension/efac:Organizations/efac:Organization/efac:Company/cac:PostalAddress', 'value': None}]}, {'test_data_suite_oid': '6809839e9090eed3decccd14', 'test_data_suite_id': 'sdk_examples_pin-1.3', 'test_data_oid': '6809839e9090eed3decccd19', 'test_data_id': 'CEI', 'xpaths': [{'xpath': 'PriorInformationNotice/ext:UBLExtensions/ext:UBLExtension/ext:ExtensionContent/efext:EformsExtension/efac:Organizations/efac:Organization/efac:Company/cac:PostalAddress', 'value': None}, {'xpath': 'PriorInformationNotice/ext:UBLExtensions/ext:UBLExtension/ext:ExtensionContent/efext:EformsExtension/efac:Organizations/efac:Organization/efac:Company/cac:PostalAddress', 'value': None}, {'xpath': 'PriorInformationNotice/ext:UBLExtensions/ext:UBLExtension/ext:ExtensionContent/efext:EformsExtension/efac:Organizations/efac:Organization/efac:Company/cac:PostalAddress', 'value': None}, {'xpath': 'PriorInformationNotice/ext:UBLExtensions/ext:UBLExtension/ext:ExtensionContent/efext:EformsExtension/efac:Organizations/efac:Organization/efac:Company/cac:PostalAddress', 'value': None}]}, {'test_data_suite_oid': '6809839e9090eed3decccd14', 'test_data_suite_id': 'sdk_examples_pin-1.3', 'test_data_oid': '6809839e9090eed3decccd1a', 'test_data_id': 'pin-cfc_25', 'xpaths': [{'xpath': 'PriorInformationNotice/ext:UBLExtensions/ext:UBLExtension/ext:ExtensionContent/efext:EformsExtension/efac:Organizations/efac:Organization/efac:Company/cac:PostalAddress', 'value': None}, {'xpath': 'PriorInformationNotice/ext:UBLExtensions/ext:UBLExtension/ext:ExtensionContent/efext:EformsExtension/efac:Organizations/efac:Organization/efac:Company/cac:PostalAddress', 'value': None}, {'xpath': 'PriorInformationNotice/ext:UBLExtensions/ext:UBLExtension/ext:ExtensionContent/efext:EformsExtension/efac:Organizations/efac:Organization/efac:Company/cac:PostalAddress', 'value': None}, {'xpath': 'PriorInformationNotice/ext:UBLExtensions/ext:UBLExtension/ext:ExtensionContent/efext:EformsExtension/efac:Organizations/efac:Organization/efac:Company/cac:PostalAddress', 'value': None}]}, {'test_data_suite_oid': '6809839e9090eed3decccd14', 'test_data_suite_id': 'sdk_examples_pin-1.3', 'test_data_oid': '6809839e9090eed3decccd1b', 'test_data_id': 'pin-only_81_FRA', 'xpaths': [{'xpath': 'PriorInformationNotice/ext:UBLExtensions/ext:UBLExtension/ext:ExtensionContent/efext:EformsExtension/efac:Organizations/efac:Organization/efac:Company/cac:PostalAddress', 'value': None}, {'xpath': 'PriorInformationNotice/ext:UBLExtensions/ext:UBLExtension/ext:ExtensionContent/efext:EformsExtension/efac:Organizations/efac:Organization/efac:Company/cac:PostalAddress', 'value': None}]}, {'test_data_suite_oid': '6809839e9090eed3decccd14', 'test_data_suite_id': 'sdk_examples_pin-1.3', 'test_data_oid': '6809839e9090eed3decccd1c', 'test_data_id': 'pin-only_24_lots', 'xpaths': [{'xpath': 'PriorInformationNotice/ext:UBLExtensions/ext:UBLExtension/ext:ExtensionContent/efext:EformsExtension/efac:Organizations/efac:Organization/efac:Company/cac:PostalAddress', 'value': None}, {'xpath': 'PriorInformationNotice/ext:UBLExtensions/ext:UBLExtension/ext:ExtensionContent/efext:EformsExtension/efac:Organizations/efac:Organization/efac:Company/cac:PostalAddress', 'value': None}]}, {'test_data_suite_oid': '6809839e9090eed3decccd14', 'test_data_suite_id': 'sdk_examples_pin-1.3', 'test_data_oid': '6809839e9090eed3decccd1d', 'test_data_id': 'pin-only_24_maximal', 'xpaths': [{'xpath': 'PriorInformationNotice/ext:UBLExtensions/ext:UBLExtension/ext:ExtensionContent/efext:EformsExtension/efac:Organizations/efac:Organization/efac:Company/cac:PostalAddress', 'value': None}, {'xpath': 'PriorInformationNotice/ext:UBLExtensions/ext:UBLExtension/ext:ExtensionContent/efext:EformsExtension/efac:Organizations/efac:Organization/efac:Company/cac:PostalAddress', 'value': None}, {'xpath': 'PriorInformationNotice/ext:UBLExtensions/ext:UBLExtension/ext:ExtensionContent/efext:EformsExtension/efac:Organizations/efac:Organization/efac:Company/cac:PostalAddress', 'value': None}, {'xpath': 'PriorInformationNotice/ext:UBLExtensions/ext:UBLExtension/ext:ExtensionContent/efext:EformsExtension/efac:Organizations/efac:Organization/efac:Company/cac:PostalAddress', 'value': None}, {'xpath': 'PriorInformationNotice/ext:UBLExtensions/ext:UBLExtension/ext:ExtensionContent/efext:EformsExtension/efac:Organizations/efac:Organization/efac:Company/cac:PostalAddress', 'value': None}, {'xpath': 'PriorInformationNotice/ext:UBLExtensions/ext:UBLExtension/ext:ExtensionContent/efext:EformsExtension/efac:Organizations/efac:Organization/efac:Company/cac:PostalAddress', 'value': None}, {'xpath': 'PriorInformationNotice/ext:UBLExtensions/ext:UBLExtension/ext:ExtensionContent/efext:EformsExtension/efac:Organizations/efac:Organization/efac:Company/cac:PostalAddress', 'value': None}, {'xpath': 'PriorInformationNotice/ext:UBLExtensions/ext:UBLExtension/ext:ExtensionContent/efext:EformsExtension/efac:Organizations/efac:Organization/efac:Company/cac:PostalAddress', 'value': None}, {'xpath': 'PriorInformationNotice/ext:UBLExtensions/ext:UBLExtension/ext:ExtensionContent/efext:EformsExtension/efac:Organizations/efac:Organization/efac:Company/cac:PostalAddress', 'value': None}, {'xpath': 'PriorInformationNotice/ext:UBLExtensions/ext:UBLExtension/ext:ExtensionContent/efext:EformsExtension/efac:Organizations/efac:Organization/efac:Company/cac:PostalAddress', 'value': None}, {'xpath': 'PriorInformationNotice/ext:UBLExtensions/ext:UBLExtension/ext:ExtensionContent/efext:EformsExtension/efac:Organizations/efac:Organization/efac:Company/cac:PostalAddress', 'value': None}, {'xpath': 'PriorInformationNotice/ext:UBLExtensions/ext:UBLExtension/ext:ExtensionContent/efext:EformsExtension/efac:Organizations/efac:Organization/efac:Company/cac:PostalAddress', 'value': None}]}, {'test_data_suite_oid': '6809839e9090eed3decccd14', 'test_data_suite_id': 'sdk_examples_pin-1.3', 'test_data_oid': '6809839e9090eed3decccd1e', 'test_data_id': 'pin-only_fin-reg', 'xpaths': [{'xpath': 'PriorInformationNotice/ext:UBLExtensions/ext:UBLExtension/ext:ExtensionContent/efext:EformsExtension/efac:Organizations/efac:Organization/efac:Company/cac:PostalAddress', 'value': None}, {'xpath': 'PriorInformationNotice/ext:UBLExtensions/ext:UBLExtension/ext:ExtensionContent/efext:EformsExtension/efac:Organizations/efac:Organization/efac:Company/cac:PostalAddress', 'value': None}, {'xpath': 'PriorInformationNotice/ext:UBLExtensions/ext:UBLExtension/ext:ExtensionContent/efext:EformsExtension/efac:Organizations/efac:Organization/efac:Company/cac:PostalAddress', 'value': None}]}, {'test_data_suite_oid': '6809839e9090eed3decccd14', 'test_data_suite_id': 'sdk_examples_pin-1.3', 'test_data_oid': '6809839e9090eed3decccd1f', 'test_data_id': 'pin-only_81', 'xpaths': [{'xpath': 'PriorInformationNotice/ext:UBLExtensions/ext:UBLExtension/ext:ExtensionContent/efext:EformsExtension/efac:Organizations/efac:Organization/efac:Company/cac:PostalAddress', 'value': None}, {'xpath': 'PriorInformationNotice/ext:UBLExtensions/ext:UBLExtension/ext:ExtensionContent/efext:EformsExtension/efac:Organizations/efac:Organization/efac:Company/cac:PostalAddress', 'value': None}]}, {'test_data_suite_oid': '6809839e9090eed3decccd14', 'test_data_suite_id': 'sdk_examples_pin-1.3', 'test_data_oid': '6809839e9090eed3decccd20', 'test_data_id': 'pin-buyer_24_minimal', 'xpaths': [{'xpath': 'PriorInformationNotice/ext:UBLExtensions/ext:UBLExtension/ext:ExtensionContent/efext:EformsExtension/efac:Organizations/efac:Organization/efac:Company/cac:PostalAddress', 'value': None}]}, {'test_data_suite_oid': '6809839e9090eed3decccd14', 'test_data_suite_id': 'sdk_examples_pin-1.3', 'test_data_oid': '6809839e9090eed3decccd21', 'test_data_id': 'pin-only_24', 'xpaths': [{'xpath': 'PriorInformationNotice/ext:UBLExtensions/ext:UBLExtension/ext:ExtensionContent/efext:EformsExtension/efac:Organizations/efac:Organization/efac:Company/cac:PostalAddress', 'value': None}, {'xpath': 'PriorInformationNotice/ext:UBLExtensions/ext:UBLExtension/ext:ExtensionContent/efext:EformsExtension/efac:Organizations/efac:Organization/efac:Company/cac:PostalAddress', 'value': None}, {'xpath': 'PriorInformationNotice/ext:UBLExtensions/ext:UBLExtension/ext:ExtensionContent/efext:EformsExtension/efac:Organizations/efac:Organization/efac:Company/cac:PostalAddress', 'value': None}]}], 'is_covered': True, 'xpath_conditions': [{'xpath_condition': '', 'meets_xpath_condition': True}], 'message': None}"
353,2025-04-24 00:48:48.746065+00:00,"{'sdk_element_id': 'BT-16-Organization-Company', 'sdk_element_title': 'Organisation Part Name', 'sdk_element_xpath': '/*/ext:UBLExtensions/ext:UBLExtension/ext:ExtensionContent/efext:EformsExtension/efac:Organizations/efac:Organization/efac:Company/cac:PostalAddress/cbc:Department', 'test_data_xpaths': [{'test_data_suite_oid': '6809839e9090eed3decccd14', 'test_data_suite_id': 'sdk_examples_pin-1.3', 'test_data_oid': '6809839e9090eed3decccd18', 'test_data_id': 'qu-sy_25', 'xpaths': [{'xpath': 'PriorInformationNotice/ext:UBLExtensions/ext:UBLExtension/ext:ExtensionContent/efext:EformsExtension/efac:Organizations/efac:Organization/efac:Company/cac:PostalAddress/cbc:Department', 'value': 'Acquisti e appalti'}]}, {'test_data_suite_oid': '6809839e9090eed3decccd14', 'test_data_suite_id': 'sdk_examples_pin-1.3', 'test_data_oid': '6809839e9090eed3decccd19', 'test_data_id': 'CEI', 'xpaths': [{'xpath': 'PriorInformationNotice/ext:UBLExtensions/ext:UBLExtension/ext:ExtensionContent/efext:EformsExtension/efac:Organizations/efac:Organization/efac:Company/cac:PostalAddress/cbc:Department', 'value': 'DG EPRS — Directorate B Impact Assessment and European Added Value'}, {'xpath': 'PriorInformationNotice/ext:UBLExtensions/ext:UBLExtension/ext:ExtensionContent/efext:EformsExtension/efac:Organizations/efac:Organization/efac:Company/cac:PostalAddress/cbc:Department', 'value': 'General Court'}]}, {'test_data_suite_oid': '6809839e9090eed3decccd14', 'test_data_suite_id': 'sdk_examples_pin-1.3', 'test_data_oid': '6809839e9090eed3decccd1a', 'test_data_id': 'pin-cfc_25', 'xpaths': [{'xpath': 'PriorInformationNotice/ext:UBLExtensions/ext:UBLExtension/ext:ExtensionContent/efext:EformsExtension/efac:Organizations/efac:Organization/efac:Company/cac:PostalAddress/cbc:Department', 'value': 'Zentraleinkauf'}]}, {'test_data_suite_oid': '6809839e9090eed3decccd14', 'test_data_suite_id': 'sdk_examples_pin-1.3', 'test_data_oid': '6809839e9090eed3decccd1c', 'test_data_id': 'pin-only_24_lots', 'xpaths': [{'xpath': 'PriorInformationNotice/ext:UBLExtensions/ext:UBLExtension/ext:ExtensionContent/efext:EformsExtension/efac:Organizations/efac:Organization/efac:Company/cac:PostalAddress/cbc:Department', 'value': 'n/a'}]}, {'test_data_suite_oid': '6809839e9090eed3decccd14', 'test_data_suite_id': 'sdk_examples_pin-1.3', 'test_data_oid': '6809839e9090eed3decccd1d', 'test_data_id': 'pin-only_24_maximal', 'xpaths': [{'xpath': 'PriorInformationNotice/ext:UBLExtensions/ext:UBLExtension/ext:ExtensionContent/efext:EformsExtension/efac:Organizations/efac:Organization/efac:Company/cac:PostalAddress/cbc:Department', 'value': 'Finance'}, {'xpath': 'PriorInformationNotice/ext:UBLExtensions/ext:UBLExtension/ext:ExtensionContent/efext:EformsExtension/efac:Organizations/efac:Organization/efac:Company/cac:PostalAddress/cbc:Department', 'value': 'Finance'}, {'xpath': 'PriorInformationNotice/ext:UBLExtensions/ext:UBLExtension/ext:ExtensionContent/efext:EformsExtension/efac:Organizations/efac:Organization/efac:Company/cac:PostalAddress/cbc:Department', 'value': 'Finance'}, {'xpath': 'PriorInformationNotice/ext:UBLExtensions/ext:UBLExtension/ext:ExtensionContent/efext:EformsExtension/efac:Organizations/efac:Organization/efac:Company/cac:PostalAddress/cbc:Department', 'value': 'Finance'}, {'xpath': 'PriorInformationNotice/ext:UBLExtensions/ext:UBLExtension/ext:ExtensionContent/efext:EformsExtension/efac:Organizations/efac:Organization/efac:Company/cac:PostalAddress/cbc:Department', 'value': 'Finance'}, {'xpath': 'PriorInformationNotice/ext:UBLExtensions/ext:UBLExtension/ext:ExtensionContent/efext:EformsExtension/efac:Organizations/efac:Organization/efac:Company/cac:PostalAddress/cbc:Department', 'value': 'Finance'}, {'xpath': 'PriorInformationNotice/ext:UBLExtensions/ext:UBLExtension/ext:ExtensionContent/efext:EformsExtension/efac:Organizations/efac:Organization/efac:Company/cac:PostalAddress/cbc:Department', 'value': 'Finance'}, {'xpath': 'PriorInformationNotice/ext:UBLExtensions/ext:UBLExtension/ext:ExtensionContent/efext:EformsExtension/efac:Organizations/efac:Organization/efac:Company/cac:PostalAddress/cbc:Department', 'value': 'Finance'}, {'xpath': 'PriorInformationNotice/ext:UBLExtensions/ext:UBLExtension/ext:ExtensionContent/efext:EformsExtension/efac:Organizations/efac:Organization/efac:Company/cac:PostalAddress/cbc:Department', 'value': 'Finance'}, {'xpath': 'PriorInformationNotice/ext:UBLExtensions/ext:UBLExtension/ext:ExtensionContent/efext:EformsExtension/efac:Organizations/efac:Organization/efac:Company/cac:PostalAddress/cbc:Department', 'value': 'Finance'}, {'xpath': 'PriorInformationNotice/ext:UBLExtensions/ext:UBLExtension/ext:ExtensionContent/efext:EformsExtension/efac:Organizations/efac:Organization/efac:Company/cac:PostalAddress/cbc:Department', 'value': 'Finance'}]}], 'is_covered': True, 'xpath_conditions': [{'xpath_condition': '', 'meets_xpath_condition': True}], 'message': None}"
354,2025-04-24 00:48:48.746065+00:00,"{'sdk_element_id': 'BT-505-Organization-Company', 'sdk_element_title': 'Organisation Internet Address', 'sdk_element_xpath': '/*/ext:UBLExtensions/ext:UBLExtension/ext:ExtensionContent/efext:EformsExtension/efac:Organizations/efac:Organization/efac:Company/cbc:WebsiteURI', 'test_data_xpaths': [{'test_data_suite_oid': '6809839e9090eed3decccd14', 'test_data_suite_id': 'sdk_examples_pin-1.3', 'test_data_oid': '6809839e9090eed3decccd15', 'test_data_id': 't01_PRT', 'xpaths': [{'xpath': 'PriorInformationNotice/ext:UBLExtensions/ext:UBLExtension/ext:ExtensionContent/efext:EformsExtension/efac:Organizations/efac:Organization/efac:Company/cbc:WebsiteURI', 'value': 'http://www.cm-agueda.pt'}, {'xpath': 'PriorInformationNotice/ext:UBLExtensions/ext:UBLExtension/ext:ExtensionContent/efext:EformsExtension/efac:Organizations/efac:Organization/efac:Company/cbc:WebsiteURI', 'value': 'https://esendercorp.eu'}]}, {'test_data_suite_oid': '6809839e9090eed3decccd14', 'test_data_suite_id': 'sdk_examples_pin-1.3', 'test_data_oid': '6809839e9090eed3decccd16', 'test_data_id': 'pin-buyer_24', 'xpaths': [{'xpath': 'PriorInformationNotice/ext:UBLExtensions/ext:UBLExtension/ext:ExtensionContent/efext:EformsExtension/efac:Organizations/efac:Organization/efac:Company/cbc:WebsiteURI', 'value': 'https://www.hsanmartino.it'}, {'xpath': 'PriorInformationNotice/ext:UBLExtensions/ext:UBLExtension/ext:ExtensionContent/efext:EformsExtension/efac:Organizations/efac:Organization/efac:Company/cbc:WebsiteURI', 'value': 'https://esendercorp.eu'}]}, {'test_data_suite_oid': '6809839e9090eed3decccd14', 'test_data_suite_id': 'sdk_examples_pin-1.3', 'test_data_oid': '6809839e9090eed3decccd17', 'test_data_id': 'pin-buyer_24_published', 'xpaths': [{'xpath': 'PriorInformationNotice/ext:UBLExtensions/ext:UBLExtension/ext:ExtensionContent/efext:EformsExtension/efac:Organizations/efac:Organization/efac:Company/cbc:WebsiteURI', 'value': 'https://www.hsanmartino.it'}, {'xpath': 'PriorInformationNotice/ext:UBLExtensions/ext:UBLExtension/ext:ExtensionContent/efext:EformsExtension/efac:Organizations/efac:Organization/efac:Company/cbc:WebsiteURI', 'value': 'https://esendercorp.eu'}]}, {'test_data_suite_oid': '6809839e9090eed3decccd14', 'test_data_suite_id': 'sdk_examples_pin-1.3', 'test_data_oid': '6809839e9090eed3decccd18', 'test_data_id': 'qu-sy_25', 'xpaths': [{'xpath': 'PriorInformationNotice/ext:UBLExtensions/ext:UBLExtension/ext:ExtensionContent/efext:EformsExtension/efac:Organizations/efac:Organization/efac:Company/cbc:WebsiteURI', 'value': 'http://www.acquebresciane.it'}, {'xpath': 'PriorInformationNotice/ext:UBLExtensions/ext:UBLExtension/ext:ExtensionContent/efext:EformsExtension/efac:Organizations/efac:Organization/efac:Company/cbc:WebsiteURI', 'value': 'https://example.it'}, {'xpath': 'PriorInformationNotice/ext:UBLExtensions/ext:UBLExtension/ext:ExtensionContent/efext:EformsExtension/efac:Organizations/efac:Organization/efac:Company/cbc:WebsiteURI', 'value': 'https://esendercorp.eu'}]}, {'test_data_suite_oid': '6809839e9090eed3decccd14', 'test_data_suite_id': 'sdk_examples_pin-1.3', 'test_data_oid': '6809839e9090eed3decccd19', 'test_data_id': 'CEI', 'xpaths': [{'xpath': 'PriorInformationNotice/ext:UBLExtensions/ext:UBLExtension/ext:ExtensionContent/efext:EformsExtension/efac:Organizations/efac:Organization/efac:Company/cbc:WebsiteURI', 'value': 'https://www.europarl.europa.eu/contracts-and-grants/en/list-of-notices/multiannual-calls/'}, {'xpath': 'PriorInformationNotice/ext:UBLExtensions/ext:UBLExtension/ext:ExtensionContent/efext:EformsExtension/efac:Organizations/efac:Organization/efac:Company/cbc:WebsiteURI', 'value': 'https://esendercorp.eu'}, {'xpath': 'PriorInformationNotice/ext:UBLExtensions/ext:UBLExtension/ext:ExtensionContent/efext:EformsExtension/efac:Organizations/efac:Organization/efac:Company/cbc:WebsiteURI', 'value': 'https://curia.europa.eu/jcms/jcms/Jo1_6308/fr/'}, {'xpath': 'PriorInformationNotice/ext:UBLExtensions/ext:UBLExtension/ext:ExtensionContent/efext:EformsExtension/efac:Organizations/efac:Organization/efac:Company/cbc:WebsiteURI', 'value': 'https://www.ombudsman.europa.eu/'}]}, {'test_data_suite_oid': '6809839e9090eed3decccd14', 'test_data_suite_id': 'sdk_examples_pin-1.3', 'test_data_oid': '6809839e9090eed3decccd1a', 'test_data_id': 'pin-cfc_25', 'xpaths': [{'xpath': 'PriorInformationNotice/ext:UBLExtensions/ext:UBLExtension/ext:ExtensionContent/efext:EformsExtension/efac:Organizations/efac:Organization/efac:Company/cbc:WebsiteURI', 'value': 'http://www.stuttgart-airport.com/'}, {'xpath': 'PriorInformationNotice/ext:UBLExtensions/ext:UBLExtension/ext:ExtensionContent/efext:EformsExtension/efac:Organizations/efac:Organization/efac:Company/cbc:WebsiteURI', 'value': 'http://www.rp-karlsruhe.de/servlet/PB/menu/1159131/index.html'}, {'xpath': 'PriorInformationNotice/ext:UBLExtensions/ext:UBLExtension/ext:ExtensionContent/efext:EformsExtension/efac:Organizations/efac:Organization/efac:Company/cbc:WebsiteURI', 'value': 'https://example-mediator.eu'}, {'xpath': 'PriorInformationNotice/ext:UBLExtensions/ext:UBLExtension/ext:ExtensionContent/efext:EformsExtension/efac:Organizations/efac:Organization/efac:Company/cbc:WebsiteURI', 'value': 'https://esendercorp.eu'}]}, {'test_data_suite_oid': '6809839e9090eed3decccd14', 'test_data_suite_id': 'sdk_examples_pin-1.3', 'test_data_oid': '6809839e9090eed3decccd1b', 'test_data_id': 'pin-only_81_FRA', 'xpaths': [{'xpath': 'PriorInformationNotice/ext:UBLExtensions/ext:UBLExtension/ext:ExtensionContent/efext:EformsExtension/efac:Organizations/efac:Organization/efac:Company/cbc:WebsiteURI', 'value': 'http://www.ixarm.com/fr'}, {'xpath': 'PriorInformationNotice/ext:UBLExtensions/ext:UBLExtension/ext:ExtensionContent/efext:EformsExtension/efac:Organizations/efac:Organization/efac:Company/cbc:WebsiteURI', 'value': 'https://esendercorp.eu'}]}, {'test_data_suite_oid': '6809839e9090eed3decccd14', 'test_data_suite_id': 'sdk_examples_pin-1.3', 'test_data_oid': '6809839e9090eed3decccd1c', 'test_data_id': 'pin-only_24_lots', 'xpaths': [{'xpath': 'PriorInformationNotice/ext:UBLExtensions/ext:UBLExtension/ext:ExtensionContent/efext:EformsExtension/efac:Organizations/efac:Organization/efac:Company/cbc:WebsiteURI', 'value': 'https://www.fusion21.co.uk/'}, {'xpath': 'PriorInformationNotice/ext:UBLExtensions/ext:UBLExtension/ext:ExtensionContent/efext:EformsExtension/efac:Organizations/efac:Organization/efac:Company/cbc:WebsiteURI', 'value': 'https://esendercorp.eu'}]}, {'test_data_suite_oid': '6809839e9090eed3decccd14', 'test_data_suite_id': 'sdk_examples_pin-1.3', 'test_data_oid': '6809839e9090eed3decccd1d', 'test_data_id': 'pin-only_24_maximal', 'xpaths': [{'xpath': 'PriorInformationNotice/ext:UBLExtensions/ext:UBLExtension/ext:ExtensionContent/efext:EformsExtension/efac:Organizations/efac:Organization/efac:Company/cbc:WebsiteURI', 'value': 'https://www.example.com'}, {'xpath': 'PriorInformationNotice/ext:UBLExtensions/ext:UBLExtension/ext:ExtensionContent/efext:EformsExtension/efac:Organizations/efac:Organization/efac:Company/cbc:WebsiteURI', 'value': 'https://www.example.com'}, {'xpath': 'PriorInformationNotice/ext:UBLExtensions/ext:UBLExtension/ext:ExtensionContent/efext:EformsExtension/efac:Organizations/efac:Organization/efac:Company/cbc:WebsiteURI', 'value': 'https://www.example.com'}, {'xpath': 'PriorInformationNotice/ext:UBLExtensions/ext:UBLExtension/ext:ExtensionContent/efext:EformsExtension/efac:Organizations/efac:Organization/efac:Company/cbc:WebsiteURI', 'value': 'https://www.example.com'}, {'xpath': 'PriorInformationNotice/ext:UBLExtensions/ext:UBLExtension/ext:ExtensionContent/efext:EformsExtension/efac:Organizations/efac:Organization/efac:Company/cbc:WebsiteURI', 'value': 'https://www.example.com'}, {'xpath': 'PriorInformationNotice/ext:UBLExtensions/ext:UBLExtension/ext:ExtensionContent/efext:EformsExtension/efac:Organizations/efac:Organization/efac:Company/cbc:WebsiteURI', 'value': 'https://www.example.com'}, {'xpath': 'PriorInformationNotice/ext:UBLExtensions/ext:UBLExtension/ext:ExtensionContent/efext:EformsExtension/efac:Organizations/efac:Organization/efac:Company/cbc:WebsiteURI', 'value': 'https://www.example.com'}, {'xpath': 'PriorInformationNotice/ext:UBLExtensions/ext:UBLExtension/ext:ExtensionContent/efext:EformsExtension/efac:Organizations/efac:Organization/efac:Company/cbc:WebsiteURI', 'value': 'https://www.example.com'}, {'xpath': 'PriorInformationNotice/ext:UBLExtensions/ext:UBLExtension/ext:ExtensionContent/efext:EformsExtension/efac:Organizations/efac:Organization/efac:Company/cbc:WebsiteURI', 'value': 'https://esendercorp.eu'}, {'xpath': 'PriorInformationNotice/ext:UBLExtensions/ext:UBLExtension/ext:ExtensionContent/efext:EformsExtension/efac:Organizations/efac:Organization/efac:Company/cbc:WebsiteURI', 'value': 'https://www.example.com'}, {'xpath': 'PriorInformationNotice/ext:UBLExtensions/ext:UBLExtension/ext:ExtensionContent/efext:EformsExtension/efac:Organizations/efac:Organization/efac:Company/cbc:WebsiteURI', 'value': 'https://www.example.com'}, {'xpath': 'PriorInformationNotice/ext:UBLExtensions/ext:UBLExtension/ext:ExtensionContent/efext:EformsExtension/efac:Organizations/efac:Organization/efac:Company/cbc:WebsiteURI', 'value': 'https://www.example.com'}]}, {'test_data_suite_oid': '6809839e9090eed3decccd14', 'test_data_suite_id': 'sdk_examples_pin-1.3', 'test_data_oid': '6809839e9090eed3decccd1e', 'test_data_id': 'pin-only_fin-reg', 'xpaths': [{'xpath': 'PriorInformationNotice/ext:UBLExtensions/ext:UBLExtension/ext:ExtensionContent/efext:EformsExtension/efac:Organizations/efac:Organization/efac:Company/cbc:WebsiteURI', 'value': 'https://www.partywebsiteuri1234.com'}, {'xpath': 'PriorInformationNotice/ext:UBLExtensions/ext:UBLExtension/ext:ExtensionContent/efext:EformsExtension/efac:Organizations/efac:Organization/efac:Company/cbc:WebsiteURI', 'value': 'https://appeal-example.com'}, {'xpath': 'PriorInformationNotice/ext:UBLExtensions/ext:UBLExtension/ext:ExtensionContent/efext:EformsExtension/efac:Organizations/efac:Organization/efac:Company/cbc:WebsiteURI', 'value': 'https://esendercorp.eu'}]}, {'test_data_suite_oid': '6809839e9090eed3decccd14', 'test_data_suite_id': 'sdk_examples_pin-1.3', 'test_data_oid': '6809839e9090eed3decccd1f', 'test_data_id': 'pin-only_81', 'xpaths': [{'xpath': 'PriorInformationNotice/ext:UBLExtensions/ext:UBLExtension/ext:ExtensionContent/efext:EformsExtension/efac:Organizations/efac:Organization/efac:Company/cbc:WebsiteURI', 'value': 'https://www.contracts.mod.uk'}, {'xpath': 'PriorInformationNotice/ext:UBLExtensions/ext:UBLExtension/ext:ExtensionContent/efext:EformsExtension/efac:Organizations/efac:Organization/efac:Company/cbc:WebsiteURI', 'value': 'https://esendercorp.eu'}]}, {'test_data_suite_oid': '6809839e9090eed3decccd14', 'test_data_suite_id': 'sdk_examples_pin-1.3', 'test_data_oid': '6809839e9090eed3decccd21', 'test_data_id': 'pin-only_24', 'xpaths': [{'xpath': 'PriorInformationNotice/ext:UBLExtensions/ext:UBLExtension/ext:ExtensionContent/efext:EformsExtension/efac:Organizations/efac:Organization/efac:Company/cbc:WebsiteURI', 'value': 'https://www.partywebsiteuri1234.com'}, {'xpath': 'PriorInformationNotice/ext:UBLExtensions/ext:UBLExtension/ext:ExtensionContent/efext:EformsExtension/efac:Organizations/efac:Organization/efac:Company/cbc:WebsiteURI', 'value': 'https://appeal-example.com'}, {'xpath': 'PriorInformationNotice/ext:UBLExtensions/ext:UBLExtension/ext:ExtensionContent/efext:EformsExtension/efac:Organizations/efac:Organization/efac:Company/cbc:WebsiteURI', 'value': 'https://esendercorp.eu'}]}], 'is_covered': True, 'xpath_conditions': [{'xpath_condition': '', 'meets_xpath_condition': True}], 'message': None}"
355,2025-04-24 00:48:48.746065+00:00,"{'sdk_element_id': 'BT-509-Organization-Company', 'sdk_element_title': 'Organisation eDelivery Gateway', 'sdk_element_xpath': '/*/ext:UBLExtensions/ext:UBLExtension/ext:ExtensionContent/efext:EformsExtension/efac:Organizations/efac:Organization/efac:Company/cbc:EndpointID', 'test_data_xpaths': [{'test_data_suite_oid': '6809839e9090eed3decccd14', 'test_data_suite_id': 'sdk_examples_pin-1.3', 'test_data_oid': '6809839e9090eed3decccd18', 'test_data_id': 'qu-sy_25', 'xpaths': [{'xpath': 'PriorInformationNotice/ext:UBLExtensions/ext:UBLExtension/ext:ExtensionContent/efext:EformsExtension/efac:Organizations/efac:Organization/efac:Company/cbc:EndpointID', 'value': 'https://acquebresciane.acquistitelematici.it/'}]}, {'test_data_suite_oid': '6809839e9090eed3decccd14', 'test_data_suite_id': 'sdk_examples_pin-1.3', 'test_data_oid': '6809839e9090eed3decccd19', 'test_data_id': 'CEI', 'xpaths': [{'xpath': 'PriorInformationNotice/ext:UBLExtensions/ext:UBLExtension/ext:ExtensionContent/efext:EformsExtension/efac:Organizations/efac:Organization/efac:Company/cbc:EndpointID', 'value': 'https://curia.europa.eu/e-Curia/login.faces'}, {'xpath': 'PriorInformationNotice/ext:UBLExtensions/ext:UBLExtension/ext:ExtensionContent/efext:EformsExtension/efac:Organizations/efac:Organization/efac:Company/cbc:EndpointID', 'value': 'https://www.ombudsman.europa.eu/en/contacts'}]}, {'test_data_suite_oid': '6809839e9090eed3decccd14', 'test_data_suite_id': 'sdk_examples_pin-1.3', 'test_data_oid': '6809839e9090eed3decccd1d', 'test_data_id': 'pin-only_24_maximal', 'xpaths': [{'xpath': 'PriorInformationNotice/ext:UBLExtensions/ext:UBLExtension/ext:ExtensionContent/efext:EformsExtension/efac:Organizations/efac:Organization/efac:Company/cbc:EndpointID', 'value': 'https://endpoint.example.com'}, {'xpath': 'PriorInformationNotice/ext:UBLExtensions/ext:UBLExtension/ext:ExtensionContent/efext:EformsExtension/efac:Organizations/efac:Organization/efac:Company/cbc:EndpointID', 'value': 'https://endpoint.example.com'}, {'xpath': 'PriorInformationNotice/ext:UBLExtensions/ext:UBLExtension/ext:ExtensionContent/efext:EformsExtension/efac:Organizations/efac:Organization/efac:Company/cbc:EndpointID', 'value': 'https://endpoint.example.com'}, {'xpath': 'PriorInformationNotice/ext:UBLExtensions/ext:UBLExtension/ext:ExtensionContent/efext:EformsExtension/efac:Organizations/efac:Organization/efac:Company/cbc:EndpointID', 'value': 'https://endpoint.example.com'}, {'xpath': 'PriorInformationNotice/ext:UBLExtensions/ext:UBLExtension/ext:ExtensionContent/efext:EformsExtension/efac:Organizations/efac:Organization/efac:Company/cbc:EndpointID', 'value': 'https://endpoint.example.com'}, {'xpath': 'PriorInformationNotice/ext:UBLExtensions/ext:UBLExtension/ext:ExtensionContent/efext:EformsExtension/efac:Organizations/efac:Organization/efac:Company/cbc:EndpointID', 'value': 'https://endpoint.example.com'}, {'xpath': 'PriorInformationNotice/ext:UBLExtensions/ext:UBLExtension/ext:ExtensionContent/efext:EformsExtension/efac:Organizations/efac:Organization/efac:Company/cbc:EndpointID', 'value': 'https://endpoint.example.com'}, {'xpath': 'PriorInformationNotice/ext:UBLExtensions/ext:UBLExtension/ext:ExtensionContent/efext:EformsExtension/efac:Organizations/efac:Organization/efac:Company/cbc:EndpointID', 'value': 'https://endpoint.example.com'}, {'xpath': 'PriorInformationNotice/ext:UBLExtensions/ext:UBLExtension/ext:ExtensionContent/efext:EformsExtension/efac:Organizations/efac:Organization/efac:Company/cbc:EndpointID', 'value': 'https://endpoint.example.com'}, {'xpath': 'PriorInformationNotice/ext:UBLExtensions/ext:UBLExtension/ext:ExtensionContent/efext:EformsExtension/efac:Organizations/efac:Organization/efac:Company/cbc:EndpointID', 'value': 'https://endpoint.example.com'}]}, {'test_data_suite_oid': '6809839e9090eed3decccd14', 'test_data_suite_id': 'sdk_examples_pin-1.3', 'test_data_oid': '6809839e9090eed3decccd1e', 'test_data_id': 'pin-only_fin-reg', 'xpaths': [{'xpath': 'PriorInformationNotice/ext:UBLExtensions/ext:UBLExtension/ext:ExtensionContent/efext:EformsExtension/efac:Organizations/efac:Organization/efac:Company/cbc:EndpointID', 'value': 'https://endpointuri1234.com'}]}, {'test_data_suite_oid': '6809839e9090eed3decccd14', 'test_data_suite_id': 'sdk_examples_pin-1.3', 'test_data_oid': '6809839e9090eed3decccd21', 'test_data_id': 'pin-only_24', 'xpaths': [{'xpath': 'PriorInformationNotice/ext:UBLExtensions/ext:UBLExtension/ext:ExtensionContent/efext:EformsExtension/efac:Organizations/efac:Organization/efac:Company/cbc:EndpointID', 'value': 'https://endpointuri1234.com'}]}], 'is_covered': True, 'xpath_conditions': [{'xpath_condition': '', 'meets_xpath_condition': True}], 'message': None}"
356,2025-04-24 00:48:48.746065+00:00,"{'sdk_element_id': 'BT-510(a)-Organization-Company', 'sdk_element_title': 'Street', 'sdk_element_xpath': '/*/ext:UBLExtensions/ext:UBLExtension/ext:ExtensionContent/efext:EformsExtension/efac:Organizations/efac:Organization/efac:Company/cac:PostalAddress/cbc:StreetName', 'test_data_xpaths': [{'test_data_suite_oid': '6809839e9090eed3decccd14', 'test_data_suite_id': 'sdk_examples_pin-1.3', 'test_data_oid': '6809839e9090eed3decccd15', 'test_data_id': 't01_PRT', 'xpaths': [{'xpath': 'PriorInformationNotice/ext:UBLExtensions/ext:UBLExtension/ext:ExtensionContent/efext:EformsExtension/efac:Organizations/efac:Organization/efac:Company/cac:PostalAddress/cbc:StreetName', 'value': 'Praça do Município'}]}, {'test_data_suite_oid': '6809839e9090eed3decccd14', 'test_data_suite_id': 'sdk_examples_pin-1.3', 'test_data_oid': '6809839e9090eed3decccd16', 'test_data_id': 'pin-buyer_24', 'xpaths': [{'xpath': 'PriorInformationNotice/ext:UBLExtensions/ext:UBLExtension/ext:ExtensionContent/efext:EformsExtension/efac:Organizations/efac:Organization/efac:Company/cac:PostalAddress/cbc:StreetName', 'value': 'largo Rosanna Benzi 10'}]}, {'test_data_suite_oid': '6809839e9090eed3decccd14', 'test_data_suite_id': 'sdk_examples_pin-1.3', 'test_data_oid': '6809839e9090eed3decccd17', 'test_data_id': 'pin-buyer_24_published', 'xpaths': [{'xpath': 'PriorInformationNotice/ext:UBLExtensions/ext:UBLExtension/ext:ExtensionContent/efext:EformsExtension/efac:Organizations/efac:Organization/efac:Company/cac:PostalAddress/cbc:StreetName', 'value': 'largo Rosanna Benzi 10'}]}, {'test_data_suite_oid': '6809839e9090eed3decccd14', 'test_data_suite_id': 'sdk_examples_pin-1.3', 'test_data_oid': '6809839e9090eed3decccd18', 'test_data_id': 'qu-sy_25', 'xpaths': [{'xpath': 'PriorInformationNotice/ext:UBLExtensions/ext:UBLExtension/ext:ExtensionContent/efext:EformsExtension/efac:Organizations/efac:Organization/efac:Company/cac:PostalAddress/cbc:StreetName', 'value': 'via XXV Aprile 18'}]}, {'test_data_suite_oid': '6809839e9090eed3decccd14', 'test_data_suite_id': 'sdk_examples_pin-1.3', 'test_data_oid': '6809839e9090eed3decccd19', 'test_data_id': 'CEI', 'xpaths': [{'xpath': 'PriorInformationNotice/ext:UBLExtensions/ext:UBLExtension/ext:ExtensionContent/efext:EformsExtension/efac:Organizations/efac:Organization/efac:Company/cac:PostalAddress/cbc:StreetName', 'value': 'Rue Wiertz 60,'}, {'xpath': 'PriorInformationNotice/ext:UBLExtensions/ext:UBLExtension/ext:ExtensionContent/efext:EformsExtension/efac:Organizations/efac:Organization/efac:Company/cac:PostalAddress/cbc:StreetName', 'value': 'Palais de la Cour de Justice'}, {'xpath': 'PriorInformationNotice/ext:UBLExtensions/ext:UBLExtension/ext:ExtensionContent/efext:EformsExtension/efac:Organizations/efac:Organization/efac:Company/cac:PostalAddress/cbc:StreetName', 'value': '1 avenue du Président Robert Schuman'}]}, {'test_data_suite_oid': '6809839e9090eed3decccd14', 'test_data_suite_id': 'sdk_examples_pin-1.3', 'test_data_oid': '6809839e9090eed3decccd1a', 'test_data_id': 'pin-cfc_25', 'xpaths': [{'xpath': 'PriorInformationNotice/ext:UBLExtensions/ext:UBLExtension/ext:ExtensionContent/efext:EformsExtension/efac:Organizations/efac:Organization/efac:Company/cac:PostalAddress/cbc:StreetName', 'value': 'Flughafenstraße 32'}, {'xpath': 'PriorInformationNotice/ext:UBLExtensions/ext:UBLExtension/ext:ExtensionContent/efext:EformsExtension/efac:Organizations/efac:Organization/efac:Company/cac:PostalAddress/cbc:StreetName', 'value': 'Duracher Allee 100'}, {'xpath': 'PriorInformationNotice/ext:UBLExtensions/ext:UBLExtension/ext:ExtensionContent/efext:EformsExtension/efac:Organizations/efac:Organization/efac:Company/cac:PostalAddress/cbc:StreetName', 'value': 'Some Street'}]}, {'test_data_suite_oid': '6809839e9090eed3decccd14', 'test_data_suite_id': 'sdk_examples_pin-1.3', 'test_data_oid': '6809839e9090eed3decccd1b', 'test_data_id': 'pin-only_81_FRA', 'xpaths': [{'xpath': 'PriorInformationNotice/ext:UBLExtensions/ext:UBLExtension/ext:ExtensionContent/efext:EformsExtension/efac:Organizations/efac:Organization/efac:Company/cac:PostalAddress/cbc:StreetName', 'value': 'BCRM de Toulon — BP 25'}]}, {'test_data_suite_oid': '6809839e9090eed3decccd14', 'test_data_suite_id': 'sdk_examples_pin-1.3', 'test_data_oid': '6809839e9090eed3decccd1c', 'test_data_id': 'pin-only_24_lots', 'xpaths': [{'xpath': 'PriorInformationNotice/ext:UBLExtensions/ext:UBLExtension/ext:ExtensionContent/efext:EformsExtension/efac:Organizations/efac:Organization/efac:Company/cac:PostalAddress/cbc:StreetName', 'value': 'Kings Business Park, Kings Drive'}]}, {'test_data_suite_oid': '6809839e9090eed3decccd14', 'test_data_suite_id': 'sdk_examples_pin-1.3', 'test_data_oid': '6809839e9090eed3decccd1d', 'test_data_id': 'pin-only_24_maximal', 'xpaths': [{'xpath': 'PriorInformationNotice/ext:UBLExtensions/ext:UBLExtension/ext:ExtensionContent/efext:EformsExtension/efac:Organizations/efac:Organization/efac:Company/cac:PostalAddress/cbc:StreetName', 'value': 'Bruce Wayne House'}, {'xpath': 'PriorInformationNotice/ext:UBLExtensions/ext:UBLExtension/ext:ExtensionContent/efext:EformsExtension/efac:Organizations/efac:Organization/efac:Company/cac:PostalAddress/cbc:StreetName', 'value': 'Bruce Wayne House'}, {'xpath': 'PriorInformationNotice/ext:UBLExtensions/ext:UBLExtension/ext:ExtensionContent/efext:EformsExtension/efac:Organizations/efac:Organization/efac:Company/cac:PostalAddress/cbc:StreetName', 'value': 'Bruce Wayne House'}, {'xpath': 'PriorInformationNotice/ext:UBLExtensions/ext:UBLExtension/ext:ExtensionContent/efext:EformsExtension/efac:Organizations/efac:Organization/efac:Company/cac:PostalAddress/cbc:StreetName', 'value': 'Bruce Wayne House'}, {'xpath': 'PriorInformationNotice/ext:UBLExtensions/ext:UBLExtension/ext:ExtensionContent/efext:EformsExtension/efac:Organizations/efac:Organization/efac:Company/cac:PostalAddress/cbc:StreetName', 'value': 'Bruce Wayne House'}, {'xpath': 'PriorInformationNotice/ext:UBLExtensions/ext:UBLExtension/ext:ExtensionContent/efext:EformsExtension/efac:Organizations/efac:Organization/efac:Company/cac:PostalAddress/cbc:StreetName', 'value': 'Bruce Wayne House'}, {'xpath': 'PriorInformationNotice/ext:UBLExtensions/ext:UBLExtension/ext:ExtensionContent/efext:EformsExtension/efac:Organizations/efac:Organization/efac:Company/cac:PostalAddress/cbc:StreetName', 'value': 'Bruce Wayne House'}, {'xpath': 'PriorInformationNotice/ext:UBLExtensions/ext:UBLExtension/ext:ExtensionContent/efext:EformsExtension/efac:Organizations/efac:Organization/efac:Company/cac:PostalAddress/cbc:StreetName', 'value': 'Bruce Wayne House'}, {'xpath': 'PriorInformationNotice/ext:UBLExtensions/ext:UBLExtension/ext:ExtensionContent/efext:EformsExtension/efac:Organizations/efac:Organization/efac:Company/cac:PostalAddress/cbc:StreetName', 'value': 'Bruce Wayne House'}, {'xpath': 'PriorInformationNotice/ext:UBLExtensions/ext:UBLExtension/ext:ExtensionContent/efext:EformsExtension/efac:Organizations/efac:Organization/efac:Company/cac:PostalAddress/cbc:StreetName', 'value': 'Bruce Wayne House'}, {'xpath': 'PriorInformationNotice/ext:UBLExtensions/ext:UBLExtension/ext:ExtensionContent/efext:EformsExtension/efac:Organizations/efac:Organization/efac:Company/cac:PostalAddress/cbc:StreetName', 'value': 'Bruce Wayne House'}]}, {'test_data_suite_oid': '6809839e9090eed3decccd14', 'test_data_suite_id': 'sdk_examples_pin-1.3', 'test_data_oid': '6809839e9090eed3decccd1e', 'test_data_id': 'pin-only_fin-reg', 'xpaths': [{'xpath': 'PriorInformationNotice/ext:UBLExtensions/ext:UBLExtension/ext:ExtensionContent/efext:EformsExtension/efac:Organizations/efac:Organization/efac:Company/cac:PostalAddress/cbc:StreetName', 'value': 'PartyNameStreetName1234'}, {'xpath': 'PriorInformationNotice/ext:UBLExtensions/ext:UBLExtension/ext:ExtensionContent/efext:EformsExtension/efac:Organizations/efac:Organization/efac:Company/cac:PostalAddress/cbc:StreetName', 'value': 'Some street'}]}, {'test_data_suite_oid': '6809839e9090eed3decccd14', 'test_data_suite_id': 'sdk_examples_pin-1.3', 'test_data_oid': '6809839e9090eed3decccd1f', 'test_data_id': 'pin-only_81', 'xpaths': [{'xpath': 'PriorInformationNotice/ext:UBLExtensions/ext:UBLExtension/ext:ExtensionContent/efext:EformsExtension/efac:Organizations/efac:Organization/efac:Company/cac:PostalAddress/cbc:StreetName', 'value': 'Ministry of Defence, C&C, Defence Medical Services (DMS), DMS Whittington'}]}, {'test_data_suite_oid': '6809839e9090eed3decccd14', 'test_data_suite_id': 'sdk_examples_pin-1.3', 'test_data_oid': '6809839e9090eed3decccd21', 'test_data_id': 'pin-only_24', 'xpaths': [{'xpath': 'PriorInformationNotice/ext:UBLExtensions/ext:UBLExtension/ext:ExtensionContent/efext:EformsExtension/efac:Organizations/efac:Organization/efac:Company/cac:PostalAddress/cbc:StreetName', 'value': 'PartyNameStreetName1234'}, {'xpath': 'PriorInformationNotice/ext:UBLExtensions/ext:UBLExtension/ext:ExtensionContent/efext:EformsExtension/efac:Organizations/efac:Organization/efac:Company/cac:PostalAddress/cbc:StreetName', 'value': 'Some street'}]}], 'is_covered': True, 'xpath_conditions': [{'xpath_condition': '', 'meets_xpath_condition': True}], 'message': None}"
357,2025-04-24 00:48:48.746065+00:00,"{'sdk_element_id': 'BT-510(b)-Organization-Company', 'sdk_element_title': 'Streetline 1', 'sdk_element_xpath': '/*/ext:UBLExtensions/ext:UBLExtension/ext:ExtensionContent/efext:EformsExtension/efac:Organizations/efac:Organization/efac:Company/cac:PostalAddress/cbc:AdditionalStreetName', 'test_data_xpaths': [{'test_data_suite_oid': '6809839e9090eed3decccd14', 'test_data_suite_id': 'sdk_examples_pin-1.3', 'test_data_oid': '6809839e9090eed3decccd19', 'test_data_id': 'CEI', 'xpaths': [{'xpath': 'PriorInformationNotice/ext:UBLExtensions/ext:UBLExtension/ext:ExtensionContent/efext:EformsExtension/efac:Organizations/efac:Organization/efac:Company/cac:PostalAddress/cbc:AdditionalStreetName', 'value': 'Office KOHL 02Y066'}, {'xpath': 'PriorInformationNotice/ext:UBLExtensions/ext:UBLExtension/ext:ExtensionContent/efext:EformsExtension/efac:Organizations/efac:Organization/efac:Company/cac:PostalAddress/cbc:AdditionalStreetName', 'value': 'Boulevard Konrad Adenauer'}, {'xpath': 'PriorInformationNotice/ext:UBLExtensions/ext:UBLExtension/ext:ExtensionContent/efext:EformsExtension/efac:Organizations/efac:Organization/efac:Company/cac:PostalAddress/cbc:AdditionalStreetName', 'value': 'CS 30403'}]}, {'test_data_suite_oid': '6809839e9090eed3decccd14', 'test_data_suite_id': 'sdk_examples_pin-1.3', 'test_data_oid': '6809839e9090eed3decccd1d', 'test_data_id': 'pin-only_24_maximal', 'xpaths': [{'xpath': 'PriorInformationNotice/ext:UBLExtensions/ext:UBLExtension/ext:ExtensionContent/efext:EformsExtension/efac:Organizations/efac:Organization/efac:Company/cac:PostalAddress/cbc:AdditionalStreetName', 'value': '2 Gotham Street'}, {'xpath': 'PriorInformationNotice/ext:UBLExtensions/ext:UBLExtension/ext:ExtensionContent/efext:EformsExtension/efac:Organizations/efac:Organization/efac:Company/cac:PostalAddress/cbc:AdditionalStreetName', 'value': '2 Gotham Street'}, {'xpath': 'PriorInformationNotice/ext:UBLExtensions/ext:UBLExtension/ext:ExtensionContent/efext:EformsExtension/efac:Organizations/efac:Organization/efac:Company/cac:PostalAddress/cbc:AdditionalStreetName', 'value': '2 Gotham Street'}, {'xpath': 'PriorInformationNotice/ext:UBLExtensions/ext:UBLExtension/ext:ExtensionContent/efext:EformsExtension/efac:Organizations/efac:Organization/efac:Company/cac:PostalAddress/cbc:AdditionalStreetName', 'value': '2 Gotham Street'}, {'xpath': 'PriorInformationNotice/ext:UBLExtensions/ext:UBLExtension/ext:ExtensionContent/efext:EformsExtension/efac:Organizations/efac:Organization/efac:Company/cac:PostalAddress/cbc:AdditionalStreetName', 'value': '2 Gotham Street'}, {'xpath': 'PriorInformationNotice/ext:UBLExtensions/ext:UBLExtension/ext:ExtensionContent/efext:EformsExtension/efac:Organizations/efac:Organization/efac:Company/cac:PostalAddress/cbc:AdditionalStreetName', 'value': '2 Gotham Street'}, {'xpath': 'PriorInformationNotice/ext:UBLExtensions/ext:UBLExtension/ext:ExtensionContent/efext:EformsExtension/efac:Organizations/efac:Organization/efac:Company/cac:PostalAddress/cbc:AdditionalStreetName', 'value': '2 Gotham Street'}, {'xpath': 'PriorInformationNotice/ext:UBLExtensions/ext:UBLExtension/ext:ExtensionContent/efext:EformsExtension/efac:Organizations/efac:Organization/efac:Company/cac:PostalAddress/cbc:AdditionalStreetName', 'value': '2 Gotham Street'}, {'xpath': 'PriorInformationNotice/ext:UBLExtensions/ext:UBLExtension/ext:ExtensionContent/efext:EformsExtension/efac:Organizations/efac:Organization/efac:Company/cac:PostalAddress/cbc:AdditionalStreetName', 'value': '2 Gotham Street'}, {'xpath': 'PriorInformationNotice/ext:UBLExtensions/ext:UBLExtension/ext:ExtensionContent/efext:EformsExtension/efac:Organizations/efac:Organization/efac:Company/cac:PostalAddress/cbc:AdditionalStreetName', 'value': '2 Gotham Street'}, {'xpath': 'PriorInformationNotice/ext:UBLExtensions/ext:UBLExtension/ext:ExtensionContent/efext:EformsExtension/efac:Organizations/efac:Organization/efac:Company/cac:PostalAddress/cbc:AdditionalStreetName', 'value': '2 Gotham Street'}]}], 'is_covered': True, 'xpath_conditions': [{'xpath_condition': '', 'meets_xpath_condition': True}], 'message': None}"
358,2025-04-24 00:48:48.746065+00:00,"{'sdk_element_id': 'BT-510(c)-Organization-Company', 'sdk_element_title': 'Streetline 2', 'sdk_element_xpath': '/*/ext:UBLExtensions/ext:UBLExtension/ext:ExtensionContent/efext:EformsExtension/efac:Organizations/efac:Organization/efac:Company/cac:PostalAddress/cac:AddressLine/cbc:Line', 'test_data_xpaths': [{'test_data_suite_oid': '6809839e9090eed3decccd14', 'test_data_suite_id': 'sdk_examples_pin-1.3', 'test_data_oid': '6809839e9090eed3decccd19', 'test_data_id': 'CEI', 'xpaths': [{'xpath': 'PriorInformationNotice/ext:UBLExtensions/ext:UBLExtension/ext:ExtensionContent/efext:EformsExtension/efac:Organizations/efac:Organization/efac:Company/cac:PostalAddress/cac:AddressLine/cbc:Line', 'value': 'Kirchberg'}]}], 'is_covered': True, 'xpath_conditions': [{'xpath_condition': '', 'meets_xpath_condition': True}], 'message': None}"
359,2025-04-24 00:48:48.746065+00:00,"{'sdk_element_id': 'BT-513-Organization-Company', 'sdk_element_title': 'Organisation City', 'sdk_element_xpath': '/*/ext:UBLExtensions/ext:UBLExtension/ext:ExtensionContent/efext:EformsExtension/efac:Organizations/efac:Organization/efac:Company/cac:PostalAddress/cbc:CityName', 'test_data_xpaths': [{'test_data_suite_oid': '6809839e9090eed3decccd14', 'test_data_suite_id': 'sdk_examples_pin-1.3', 'test_data_oid': '6809839e9090eed3decccd15', 'test_data_id': 't01_PRT', 'xpaths': [{'xpath': 'PriorInformationNotice/ext:UBLExtensions/ext:UBLExtension/ext:ExtensionContent/efext:EformsExtension/efac:Organizations/efac:Organization/efac:Company/cac:PostalAddress/cbc:CityName', 'value': 'Águeda'}, {'xpath': 'PriorInformationNotice/ext:UBLExtensions/ext:UBLExtension/ext:ExtensionContent/efext:EformsExtension/efac:Organizations/efac:Organization/efac:Company/cac:PostalAddress/cbc:CityName', 'value': 'Luxembourg'}]}, {'test_data_suite_oid': '6809839e9090eed3decccd14', 'test_data_suite_id': 'sdk_examples_pin-1.3', 'test_data_oid': '6809839e9090eed3decccd16', 'test_data_id': 'pin-buyer_24', 'xpaths': [{'xpath': 'PriorInformationNotice/ext:UBLExtensions/ext:UBLExtension/ext:ExtensionContent/efext:EformsExtension/efac:Organizations/efac:Organization/efac:Company/cac:PostalAddress/cbc:CityName', 'value': 'Genova'}, {'xpath': 'PriorInformationNotice/ext:UBLExtensions/ext:UBLExtension/ext:ExtensionContent/efext:EformsExtension/efac:Organizations/efac:Organization/efac:Company/cac:PostalAddress/cbc:CityName', 'value': 'Luxembourg'}]}, {'test_data_suite_oid': '6809839e9090eed3decccd14', 'test_data_suite_id': 'sdk_examples_pin-1.3', 'test_data_oid': '6809839e9090eed3decccd17', 'test_data_id': 'pin-buyer_24_published', 'xpaths': [{'xpath': 'PriorInformationNotice/ext:UBLExtensions/ext:UBLExtension/ext:ExtensionContent/efext:EformsExtension/efac:Organizations/efac:Organization/efac:Company/cac:PostalAddress/cbc:CityName', 'value': 'Genova'}, {'xpath': 'PriorInformationNotice/ext:UBLExtensions/ext:UBLExtension/ext:ExtensionContent/efext:EformsExtension/efac:Organizations/efac:Organization/efac:Company/cac:PostalAddress/cbc:CityName', 'value': 'Luxembourg'}]}, {'test_data_suite_oid': '6809839e9090eed3decccd14', 'test_data_suite_id': 'sdk_examples_pin-1.3', 'test_data_oid': '6809839e9090eed3decccd18', 'test_data_id': 'qu-sy_25', 'xpaths': [{'xpath': 'PriorInformationNotice/ext:UBLExtensions/ext:UBLExtension/ext:ExtensionContent/efext:EformsExtension/efac:Organizations/efac:Organization/efac:Company/cac:PostalAddress/cbc:CityName', 'value': 'Rovato'}, {'xpath': 'PriorInformationNotice/ext:UBLExtensions/ext:UBLExtension/ext:ExtensionContent/efext:EformsExtension/efac:Organizations/efac:Organization/efac:Company/cac:PostalAddress/cbc:CityName', 'value': 'Brescia'}, {'xpath': 'PriorInformationNotice/ext:UBLExtensions/ext:UBLExtension/ext:ExtensionContent/efext:EformsExtension/efac:Organizations/efac:Organization/efac:Company/cac:PostalAddress/cbc:CityName', 'value': 'Luxembourg'}]}, {'test_data_suite_oid': '6809839e9090eed3decccd14', 'test_data_suite_id': 'sdk_examples_pin-1.3', 'test_data_oid': '6809839e9090eed3decccd19', 'test_data_id': 'CEI', 'xpaths': [{'xpath': 'PriorInformationNotice/ext:UBLExtensions/ext:UBLExtension/ext:ExtensionContent/efext:EformsExtension/efac:Organizations/efac:Organization/efac:Company/cac:PostalAddress/cbc:CityName', 'value': 'Brussels'}, {'xpath': 'PriorInformationNotice/ext:UBLExtensions/ext:UBLExtension/ext:ExtensionContent/efext:EformsExtension/efac:Organizations/efac:Organization/efac:Company/cac:PostalAddress/cbc:CityName', 'value': 'Luxembourg'}, {'xpath': 'PriorInformationNotice/ext:UBLExtensions/ext:UBLExtension/ext:ExtensionContent/efext:EformsExtension/efac:Organizations/efac:Organization/efac:Company/cac:PostalAddress/cbc:CityName', 'value': 'Luxembourg'}, {'xpath': 'PriorInformationNotice/ext:UBLExtensions/ext:UBLExtension/ext:ExtensionContent/efext:EformsExtension/efac:Organizations/efac:Organization/efac:Company/cac:PostalAddress/cbc:CityName', 'value': 'STRASBOURG CEDEX'}]}, {'test_data_suite_oid': '6809839e9090eed3decccd14', 'test_data_suite_id': 'sdk_examples_pin-1.3', 'test_data_oid': '6809839e9090eed3decccd1a', 'test_data_id': 'pin-cfc_25', 'xpaths': [{'xpath': 'PriorInformationNotice/ext:UBLExtensions/ext:UBLExtension/ext:ExtensionContent/efext:EformsExtension/efac:Organizations/efac:Organization/efac:Company/cac:PostalAddress/cbc:CityName', 'value': 'Stuttgart'}, {'xpath': 'PriorInformationNotice/ext:UBLExtensions/ext:UBLExtension/ext:ExtensionContent/efext:EformsExtension/efac:Organizations/efac:Organization/efac:Company/cac:PostalAddress/cbc:CityName', 'value': 'Karlsruhe'}, {'xpath': 'PriorInformationNotice/ext:UBLExtensions/ext:UBLExtension/ext:ExtensionContent/efext:EformsExtension/efac:Organizations/efac:Organization/efac:Company/cac:PostalAddress/cbc:CityName', 'value': 'Example City'}, {'xpath': 'PriorInformationNotice/ext:UBLExtensions/ext:UBLExtension/ext:ExtensionContent/efext:EformsExtension/efac:Organizations/efac:Organization/efac:Company/cac:PostalAddress/cbc:CityName', 'value': 'Luxembourg'}]}, {'test_data_suite_oid': '6809839e9090eed3decccd14', 'test_data_suite_id': 'sdk_examples_pin-1.3', 'test_data_oid': '6809839e9090eed3decccd1b', 'test_data_id': 'pin-only_81_FRA', 'xpaths': [{'xpath': 'PriorInformationNotice/ext:UBLExtensions/ext:UBLExtension/ext:ExtensionContent/efext:EformsExtension/efac:Organizations/efac:Organization/efac:Company/cac:PostalAddress/cbc:CityName', 'value': 'Toulon Cedex 9'}, {'xpath': 'PriorInformationNotice/ext:UBLExtensions/ext:UBLExtension/ext:ExtensionContent/efext:EformsExtension/efac:Organizations/efac:Organization/efac:Company/cac:PostalAddress/cbc:CityName', 'value': 'Luxembourg'}]}, {'test_data_suite_oid': '6809839e9090eed3decccd14', 'test_data_suite_id': 'sdk_examples_pin-1.3', 'test_data_oid': '6809839e9090eed3decccd1c', 'test_data_id': 'pin-only_24_lots', 'xpaths': [{'xpath': 'PriorInformationNotice/ext:UBLExtensions/ext:UBLExtension/ext:ExtensionContent/efext:EformsExtension/efac:Organizations/efac:Organization/efac:Company/cac:PostalAddress/cbc:CityName', 'value': 'Prescot'}, {'xpath': 'PriorInformationNotice/ext:UBLExtensions/ext:UBLExtension/ext:ExtensionContent/efext:EformsExtension/efac:Organizations/efac:Organization/efac:Company/cac:PostalAddress/cbc:CityName', 'value': 'Luxembourg'}]}, {'test_data_suite_oid': '6809839e9090eed3decccd14', 'test_data_suite_id': 'sdk_examples_pin-1.3', 'test_data_oid': '6809839e9090eed3decccd1d', 'test_data_id': 'pin-only_24_maximal', 'xpaths': [{'xpath': 'PriorInformationNotice/ext:UBLExtensions/ext:UBLExtension/ext:ExtensionContent/efext:EformsExtension/efac:Organizations/efac:Organization/efac:Company/cac:PostalAddress/cbc:CityName', 'value': 'London'}, {'xpath': 'PriorInformationNotice/ext:UBLExtensions/ext:UBLExtension/ext:ExtensionContent/efext:EformsExtension/efac:Organizations/efac:Organization/efac:Company/cac:PostalAddress/cbc:CityName', 'value': 'London'}, {'xpath': 'PriorInformationNotice/ext:UBLExtensions/ext:UBLExtension/ext:ExtensionContent/efext:EformsExtension/efac:Organizations/efac:Organization/efac:Company/cac:PostalAddress/cbc:CityName', 'value': 'London'}, {'xpath': 'PriorInformationNotice/ext:UBLExtensions/ext:UBLExtension/ext:ExtensionContent/efext:EformsExtension/efac:Organizations/efac:Organization/efac:Company/cac:PostalAddress/cbc:CityName', 'value': 'London'}, {'xpath': 'PriorInformationNotice/ext:UBLExtensions/ext:UBLExtension/ext:ExtensionContent/efext:EformsExtension/efac:Organizations/efac:Organization/efac:Company/cac:PostalAddress/cbc:CityName', 'value': 'London'}, {'xpath': 'PriorInformationNotice/ext:UBLExtensions/ext:UBLExtension/ext:ExtensionContent/efext:EformsExtension/efac:Organizations/efac:Organization/efac:Company/cac:PostalAddress/cbc:CityName', 'value': 'London'}, {'xpath': 'PriorInformationNotice/ext:UBLExtensions/ext:UBLExtension/ext:ExtensionContent/efext:EformsExtension/efac:Organizations/efac:Organization/efac:Company/cac:PostalAddress/cbc:CityName', 'value': 'London'}, {'xpath': 'PriorInformationNotice/ext:UBLExtensions/ext:UBLExtension/ext:ExtensionContent/efext:EformsExtension/efac:Organizations/efac:Organization/efac:Company/cac:PostalAddress/cbc:CityName', 'value': 'London'}, {'xpath': 'PriorInformationNotice/ext:UBLExtensions/ext:UBLExtension/ext:ExtensionContent/efext:EformsExtension/efac:Organizations/efac:Organization/efac:Company/cac:PostalAddress/cbc:CityName', 'value': 'Luxembourg'}, {'xpath': 'PriorInformationNotice/ext:UBLExtensions/ext:UBLExtension/ext:ExtensionContent/efext:EformsExtension/efac:Organizations/efac:Organization/efac:Company/cac:PostalAddress/cbc:CityName', 'value': 'London'}, {'xpath': 'PriorInformationNotice/ext:UBLExtensions/ext:UBLExtension/ext:ExtensionContent/efext:EformsExtension/efac:Organizations/efac:Organization/efac:Company/cac:PostalAddress/cbc:CityName', 'value': 'London'}, {'xpath': 'PriorInformationNotice/ext:UBLExtensions/ext:UBLExtension/ext:ExtensionContent/efext:EformsExtension/efac:Organizations/efac:Organization/efac:Company/cac:PostalAddress/cbc:CityName', 'value': 'London'}]}, {'test_data_suite_oid': '6809839e9090eed3decccd14', 'test_data_suite_id': 'sdk_examples_pin-1.3', 'test_data_oid': '6809839e9090eed3decccd1e', 'test_data_id': 'pin-only_fin-reg', 'xpaths': [{'xpath': 'PriorInformationNotice/ext:UBLExtensions/ext:UBLExtension/ext:ExtensionContent/efext:EformsExtension/efac:Organizations/efac:Organization/efac:Company/cac:PostalAddress/cbc:CityName', 'value': 'City1234'}, {'xpath': 'PriorInformationNotice/ext:UBLExtensions/ext:UBLExtension/ext:ExtensionContent/efext:EformsExtension/efac:Organizations/efac:Organization/efac:Company/cac:PostalAddress/cbc:CityName', 'value': 'AppealCity'}, {'xpath': 'PriorInformationNotice/ext:UBLExtensions/ext:UBLExtension/ext:ExtensionContent/efext:EformsExtension/efac:Organizations/efac:Organization/efac:Company/cac:PostalAddress/cbc:CityName', 'value': 'Luxembourg'}]}, {'test_data_suite_oid': '6809839e9090eed3decccd14', 'test_data_suite_id': 'sdk_examples_pin-1.3', 'test_data_oid': '6809839e9090eed3decccd1f', 'test_data_id': 'pin-only_81', 'xpaths': [{'xpath': 'PriorInformationNotice/ext:UBLExtensions/ext:UBLExtension/ext:ExtensionContent/efext:EformsExtension/efac:Organizations/efac:Organization/efac:Company/cac:PostalAddress/cbc:CityName', 'value': 'Lichfield'}, {'xpath': 'PriorInformationNotice/ext:UBLExtensions/ext:UBLExtension/ext:ExtensionContent/efext:EformsExtension/efac:Organizations/efac:Organization/efac:Company/cac:PostalAddress/cbc:CityName', 'value': 'Luxembourg'}]}, {'test_data_suite_oid': '6809839e9090eed3decccd14', 'test_data_suite_id': 'sdk_examples_pin-1.3', 'test_data_oid': '6809839e9090eed3decccd20', 'test_data_id': 'pin-buyer_24_minimal', 'xpaths': [{'xpath': 'PriorInformationNotice/ext:UBLExtensions/ext:UBLExtension/ext:ExtensionContent/efext:EformsExtension/efac:Organizations/efac:Organization/efac:Company/cac:PostalAddress/cbc:CityName', 'value': 'Genova'}]}, {'test_data_suite_oid': '6809839e9090eed3decccd14', 'test_data_suite_id': 'sdk_examples_pin-1.3', 'test_data_oid': '6809839e9090eed3decccd21', 'test_data_id': 'pin-only_24', 'xpaths': [{'xpath': 'PriorInformationNotice/ext:UBLExtensions/ext:UBLExtension/ext:ExtensionContent/efext:EformsExtension/efac:Organizations/efac:Organization/efac:Company/cac:PostalAddress/cbc:CityName', 'value': 'City1234'}, {'xpath': 'PriorInformationNotice/ext:UBLExtensions/ext:UBLExtension/ext:ExtensionContent/efext:EformsExtension/efac:Organizations/efac:Organization/efac:Company/cac:PostalAddress/cbc:CityName', 'value': 'AppealCity'}, {'xpath': 'PriorInformationNotice/ext:UBLExtensions/ext:UBLExtension/ext:ExtensionContent/efext:EformsExtension/efac:Organizations/efac:Organization/efac:Company/cac:PostalAddress/cbc:CityName', 'value': 'Luxembourg'}]}], 'is_covered': True, 'xpath_conditions': [{'xpath_condition': '', 'meets_xpath_condition': True}, {'xpath_condition': 'exists(cbc:Department) or exists(cbc:StreetName) or exists(cbc:AdditionalStreetName) or exists(cac:AddressLine/cbc:Line)', 'meets_xpath_condition': True}], 'message': None}"
360,2025-04-24 00:48:48.746065+00:00,"{'sdk_element_id': 'BT-512-Organization-Company', 'sdk_element_title': 'Organisation Post Code', 'sdk_element_xpath': '/*/ext:UBLExtensions/ext:UBLExtension/ext:ExtensionContent/efext:EformsExtension/efac:Organizations/efac:Organization/efac:Company/cac:PostalAddress/cbc:PostalZone', 'test_data_xpaths': [{'test_data_suite_oid': '6809839e9090eed3decccd14', 'test_data_suite_id': 'sdk_examples_pin-1.3', 'test_data_oid': '6809839e9090eed3decccd15', 'test_data_id': 't01_PRT', 'xpaths': [{'xpath': 'PriorInformationNotice/ext:UBLExtensions/ext:UBLExtension/ext:ExtensionContent/efext:EformsExtension/efac:Organizations/efac:Organization/efac:Company/cac:PostalAddress/cbc:PostalZone', 'value': '3754-500'}, {'xpath': 'PriorInformationNotice/ext:UBLExtensions/ext:UBLExtension/ext:ExtensionContent/efext:EformsExtension/efac:Organizations/efac:Organization/efac:Company/cac:PostalAddress/cbc:PostalZone', 'value': '2985'}]}, {'test_data_suite_oid': '6809839e9090eed3decccd14', 'test_data_suite_id': 'sdk_examples_pin-1.3', 'test_data_oid': '6809839e9090eed3decccd16', 'test_data_id': 'pin-buyer_24', 'xpaths': [{'xpath': 'PriorInformationNotice/ext:UBLExtensions/ext:UBLExtension/ext:ExtensionContent/efext:EformsExtension/efac:Organizations/efac:Organization/efac:Company/cac:PostalAddress/cbc:PostalZone', 'value': '16132'}, {'xpath': 'PriorInformationNotice/ext:UBLExtensions/ext:UBLExtension/ext:ExtensionContent/efext:EformsExtension/efac:Organizations/efac:Organization/efac:Company/cac:PostalAddress/cbc:PostalZone', 'value': '2985'}]}, {'test_data_suite_oid': '6809839e9090eed3decccd14', 'test_data_suite_id': 'sdk_examples_pin-1.3', 'test_data_oid': '6809839e9090eed3decccd17', 'test_data_id': 'pin-buyer_24_published', 'xpaths': [{'xpath': 'PriorInformationNotice/ext:UBLExtensions/ext:UBLExtension/ext:ExtensionContent/efext:EformsExtension/efac:Organizations/efac:Organization/efac:Company/cac:PostalAddress/cbc:PostalZone', 'value': '16132'}, {'xpath': 'PriorInformationNotice/ext:UBLExtensions/ext:UBLExtension/ext:ExtensionContent/efext:EformsExtension/efac:Organizations/efac:Organization/efac:Company/cac:PostalAddress/cbc:PostalZone', 'value': '2985'}]}, {'test_data_suite_oid': '6809839e9090eed3decccd14', 'test_data_suite_id': 'sdk_examples_pin-1.3', 'test_data_oid': '6809839e9090eed3decccd18', 'test_data_id': 'qu-sy_25', 'xpaths': [{'xpath': 'PriorInformationNotice/ext:UBLExtensions/ext:UBLExtension/ext:ExtensionContent/efext:EformsExtension/efac:Organizations/efac:Organization/efac:Company/cac:PostalAddress/cbc:PostalZone', 'value': '25038'}, {'xpath': 'PriorInformationNotice/ext:UBLExtensions/ext:UBLExtension/ext:ExtensionContent/efext:EformsExtension/efac:Organizations/efac:Organization/efac:Company/cac:PostalAddress/cbc:PostalZone', 'value': '25121'}, {'xpath': 'PriorInformationNotice/ext:UBLExtensions/ext:UBLExtension/ext:ExtensionContent/efext:EformsExtension/efac:Organizations/efac:Organization/efac:Company/cac:PostalAddress/cbc:PostalZone', 'value': '2985'}]}, {'test_data_suite_oid': '6809839e9090eed3decccd14', 'test_data_suite_id': 'sdk_examples_pin-1.3', 'test_data_oid': '6809839e9090eed3decccd19', 'test_data_id': 'CEI', 'xpaths': [{'xpath': 'PriorInformationNotice/ext:UBLExtensions/ext:UBLExtension/ext:ExtensionContent/efext:EformsExtension/efac:Organizations/efac:Organization/efac:Company/cac:PostalAddress/cbc:PostalZone', 'value': '1047'}, {'xpath': 'PriorInformationNotice/ext:UBLExtensions/ext:UBLExtension/ext:ExtensionContent/efext:EformsExtension/efac:Organizations/efac:Organization/efac:Company/cac:PostalAddress/cbc:PostalZone', 'value': '2985'}, {'xpath': 'PriorInformationNotice/ext:UBLExtensions/ext:UBLExtension/ext:ExtensionContent/efext:EformsExtension/efac:Organizations/efac:Organization/efac:Company/cac:PostalAddress/cbc:PostalZone', 'value': '2925'}, {'xpath': 'PriorInformationNotice/ext:UBLExtensions/ext:UBLExtension/ext:ExtensionContent/efext:EformsExtension/efac:Organizations/efac:Organization/efac:Company/cac:PostalAddress/cbc:PostalZone', 'value': '67001'}]}, {'test_data_suite_oid': '6809839e9090eed3decccd14', 'test_data_suite_id': 'sdk_examples_pin-1.3', 'test_data_oid': '6809839e9090eed3decccd1a', 'test_data_id': 'pin-cfc_25', 'xpaths': [{'xpath': 'PriorInformationNotice/ext:UBLExtensions/ext:UBLExtension/ext:ExtensionContent/efext:EformsExtension/efac:Organizations/efac:Organization/efac:Company/cac:PostalAddress/cbc:PostalZone', 'value': '70629'}, {'xpath': 'PriorInformationNotice/ext:UBLExtensions/ext:UBLExtension/ext:ExtensionContent/efext:EformsExtension/efac:Organizations/efac:Organization/efac:Company/cac:PostalAddress/cbc:PostalZone', 'value': '76131'}, {'xpath': 'PriorInformationNotice/ext:UBLExtensions/ext:UBLExtension/ext:ExtensionContent/efext:EformsExtension/efac:Organizations/efac:Organization/efac:Company/cac:PostalAddress/cbc:PostalZone', 'value': 'ABC123'}, {'xpath': 'PriorInformationNotice/ext:UBLExtensions/ext:UBLExtension/ext:ExtensionContent/efext:EformsExtension/efac:Organizations/efac:Organization/efac:Company/cac:PostalAddress/cbc:PostalZone', 'value': '2985'}]}, {'test_data_suite_oid': '6809839e9090eed3decccd14', 'test_data_suite_id': 'sdk_examples_pin-1.3', 'test_data_oid': '6809839e9090eed3decccd1b', 'test_data_id': 'pin-only_81_FRA', 'xpaths': [{'xpath': 'PriorInformationNotice/ext:UBLExtensions/ext:UBLExtension/ext:ExtensionContent/efext:EformsExtension/efac:Organizations/efac:Organization/efac:Company/cac:PostalAddress/cbc:PostalZone', 'value': '83800'}, {'xpath': 'PriorInformationNotice/ext:UBLExtensions/ext:UBLExtension/ext:ExtensionContent/efext:EformsExtension/efac:Organizations/efac:Organization/efac:Company/cac:PostalAddress/cbc:PostalZone', 'value': '2985'}]}, {'test_data_suite_oid': '6809839e9090eed3decccd14', 'test_data_suite_id': 'sdk_examples_pin-1.3', 'test_data_oid': '6809839e9090eed3decccd1c', 'test_data_id': 'pin-only_24_lots', 'xpaths': [{'xpath': 'PriorInformationNotice/ext:UBLExtensions/ext:UBLExtension/ext:ExtensionContent/efext:EformsExtension/efac:Organizations/efac:Organization/efac:Company/cac:PostalAddress/cbc:PostalZone', 'value': 'L34 1PJ'}, {'xpath': 'PriorInformationNotice/ext:UBLExtensions/ext:UBLExtension/ext:ExtensionContent/efext:EformsExtension/efac:Organizations/efac:Organization/efac:Company/cac:PostalAddress/cbc:PostalZone', 'value': '2985'}]}, {'test_data_suite_oid': '6809839e9090eed3decccd14', 'test_data_suite_id': 'sdk_examples_pin-1.3', 'test_data_oid': '6809839e9090eed3decccd1d', 'test_data_id': 'pin-only_24_maximal', 'xpaths': [{'xpath': 'PriorInformationNotice/ext:UBLExtensions/ext:UBLExtension/ext:ExtensionContent/efext:EformsExtension/efac:Organizations/efac:Organization/efac:Company/cac:PostalAddress/cbc:PostalZone', 'value': 'N1 9FL'}, {'xpath': 'PriorInformationNotice/ext:UBLExtensions/ext:UBLExtension/ext:ExtensionContent/efext:EformsExtension/efac:Organizations/efac:Organization/efac:Company/cac:PostalAddress/cbc:PostalZone', 'value': 'N1 9FL'}, {'xpath': 'PriorInformationNotice/ext:UBLExtensions/ext:UBLExtension/ext:ExtensionContent/efext:EformsExtension/efac:Organizations/efac:Organization/efac:Company/cac:PostalAddress/cbc:PostalZone', 'value': 'N1 9FL'}, {'xpath': 'PriorInformationNotice/ext:UBLExtensions/ext:UBLExtension/ext:ExtensionContent/efext:EformsExtension/efac:Organizations/efac:Organization/efac:Company/cac:PostalAddress/cbc:PostalZone', 'value': 'N1 9FL'}, {'xpath': 'PriorInformationNotice/ext:UBLExtensions/ext:UBLExtension/ext:ExtensionContent/efext:EformsExtension/efac:Organizations/efac:Organization/efac:Company/cac:PostalAddress/cbc:PostalZone', 'value': 'N1 9FL'}, {'xpath': 'PriorInformationNotice/ext:UBLExtensions/ext:UBLExtension/ext:ExtensionContent/efext:EformsExtension/efac:Organizations/efac:Organization/efac:Company/cac:PostalAddress/cbc:PostalZone', 'value': 'N1 9FL'}, {'xpath': 'PriorInformationNotice/ext:UBLExtensions/ext:UBLExtension/ext:ExtensionContent/efext:EformsExtension/efac:Organizations/efac:Organization/efac:Company/cac:PostalAddress/cbc:PostalZone', 'value': 'N1 9FL'}, {'xpath': 'PriorInformationNotice/ext:UBLExtensions/ext:UBLExtension/ext:ExtensionContent/efext:EformsExtension/efac:Organizations/efac:Organization/efac:Company/cac:PostalAddress/cbc:PostalZone', 'value': 'N1 9FL'}, {'xpath': 'PriorInformationNotice/ext:UBLExtensions/ext:UBLExtension/ext:ExtensionContent/efext:EformsExtension/efac:Organizations/efac:Organization/efac:Company/cac:PostalAddress/cbc:PostalZone', 'value': '2985'}, {'xpath': 'PriorInformationNotice/ext:UBLExtensions/ext:UBLExtension/ext:ExtensionContent/efext:EformsExtension/efac:Organizations/efac:Organization/efac:Company/cac:PostalAddress/cbc:PostalZone', 'value': 'N1 9FL'}, {'xpath': 'PriorInformationNotice/ext:UBLExtensions/ext:UBLExtension/ext:ExtensionContent/efext:EformsExtension/efac:Organizations/efac:Organization/efac:Company/cac:PostalAddress/cbc:PostalZone', 'value': 'N1 9FL'}, {'xpath': 'PriorInformationNotice/ext:UBLExtensions/ext:UBLExtension/ext:ExtensionContent/efext:EformsExtension/efac:Organizations/efac:Organization/efac:Company/cac:PostalAddress/cbc:PostalZone', 'value': 'N1 9FL'}]}, {'test_data_suite_oid': '6809839e9090eed3decccd14', 'test_data_suite_id': 'sdk_examples_pin-1.3', 'test_data_oid': '6809839e9090eed3decccd1e', 'test_data_id': 'pin-only_fin-reg', 'xpaths': [{'xpath': 'PriorInformationNotice/ext:UBLExtensions/ext:UBLExtension/ext:ExtensionContent/efext:EformsExtension/efac:Organizations/efac:Organization/efac:Company/cac:PostalAddress/cbc:PostalZone', 'value': 'ABC123'}, {'xpath': 'PriorInformationNotice/ext:UBLExtensions/ext:UBLExtension/ext:ExtensionContent/efext:EformsExtension/efac:Organizations/efac:Organization/efac:Company/cac:PostalAddress/cbc:PostalZone', 'value': '12354'}, {'xpath': 'PriorInformationNotice/ext:UBLExtensions/ext:UBLExtension/ext:ExtensionContent/efext:EformsExtension/efac:Organizations/efac:Organization/efac:Company/cac:PostalAddress/cbc:PostalZone', 'value': '2985'}]}, {'test_data_suite_oid': '6809839e9090eed3decccd14', 'test_data_suite_id': 'sdk_examples_pin-1.3', 'test_data_oid': '6809839e9090eed3decccd1f', 'test_data_id': 'pin-only_81', 'xpaths': [{'xpath': 'PriorInformationNotice/ext:UBLExtensions/ext:UBLExtension/ext:ExtensionContent/efext:EformsExtension/efac:Organizations/efac:Organization/efac:Company/cac:PostalAddress/cbc:PostalZone', 'value': 'WS14 9PY'}, {'xpath': 'PriorInformationNotice/ext:UBLExtensions/ext:UBLExtension/ext:ExtensionContent/efext:EformsExtension/efac:Organizations/efac:Organization/efac:Company/cac:PostalAddress/cbc:PostalZone', 'value': '2985'}]}, {'test_data_suite_oid': '6809839e9090eed3decccd14', 'test_data_suite_id': 'sdk_examples_pin-1.3', 'test_data_oid': '6809839e9090eed3decccd20', 'test_data_id': 'pin-buyer_24_minimal', 'xpaths': [{'xpath': 'PriorInformationNotice/ext:UBLExtensions/ext:UBLExtension/ext:ExtensionContent/efext:EformsExtension/efac:Organizations/efac:Organization/efac:Company/cac:PostalAddress/cbc:PostalZone', 'value': 'ABC123'}]}, {'test_data_suite_oid': '6809839e9090eed3decccd14', 'test_data_suite_id': 'sdk_examples_pin-1.3', 'test_data_oid': '6809839e9090eed3decccd21', 'test_data_id': 'pin-only_24', 'xpaths': [{'xpath': 'PriorInformationNotice/ext:UBLExtensions/ext:UBLExtension/ext:ExtensionContent/efext:EformsExtension/efac:Organizations/efac:Organization/efac:Company/cac:PostalAddress/cbc:PostalZone', 'value': 'ABC123'}, {'xpath': 'PriorInformationNotice/ext:UBLExtensions/ext:UBLExtension/ext:ExtensionContent/efext:EformsExtension/efac:Organizations/efac:Organization/efac:Company/cac:PostalAddress/cbc:PostalZone', 'value': '12354'}, {'xpath': 'PriorInformationNotice/ext:UBLExtensions/ext:UBLExtension/ext:ExtensionContent/efext:EformsExtension/efac:Organizations/efac:Organization/efac:Company/cac:PostalAddress/cbc:PostalZone', 'value': '2985'}]}], 'is_covered': True, 'xpath_conditions': [{'xpath_condition': '', 'meets_xpath_condition': True}, {'xpath_condition': 'exists(cbc:Department) or exists(cbc:StreetName) or exists(cbc:AdditionalStreetName) or exists(cac:AddressLine/cbc:Line)', 'meets_xpath_condition': True}], 'message': None}"
361,2025-04-24 00:48:48.746065+00:00,"{'sdk_element_id': 'BT-507-Organization-Company', 'sdk_element_title': 'Organisation Country Subdivision', 'sdk_element_xpath': '/*/ext:UBLExtensions/ext:UBLExtension/ext:ExtensionContent/efext:EformsExtension/efac:Organizations/efac:Organization/efac:Company/cac:PostalAddress/cbc:CountrySubentityCode', 'test_data_xpaths': [{'test_data_suite_oid': '6809839e9090eed3decccd14', 'test_data_suite_id': 'sdk_examples_pin-1.3', 'test_data_oid': '6809839e9090eed3decccd15', 'test_data_id': 't01_PRT', 'xpaths': [{'xpath': 'PriorInformationNotice/ext:UBLExtensions/ext:UBLExtension/ext:ExtensionContent/efext:EformsExtension/efac:Organizations/efac:Organization/efac:Company/cac:PostalAddress/cbc:CountrySubentityCode', 'value': 'PT16D'}, {'xpath': 'PriorInformationNotice/ext:UBLExtensions/ext:UBLExtension/ext:ExtensionContent/efext:EformsExtension/efac:Organizations/efac:Organization/efac:Company/cac:PostalAddress/cbc:CountrySubentityCode', 'value': 'LU000'}]}, {'test_data_suite_oid': '6809839e9090eed3decccd14', 'test_data_suite_id': 'sdk_examples_pin-1.3', 'test_data_oid': '6809839e9090eed3decccd16', 'test_data_id': 'pin-buyer_24', 'xpaths': [{'xpath': 'PriorInformationNotice/ext:UBLExtensions/ext:UBLExtension/ext:ExtensionContent/efext:EformsExtension/efac:Organizations/efac:Organization/efac:Company/cac:PostalAddress/cbc:CountrySubentityCode', 'value': 'ITC33'}, {'xpath': 'PriorInformationNotice/ext:UBLExtensions/ext:UBLExtension/ext:ExtensionContent/efext:EformsExtension/efac:Organizations/efac:Organization/efac:Company/cac:PostalAddress/cbc:CountrySubentityCode', 'value': 'LU000'}]}, {'test_data_suite_oid': '6809839e9090eed3decccd14', 'test_data_suite_id': 'sdk_examples_pin-1.3', 'test_data_oid': '6809839e9090eed3decccd17', 'test_data_id': 'pin-buyer_24_published', 'xpaths': [{'xpath': 'PriorInformationNotice/ext:UBLExtensions/ext:UBLExtension/ext:ExtensionContent/efext:EformsExtension/efac:Organizations/efac:Organization/efac:Company/cac:PostalAddress/cbc:CountrySubentityCode', 'value': 'ITC33'}, {'xpath': 'PriorInformationNotice/ext:UBLExtensions/ext:UBLExtension/ext:ExtensionContent/efext:EformsExtension/efac:Organizations/efac:Organization/efac:Company/cac:PostalAddress/cbc:CountrySubentityCode', 'value': 'LU000'}]}, {'test_data_suite_oid': '6809839e9090eed3decccd14', 'test_data_suite_id': 'sdk_examples_pin-1.3', 'test_data_oid': '6809839e9090eed3decccd18', 'test_data_id': 'qu-sy_25', 'xpaths': [{'xpath': 'PriorInformationNotice/ext:UBLExtensions/ext:UBLExtension/ext:ExtensionContent/efext:EformsExtension/efac:Organizations/efac:Organization/efac:Company/cac:PostalAddress/cbc:CountrySubentityCode', 'value': 'ITC47'}, {'xpath': 'PriorInformationNotice/ext:UBLExtensions/ext:UBLExtension/ext:ExtensionContent/efext:EformsExtension/efac:Organizations/efac:Organization/efac:Company/cac:PostalAddress/cbc:CountrySubentityCode', 'value': 'ITC47'}, {'xpath': 'PriorInformationNotice/ext:UBLExtensions/ext:UBLExtension/ext:ExtensionContent/efext:EformsExtension/efac:Organizations/efac:Organization/efac:Company/cac:PostalAddress/cbc:CountrySubentityCode', 'value': 'LU000'}]}, {'test_data_suite_oid': '6809839e9090eed3decccd14', 'test_data_suite_id': 'sdk_examples_pin-1.3', 'test_data_oid': '6809839e9090eed3decccd19', 'test_data_id': 'CEI', 'xpaths': [{'xpath': 'PriorInformationNotice/ext:UBLExtensions/ext:UBLExtension/ext:ExtensionContent/efext:EformsExtension/efac:Organizations/efac:Organization/efac:Company/cac:PostalAddress/cbc:CountrySubentityCode', 'value': 'BE100'}, {'xpath': 'PriorInformationNotice/ext:UBLExtensions/ext:UBLExtension/ext:ExtensionContent/efext:EformsExtension/efac:Organizations/efac:Organization/efac:Company/cac:PostalAddress/cbc:CountrySubentityCode', 'value': 'LU000'}, {'xpath': 'PriorInformationNotice/ext:UBLExtensions/ext:UBLExtension/ext:ExtensionContent/efext:EformsExtension/efac:Organizations/efac:Organization/efac:Company/cac:PostalAddress/cbc:CountrySubentityCode', 'value': 'LU000'}, {'xpath': 'PriorInformationNotice/ext:UBLExtensions/ext:UBLExtension/ext:ExtensionContent/efext:EformsExtension/efac:Organizations/efac:Organization/efac:Company/cac:PostalAddress/cbc:CountrySubentityCode', 'value': 'FRF11'}]}, {'test_data_suite_oid': '6809839e9090eed3decccd14', 'test_data_suite_id': 'sdk_examples_pin-1.3', 'test_data_oid': '6809839e9090eed3decccd1a', 'test_data_id': 'pin-cfc_25', 'xpaths': [{'xpath': 'PriorInformationNotice/ext:UBLExtensions/ext:UBLExtension/ext:ExtensionContent/efext:EformsExtension/efac:Organizations/efac:Organization/efac:Company/cac:PostalAddress/cbc:CountrySubentityCode', 'value': 'DE113'}, {'xpath': 'PriorInformationNotice/ext:UBLExtensions/ext:UBLExtension/ext:ExtensionContent/efext:EformsExtension/efac:Organizations/efac:Organization/efac:Company/cac:PostalAddress/cbc:CountrySubentityCode', 'value': 'DE112'}, {'xpath': 'PriorInformationNotice/ext:UBLExtensions/ext:UBLExtension/ext:ExtensionContent/efext:EformsExtension/efac:Organizations/efac:Organization/efac:Company/cac:PostalAddress/cbc:CountrySubentityCode', 'value': 'UKI42'}, {'xpath': 'PriorInformationNotice/ext:UBLExtensions/ext:UBLExtension/ext:ExtensionContent/efext:EformsExtension/efac:Organizations/efac:Organization/efac:Company/cac:PostalAddress/cbc:CountrySubentityCode', 'value': 'LU000'}]}, {'test_data_suite_oid': '6809839e9090eed3decccd14', 'test_data_suite_id': 'sdk_examples_pin-1.3', 'test_data_oid': '6809839e9090eed3decccd1b', 'test_data_id': 'pin-only_81_FRA', 'xpaths': [{'xpath': 'PriorInformationNotice/ext:UBLExtensions/ext:UBLExtension/ext:ExtensionContent/efext:EformsExtension/efac:Organizations/efac:Organization/efac:Company/cac:PostalAddress/cbc:CountrySubentityCode', 'value': 'FRL04'}, {'xpath': 'PriorInformationNotice/ext:UBLExtensions/ext:UBLExtension/ext:ExtensionContent/efext:EformsExtension/efac:Organizations/efac:Organization/efac:Company/cac:PostalAddress/cbc:CountrySubentityCode', 'value': 'LU000'}]}, {'test_data_suite_oid': '6809839e9090eed3decccd14', 'test_data_suite_id': 'sdk_examples_pin-1.3', 'test_data_oid': '6809839e9090eed3decccd1c', 'test_data_id': 'pin-only_24_lots', 'xpaths': [{'xpath': 'PriorInformationNotice/ext:UBLExtensions/ext:UBLExtension/ext:ExtensionContent/efext:EformsExtension/efac:Organizations/efac:Organization/efac:Company/cac:PostalAddress/cbc:CountrySubentityCode', 'value': 'UKI32'}, {'xpath': 'PriorInformationNotice/ext:UBLExtensions/ext:UBLExtension/ext:ExtensionContent/efext:EformsExtension/efac:Organizations/efac:Organization/efac:Company/cac:PostalAddress/cbc:CountrySubentityCode', 'value': 'LU000'}]}, {'test_data_suite_oid': '6809839e9090eed3decccd14', 'test_data_suite_id': 'sdk_examples_pin-1.3', 'test_data_oid': '6809839e9090eed3decccd1d', 'test_data_id': 'pin-only_24_maximal', 'xpaths': [{'xpath': 'PriorInformationNotice/ext:UBLExtensions/ext:UBLExtension/ext:ExtensionContent/efext:EformsExtension/efac:Organizations/efac:Organization/efac:Company/cac:PostalAddress/cbc:CountrySubentityCode', 'value': 'UKI62'}, {'xpath': 'PriorInformationNotice/ext:UBLExtensions/ext:UBLExtension/ext:ExtensionContent/efext:EformsExtension/efac:Organizations/efac:Organization/efac:Company/cac:PostalAddress/cbc:CountrySubentityCode', 'value': 'UKI62'}, {'xpath': 'PriorInformationNotice/ext:UBLExtensions/ext:UBLExtension/ext:ExtensionContent/efext:EformsExtension/efac:Organizations/efac:Organization/efac:Company/cac:PostalAddress/cbc:CountrySubentityCode', 'value': 'UKI62'}, {'xpath': 'PriorInformationNotice/ext:UBLExtensions/ext:UBLExtension/ext:ExtensionContent/efext:EformsExtension/efac:Organizations/efac:Organization/efac:Company/cac:PostalAddress/cbc:CountrySubentityCode', 'value': 'UKI62'}, {'xpath': 'PriorInformationNotice/ext:UBLExtensions/ext:UBLExtension/ext:ExtensionContent/efext:EformsExtension/efac:Organizations/efac:Organization/efac:Company/cac:PostalAddress/cbc:CountrySubentityCode', 'value': 'UKI62'}, {'xpath': 'PriorInformationNotice/ext:UBLExtensions/ext:UBLExtension/ext:ExtensionContent/efext:EformsExtension/efac:Organizations/efac:Organization/efac:Company/cac:PostalAddress/cbc:CountrySubentityCode', 'value': 'UKI62'}, {'xpath': 'PriorInformationNotice/ext:UBLExtensions/ext:UBLExtension/ext:ExtensionContent/efext:EformsExtension/efac:Organizations/efac:Organization/efac:Company/cac:PostalAddress/cbc:CountrySubentityCode', 'value': 'UKI62'}, {'xpath': 'PriorInformationNotice/ext:UBLExtensions/ext:UBLExtension/ext:ExtensionContent/efext:EformsExtension/efac:Organizations/efac:Organization/efac:Company/cac:PostalAddress/cbc:CountrySubentityCode', 'value': 'UKI62'}, {'xpath': 'PriorInformationNotice/ext:UBLExtensions/ext:UBLExtension/ext:ExtensionContent/efext:EformsExtension/efac:Organizations/efac:Organization/efac:Company/cac:PostalAddress/cbc:CountrySubentityCode', 'value': 'LU000'}, {'xpath': 'PriorInformationNotice/ext:UBLExtensions/ext:UBLExtension/ext:ExtensionContent/efext:EformsExtension/efac:Organizations/efac:Organization/efac:Company/cac:PostalAddress/cbc:CountrySubentityCode', 'value': 'UKI62'}, {'xpath': 'PriorInformationNotice/ext:UBLExtensions/ext:UBLExtension/ext:ExtensionContent/efext:EformsExtension/efac:Organizations/efac:Organization/efac:Company/cac:PostalAddress/cbc:CountrySubentityCode', 'value': 'UKI62'}, {'xpath': 'PriorInformationNotice/ext:UBLExtensions/ext:UBLExtension/ext:ExtensionContent/efext:EformsExtension/efac:Organizations/efac:Organization/efac:Company/cac:PostalAddress/cbc:CountrySubentityCode', 'value': 'UKI62'}]}, {'test_data_suite_oid': '6809839e9090eed3decccd14', 'test_data_suite_id': 'sdk_examples_pin-1.3', 'test_data_oid': '6809839e9090eed3decccd1e', 'test_data_id': 'pin-only_fin-reg', 'xpaths': [{'xpath': 'PriorInformationNotice/ext:UBLExtensions/ext:UBLExtension/ext:ExtensionContent/efext:EformsExtension/efac:Organizations/efac:Organization/efac:Company/cac:PostalAddress/cbc:CountrySubentityCode', 'value': 'DE113'}, {'xpath': 'PriorInformationNotice/ext:UBLExtensions/ext:UBLExtension/ext:ExtensionContent/efext:EformsExtension/efac:Organizations/efac:Organization/efac:Company/cac:PostalAddress/cbc:CountrySubentityCode', 'value': 'DE113'}, {'xpath': 'PriorInformationNotice/ext:UBLExtensions/ext:UBLExtension/ext:ExtensionContent/efext:EformsExtension/efac:Organizations/efac:Organization/efac:Company/cac:PostalAddress/cbc:CountrySubentityCode', 'value': 'LU000'}]}, {'test_data_suite_oid': '6809839e9090eed3decccd14', 'test_data_suite_id': 'sdk_examples_pin-1.3', 'test_data_oid': '6809839e9090eed3decccd1f', 'test_data_id': 'pin-only_81', 'xpaths': [{'xpath': 'PriorInformationNotice/ext:UBLExtensions/ext:UBLExtension/ext:ExtensionContent/efext:EformsExtension/efac:Organizations/efac:Organization/efac:Company/cac:PostalAddress/cbc:CountrySubentityCode', 'value': 'UKI32'}, {'xpath': 'PriorInformationNotice/ext:UBLExtensions/ext:UBLExtension/ext:ExtensionContent/efext:EformsExtension/efac:Organizations/efac:Organization/efac:Company/cac:PostalAddress/cbc:CountrySubentityCode', 'value': 'LU000'}]}, {'test_data_suite_oid': '6809839e9090eed3decccd14', 'test_data_suite_id': 'sdk_examples_pin-1.3', 'test_data_oid': '6809839e9090eed3decccd20', 'test_data_id': 'pin-buyer_24_minimal', 'xpaths': [{'xpath': 'PriorInformationNotice/ext:UBLExtensions/ext:UBLExtension/ext:ExtensionContent/efext:EformsExtension/efac:Organizations/efac:Organization/efac:Company/cac:PostalAddress/cbc:CountrySubentityCode', 'value': 'ITF14'}]}, {'test_data_suite_oid': '6809839e9090eed3decccd14', 'test_data_suite_id': 'sdk_examples_pin-1.3', 'test_data_oid': '6809839e9090eed3decccd21', 'test_data_id': 'pin-only_24', 'xpaths': [{'xpath': 'PriorInformationNotice/ext:UBLExtensions/ext:UBLExtension/ext:ExtensionContent/efext:EformsExtension/efac:Organizations/efac:Organization/efac:Company/cac:PostalAddress/cbc:CountrySubentityCode', 'value': 'DE401'}, {'xpath': 'PriorInformationNotice/ext:UBLExtensions/ext:UBLExtension/ext:ExtensionContent/efext:EformsExtension/efac:Organizations/efac:Organization/efac:Company/cac:PostalAddress/cbc:CountrySubentityCode', 'value': 'DE113'}, {'xpath': 'PriorInformationNotice/ext:UBLExtensions/ext:UBLExtension/ext:ExtensionContent/efext:EformsExtension/efac:Organizations/efac:Organization/efac:Company/cac:PostalAddress/cbc:CountrySubentityCode', 'value': 'LU000'}]}], 'is_covered': True, 'xpath_conditions': [{'xpath_condition': '', 'meets_xpath_condition': True}], 'message': None}"
362,2025-04-24 00:48:48.746065+00:00,"{'sdk_element_id': 'BT-514-Organization-Company', 'sdk_element_title': 'Organisation Country Code', 'sdk_element_xpath': '/*/ext:UBLExtensions/ext:UBLExtension/ext:ExtensionContent/efext:EformsExtension/efac:Organizations/efac:Organization/efac:Company/cac:PostalAddress/cac:Country/cbc:IdentificationCode', 'test_data_xpaths': [{'test_data_suite_oid': '6809839e9090eed3decccd14', 'test_data_suite_id': 'sdk_examples_pin-1.3', 'test_data_oid': '6809839e9090eed3decccd15', 'test_data_id': 't01_PRT', 'xpaths': [{'xpath': 'PriorInformationNotice/ext:UBLExtensions/ext:UBLExtension/ext:ExtensionContent/efext:EformsExtension/efac:Organizations/efac:Organization/efac:Company/cac:PostalAddress/cac:Country/cbc:IdentificationCode', 'value': 'PRT'}, {'xpath': 'PriorInformationNotice/ext:UBLExtensions/ext:UBLExtension/ext:ExtensionContent/efext:EformsExtension/efac:Organizations/efac:Organization/efac:Company/cac:PostalAddress/cac:Country/cbc:IdentificationCode', 'value': 'LUX'}]}, {'test_data_suite_oid': '6809839e9090eed3decccd14', 'test_data_suite_id': 'sdk_examples_pin-1.3', 'test_data_oid': '6809839e9090eed3decccd16', 'test_data_id': 'pin-buyer_24', 'xpaths': [{'xpath': 'PriorInformationNotice/ext:UBLExtensions/ext:UBLExtension/ext:ExtensionContent/efext:EformsExtension/efac:Organizations/efac:Organization/efac:Company/cac:PostalAddress/cac:Country/cbc:IdentificationCode', 'value': 'ITA'}, {'xpath': 'PriorInformationNotice/ext:UBLExtensions/ext:UBLExtension/ext:ExtensionContent/efext:EformsExtension/efac:Organizations/efac:Organization/efac:Company/cac:PostalAddress/cac:Country/cbc:IdentificationCode', 'value': 'LUX'}]}, {'test_data_suite_oid': '6809839e9090eed3decccd14', 'test_data_suite_id': 'sdk_examples_pin-1.3', 'test_data_oid': '6809839e9090eed3decccd17', 'test_data_id': 'pin-buyer_24_published', 'xpaths': [{'xpath': 'PriorInformationNotice/ext:UBLExtensions/ext:UBLExtension/ext:ExtensionContent/efext:EformsExtension/efac:Organizations/efac:Organization/efac:Company/cac:PostalAddress/cac:Country/cbc:IdentificationCode', 'value': 'ITA'}, {'xpath': 'PriorInformationNotice/ext:UBLExtensions/ext:UBLExtension/ext:ExtensionContent/efext:EformsExtension/efac:Organizations/efac:Organization/efac:Company/cac:PostalAddress/cac:Country/cbc:IdentificationCode', 'value': 'LUX'}]}, {'test_data_suite_oid': '6809839e9090eed3decccd14', 'test_data_suite_id': 'sdk_examples_pin-1.3', 'test_data_oid': '6809839e9090eed3decccd18', 'test_data_id': 'qu-sy_25', 'xpaths': [{'xpath': 'PriorInformationNotice/ext:UBLExtensions/ext:UBLExtension/ext:ExtensionContent/efext:EformsExtension/efac:Organizations/efac:Organization/efac:Company/cac:PostalAddress/cac:Country/cbc:IdentificationCode', 'value': 'ITA'}, {'xpath': 'PriorInformationNotice/ext:UBLExtensions/ext:UBLExtension/ext:ExtensionContent/efext:EformsExtension/efac:Organizations/efac:Organization/efac:Company/cac:PostalAddress/cac:Country/cbc:IdentificationCode', 'value': 'ITA'}, {'xpath': 'PriorInformationNotice/ext:UBLExtensions/ext:UBLExtension/ext:ExtensionContent/efext:EformsExtension/efac:Organizations/efac:Organization/efac:Company/cac:PostalAddress/cac:Country/cbc:IdentificationCode', 'value': 'LUX'}]}, {'test_data_suite_oid': '6809839e9090eed3decccd14', 'test_data_suite_id': 'sdk_examples_pin-1.3', 'test_data_oid': '6809839e9090eed3decccd19', 'test_data_id': 'CEI', 'xpaths': [{'xpath': 'PriorInformationNotice/ext:UBLExtensions/ext:UBLExtension/ext:ExtensionContent/efext:EformsExtension/efac:Organizations/efac:Organization/efac:Company/cac:PostalAddress/cac:Country/cbc:IdentificationCode', 'value': 'BEL'}, {'xpath': 'PriorInformationNotice/ext:UBLExtensions/ext:UBLExtension/ext:ExtensionContent/efext:EformsExtension/efac:Organizations/efac:Organization/efac:Company/cac:PostalAddress/cac:Country/cbc:IdentificationCode', 'value': 'LUX'}, {'xpath': 'PriorInformationNotice/ext:UBLExtensions/ext:UBLExtension/ext:ExtensionContent/efext:EformsExtension/efac:Organizations/efac:Organization/efac:Company/cac:PostalAddress/cac:Country/cbc:IdentificationCode', 'value': 'LUX'}, {'xpath': 'PriorInformationNotice/ext:UBLExtensions/ext:UBLExtension/ext:ExtensionContent/efext:EformsExtension/efac:Organizations/efac:Organization/efac:Company/cac:PostalAddress/cac:Country/cbc:IdentificationCode', 'value': 'FRA'}]}, {'test_data_suite_oid': '6809839e9090eed3decccd14', 'test_data_suite_id': 'sdk_examples_pin-1.3', 'test_data_oid': '6809839e9090eed3decccd1a', 'test_data_id': 'pin-cfc_25', 'xpaths': [{'xpath': 'PriorInformationNotice/ext:UBLExtensions/ext:UBLExtension/ext:ExtensionContent/efext:EformsExtension/efac:Organizations/efac:Organization/efac:Company/cac:PostalAddress/cac:Country/cbc:IdentificationCode', 'value': 'DEU'}, {'xpath': 'PriorInformationNotice/ext:UBLExtensions/ext:UBLExtension/ext:ExtensionContent/efext:EformsExtension/efac:Organizations/efac:Organization/efac:Company/cac:PostalAddress/cac:Country/cbc:IdentificationCode', 'value': 'DEU'}, {'xpath': 'PriorInformationNotice/ext:UBLExtensions/ext:UBLExtension/ext:ExtensionContent/efext:EformsExtension/efac:Organizations/efac:Organization/efac:Company/cac:PostalAddress/cac:Country/cbc:IdentificationCode', 'value': 'GBR'}, {'xpath': 'PriorInformationNotice/ext:UBLExtensions/ext:UBLExtension/ext:ExtensionContent/efext:EformsExtension/efac:Organizations/efac:Organization/efac:Company/cac:PostalAddress/cac:Country/cbc:IdentificationCode', 'value': 'LUX'}]}, {'test_data_suite_oid': '6809839e9090eed3decccd14', 'test_data_suite_id': 'sdk_examples_pin-1.3', 'test_data_oid': '6809839e9090eed3decccd1b', 'test_data_id': 'pin-only_81_FRA', 'xpaths': [{'xpath': 'PriorInformationNotice/ext:UBLExtensions/ext:UBLExtension/ext:ExtensionContent/efext:EformsExtension/efac:Organizations/efac:Organization/efac:Company/cac:PostalAddress/cac:Country/cbc:IdentificationCode', 'value': 'FRA'}, {'xpath': 'PriorInformationNotice/ext:UBLExtensions/ext:UBLExtension/ext:ExtensionContent/efext:EformsExtension/efac:Organizations/efac:Organization/efac:Company/cac:PostalAddress/cac:Country/cbc:IdentificationCode', 'value': 'LUX'}]}, {'test_data_suite_oid': '6809839e9090eed3decccd14', 'test_data_suite_id': 'sdk_examples_pin-1.3', 'test_data_oid': '6809839e9090eed3decccd1c', 'test_data_id': 'pin-only_24_lots', 'xpaths': [{'xpath': 'PriorInformationNotice/ext:UBLExtensions/ext:UBLExtension/ext:ExtensionContent/efext:EformsExtension/efac:Organizations/efac:Organization/efac:Company/cac:PostalAddress/cac:Country/cbc:IdentificationCode', 'value': 'GBR'}, {'xpath': 'PriorInformationNotice/ext:UBLExtensions/ext:UBLExtension/ext:ExtensionContent/efext:EformsExtension/efac:Organizations/efac:Organization/efac:Company/cac:PostalAddress/cac:Country/cbc:IdentificationCode', 'value': 'LUX'}]}, {'test_data_suite_oid': '6809839e9090eed3decccd14', 'test_data_suite_id': 'sdk_examples_pin-1.3', 'test_data_oid': '6809839e9090eed3decccd1d', 'test_data_id': 'pin-only_24_maximal', 'xpaths': [{'xpath': 'PriorInformationNotice/ext:UBLExtensions/ext:UBLExtension/ext:ExtensionContent/efext:EformsExtension/efac:Organizations/efac:Organization/efac:Company/cac:PostalAddress/cac:Country/cbc:IdentificationCode', 'value': 'GBR'}, {'xpath': 'PriorInformationNotice/ext:UBLExtensions/ext:UBLExtension/ext:ExtensionContent/efext:EformsExtension/efac:Organizations/efac:Organization/efac:Company/cac:PostalAddress/cac:Country/cbc:IdentificationCode', 'value': 'GBR'}, {'xpath': 'PriorInformationNotice/ext:UBLExtensions/ext:UBLExtension/ext:ExtensionContent/efext:EformsExtension/efac:Organizations/efac:Organization/efac:Company/cac:PostalAddress/cac:Country/cbc:IdentificationCode', 'value': 'GBR'}, {'xpath': 'PriorInformationNotice/ext:UBLExtensions/ext:UBLExtension/ext:ExtensionContent/efext:EformsExtension/efac:Organizations/efac:Organization/efac:Company/cac:PostalAddress/cac:Country/cbc:IdentificationCode', 'value': 'GBR'}, {'xpath': 'PriorInformationNotice/ext:UBLExtensions/ext:UBLExtension/ext:ExtensionContent/efext:EformsExtension/efac:Organizations/efac:Organization/efac:Company/cac:PostalAddress/cac:Country/cbc:IdentificationCode', 'value': 'GBR'}, {'xpath': 'PriorInformationNotice/ext:UBLExtensions/ext:UBLExtension/ext:ExtensionContent/efext:EformsExtension/efac:Organizations/efac:Organization/efac:Company/cac:PostalAddress/cac:Country/cbc:IdentificationCode', 'value': 'GBR'}, {'xpath': 'PriorInformationNotice/ext:UBLExtensions/ext:UBLExtension/ext:ExtensionContent/efext:EformsExtension/efac:Organizations/efac:Organization/efac:Company/cac:PostalAddress/cac:Country/cbc:IdentificationCode', 'value': 'GBR'}, {'xpath': 'PriorInformationNotice/ext:UBLExtensions/ext:UBLExtension/ext:ExtensionContent/efext:EformsExtension/efac:Organizations/efac:Organization/efac:Company/cac:PostalAddress/cac:Country/cbc:IdentificationCode', 'value': 'GBR'}, {'xpath': 'PriorInformationNotice/ext:UBLExtensions/ext:UBLExtension/ext:ExtensionContent/efext:EformsExtension/efac:Organizations/efac:Organization/efac:Company/cac:PostalAddress/cac:Country/cbc:IdentificationCode', 'value': 'LUX'}, {'xpath': 'PriorInformationNotice/ext:UBLExtensions/ext:UBLExtension/ext:ExtensionContent/efext:EformsExtension/efac:Organizations/efac:Organization/efac:Company/cac:PostalAddress/cac:Country/cbc:IdentificationCode', 'value': 'GBR'}, {'xpath': 'PriorInformationNotice/ext:UBLExtensions/ext:UBLExtension/ext:ExtensionContent/efext:EformsExtension/efac:Organizations/efac:Organization/efac:Company/cac:PostalAddress/cac:Country/cbc:IdentificationCode', 'value': 'GBR'}, {'xpath': 'PriorInformationNotice/ext:UBLExtensions/ext:UBLExtension/ext:ExtensionContent/efext:EformsExtension/efac:Organizations/efac:Organization/efac:Company/cac:PostalAddress/cac:Country/cbc:IdentificationCode', 'value': 'GBR'}]}, {'test_data_suite_oid': '6809839e9090eed3decccd14', 'test_data_suite_id': 'sdk_examples_pin-1.3', 'test_data_oid': '6809839e9090eed3decccd1e', 'test_data_id': 'pin-only_fin-reg', 'xpaths': [{'xpath': 'PriorInformationNotice/ext:UBLExtensions/ext:UBLExtension/ext:ExtensionContent/efext:EformsExtension/efac:Organizations/efac:Organization/efac:Company/cac:PostalAddress/cac:Country/cbc:IdentificationCode', 'value': 'DEU'}, {'xpath': 'PriorInformationNotice/ext:UBLExtensions/ext:UBLExtension/ext:ExtensionContent/efext:EformsExtension/efac:Organizations/efac:Organization/efac:Company/cac:PostalAddress/cac:Country/cbc:IdentificationCode', 'value': 'DEU'}, {'xpath': 'PriorInformationNotice/ext:UBLExtensions/ext:UBLExtension/ext:ExtensionContent/efext:EformsExtension/efac:Organizations/efac:Organization/efac:Company/cac:PostalAddress/cac:Country/cbc:IdentificationCode', 'value': 'LUX'}]}, {'test_data_suite_oid': '6809839e9090eed3decccd14', 'test_data_suite_id': 'sdk_examples_pin-1.3', 'test_data_oid': '6809839e9090eed3decccd1f', 'test_data_id': 'pin-only_81', 'xpaths': [{'xpath': 'PriorInformationNotice/ext:UBLExtensions/ext:UBLExtension/ext:ExtensionContent/efext:EformsExtension/efac:Organizations/efac:Organization/efac:Company/cac:PostalAddress/cac:Country/cbc:IdentificationCode', 'value': 'GBR'}, {'xpath': 'PriorInformationNotice/ext:UBLExtensions/ext:UBLExtension/ext:ExtensionContent/efext:EformsExtension/efac:Organizations/efac:Organization/efac:Company/cac:PostalAddress/cac:Country/cbc:IdentificationCode', 'value': 'LUX'}]}, {'test_data_suite_oid': '6809839e9090eed3decccd14', 'test_data_suite_id': 'sdk_examples_pin-1.3', 'test_data_oid': '6809839e9090eed3decccd20', 'test_data_id': 'pin-buyer_24_minimal', 'xpaths': [{'xpath': 'PriorInformationNotice/ext:UBLExtensions/ext:UBLExtension/ext:ExtensionContent/efext:EformsExtension/efac:Organizations/efac:Organization/efac:Company/cac:PostalAddress/cac:Country/cbc:IdentificationCode', 'value': 'ITA'}]}, {'test_data_suite_oid': '6809839e9090eed3decccd14', 'test_data_suite_id': 'sdk_examples_pin-1.3', 'test_data_oid': '6809839e9090eed3decccd21', 'test_data_id': 'pin-only_24', 'xpaths': [{'xpath': 'PriorInformationNotice/ext:UBLExtensions/ext:UBLExtension/ext:ExtensionContent/efext:EformsExtension/efac:Organizations/efac:Organization/efac:Company/cac:PostalAddress/cac:Country/cbc:IdentificationCode', 'value': 'DEU'}, {'xpath': 'PriorInformationNotice/ext:UBLExtensions/ext:UBLExtension/ext:ExtensionContent/efext:EformsExtension/efac:Organizations/efac:Organization/efac:Company/cac:PostalAddress/cac:Country/cbc:IdentificationCode', 'value': 'DEU'}, {'xpath': 'PriorInformationNotice/ext:UBLExtensions/ext:UBLExtension/ext:ExtensionContent/efext:EformsExtension/efac:Organizations/efac:Organization/efac:Company/cac:PostalAddress/cac:Country/cbc:IdentificationCode', 'value': 'LUX'}]}], 'is_covered': True, 'xpath_conditions': [{'xpath_condition': '', 'meets_xpath_condition': True}, {'xpath_condition': 'exists(cbc:Department) or exists(cbc:StreetName) or exists(cbc:AdditionalStreetName) or exists(cac:AddressLine/cbc:Line)', 'meets_xpath_condition': True}], 'message': None}"
363,2025-04-24 00:48:48.746065+00:00,"{'sdk_element_id': 'ND-CompanyContact', 'sdk_element_title': None, 'sdk_element_xpath': '/*/ext:UBLExtensions/ext:UBLExtension/ext:ExtensionContent/efext:EformsExtension/efac:Organizations/efac:Organization/efac:Company/cac:Contact', 'test_data_xpaths': [{'test_data_suite_oid': '6809839e9090eed3decccd14', 'test_data_suite_id': 'sdk_examples_pin-1.3', 'test_data_oid': '6809839e9090eed3decccd15', 'test_data_id': 't01_PRT', 'xpaths': [{'xpath': 'PriorInformationNotice/ext:UBLExtensions/ext:UBLExtension/ext:ExtensionContent/efext:EformsExtension/efac:Organizations/efac:Organization/efac:Company/cac:Contact', 'value': None}, {'xpath': 'PriorInformationNotice/ext:UBLExtensions/ext:UBLExtension/ext:ExtensionContent/efext:EformsExtension/efac:Organizations/efac:Organization/efac:Company/cac:Contact', 'value': None}]}, {'test_data_suite_oid': '6809839e9090eed3decccd14', 'test_data_suite_id': 'sdk_examples_pin-1.3', 'test_data_oid': '6809839e9090eed3decccd16', 'test_data_id': 'pin-buyer_24', 'xpaths': [{'xpath': 'PriorInformationNotice/ext:UBLExtensions/ext:UBLExtension/ext:ExtensionContent/efext:EformsExtension/efac:Organizations/efac:Organization/efac:Company/cac:Contact', 'value': None}, {'xpath': 'PriorInformationNotice/ext:UBLExtensions/ext:UBLExtension/ext:ExtensionContent/efext:EformsExtension/efac:Organizations/efac:Organization/efac:Company/cac:Contact', 'value': None}]}, {'test_data_suite_oid': '6809839e9090eed3decccd14', 'test_data_suite_id': 'sdk_examples_pin-1.3', 'test_data_oid': '6809839e9090eed3decccd17', 'test_data_id': 'pin-buyer_24_published', 'xpaths': [{'xpath': 'PriorInformationNotice/ext:UBLExtensions/ext:UBLExtension/ext:ExtensionContent/efext:EformsExtension/efac:Organizations/efac:Organization/efac:Company/cac:Contact', 'value': None}, {'xpath': 'PriorInformationNotice/ext:UBLExtensions/ext:UBLExtension/ext:ExtensionContent/efext:EformsExtension/efac:Organizations/efac:Organization/efac:Company/cac:Contact', 'value': None}]}, {'test_data_suite_oid': '6809839e9090eed3decccd14', 'test_data_suite_id': 'sdk_examples_pin-1.3', 'test_data_oid': '6809839e9090eed3decccd18', 'test_data_id': 'qu-sy_25', 'xpaths': [{'xpath': 'PriorInformationNotice/ext:UBLExtensions/ext:UBLExtension/ext:ExtensionContent/efext:EformsExtension/efac:Organizations/efac:Organization/efac:Company/cac:Contact', 'value': None}, {'xpath': 'PriorInformationNotice/ext:UBLExtensions/ext:UBLExtension/ext:ExtensionContent/efext:EformsExtension/efac:Organizations/efac:Organization/efac:Company/cac:Contact', 'value': None}, {'xpath': 'PriorInformationNotice/ext:UBLExtensions/ext:UBLExtension/ext:ExtensionContent/efext:EformsExtension/efac:Organizations/efac:Organization/efac:Company/cac:Contact', 'value': None}]}, {'test_data_suite_oid': '6809839e9090eed3decccd14', 'test_data_suite_id': 'sdk_examples_pin-1.3', 'test_data_oid': '6809839e9090eed3decccd19', 'test_data_id': 'CEI', 'xpaths': [{'xpath': 'PriorInformationNotice/ext:UBLExtensions/ext:UBLExtension/ext:ExtensionContent/efext:EformsExtension/efac:Organizations/efac:Organization/efac:Company/cac:Contact', 'value': None}, {'xpath': 'PriorInformationNotice/ext:UBLExtensions/ext:UBLExtension/ext:ExtensionContent/efext:EformsExtension/efac:Organizations/efac:Organization/efac:Company/cac:Contact', 'value': None}, {'xpath': 'PriorInformationNotice/ext:UBLExtensions/ext:UBLExtension/ext:ExtensionContent/efext:EformsExtension/efac:Organizations/efac:Organization/efac:Company/cac:Contact', 'value': None}, {'xpath': 'PriorInformationNotice/ext:UBLExtensions/ext:UBLExtension/ext:ExtensionContent/efext:EformsExtension/efac:Organizations/efac:Organization/efac:Company/cac:Contact', 'value': None}]}, {'test_data_suite_oid': '6809839e9090eed3decccd14', 'test_data_suite_id': 'sdk_examples_pin-1.3', 'test_data_oid': '6809839e9090eed3decccd1a', 'test_data_id': 'pin-cfc_25', 'xpaths': [{'xpath': 'PriorInformationNotice/ext:UBLExtensions/ext:UBLExtension/ext:ExtensionContent/efext:EformsExtension/efac:Organizations/efac:Organization/efac:Company/cac:Contact', 'value': None}, {'xpath': 'PriorInformationNotice/ext:UBLExtensions/ext:UBLExtension/ext:ExtensionContent/efext:EformsExtension/efac:Organizations/efac:Organization/efac:Company/cac:Contact', 'value': None}, {'xpath': 'PriorInformationNotice/ext:UBLExtensions/ext:UBLExtension/ext:ExtensionContent/efext:EformsExtension/efac:Organizations/efac:Organization/efac:Company/cac:Contact', 'value': None}, {'xpath': 'PriorInformationNotice/ext:UBLExtensions/ext:UBLExtension/ext:ExtensionContent/efext:EformsExtension/efac:Organizations/efac:Organization/efac:Company/cac:Contact', 'value': None}]}, {'test_data_suite_oid': '6809839e9090eed3decccd14', 'test_data_suite_id': 'sdk_examples_pin-1.3', 'test_data_oid': '6809839e9090eed3decccd1b', 'test_data_id': 'pin-only_81_FRA', 'xpaths': [{'xpath': 'PriorInformationNotice/ext:UBLExtensions/ext:UBLExtension/ext:ExtensionContent/efext:EformsExtension/efac:Organizations/efac:Organization/efac:Company/cac:Contact', 'value': None}, {'xpath': 'PriorInformationNotice/ext:UBLExtensions/ext:UBLExtension/ext:ExtensionContent/efext:EformsExtension/efac:Organizations/efac:Organization/efac:Company/cac:Contact', 'value': None}]}, {'test_data_suite_oid': '6809839e9090eed3decccd14', 'test_data_suite_id': 'sdk_examples_pin-1.3', 'test_data_oid': '6809839e9090eed3decccd1c', 'test_data_id': 'pin-only_24_lots', 'xpaths': [{'xpath': 'PriorInformationNotice/ext:UBLExtensions/ext:UBLExtension/ext:ExtensionContent/efext:EformsExtension/efac:Organizations/efac:Organization/efac:Company/cac:Contact', 'value': None}, {'xpath': 'PriorInformationNotice/ext:UBLExtensions/ext:UBLExtension/ext:ExtensionContent/efext:EformsExtension/efac:Organizations/efac:Organization/efac:Company/cac:Contact', 'value': None}]}, {'test_data_suite_oid': '6809839e9090eed3decccd14', 'test_data_suite_id': 'sdk_examples_pin-1.3', 'test_data_oid': '6809839e9090eed3decccd1d', 'test_data_id': 'pin-only_24_maximal', 'xpaths': [{'xpath': 'PriorInformationNotice/ext:UBLExtensions/ext:UBLExtension/ext:ExtensionContent/efext:EformsExtension/efac:Organizations/efac:Organization/efac:Company/cac:Contact', 'value': None}, {'xpath': 'PriorInformationNotice/ext:UBLExtensions/ext:UBLExtension/ext:ExtensionContent/efext:EformsExtension/efac:Organizations/efac:Organization/efac:Company/cac:Contact', 'value': None}, {'xpath': 'PriorInformationNotice/ext:UBLExtensions/ext:UBLExtension/ext:ExtensionContent/efext:EformsExtension/efac:Organizations/efac:Organization/efac:Company/cac:Contact', 'value': None}, {'xpath': 'PriorInformationNotice/ext:UBLExtensions/ext:UBLExtension/ext:ExtensionContent/efext:EformsExtension/efac:Organizations/efac:Organization/efac:Company/cac:Contact', 'value': None}, {'xpath': 'PriorInformationNotice/ext:UBLExtensions/ext:UBLExtension/ext:ExtensionContent/efext:EformsExtension/efac:Organizations/efac:Organization/efac:Company/cac:Contact', 'value': None}, {'xpath': 'PriorInformationNotice/ext:UBLExtensions/ext:UBLExtension/ext:ExtensionContent/efext:EformsExtension/efac:Organizations/efac:Organization/efac:Company/cac:Contact', 'value': None}, {'xpath': 'PriorInformationNotice/ext:UBLExtensions/ext:UBLExtension/ext:ExtensionContent/efext:EformsExtension/efac:Organizations/efac:Organization/efac:Company/cac:Contact', 'value': None}, {'xpath': 'PriorInformationNotice/ext:UBLExtensions/ext:UBLExtension/ext:ExtensionContent/efext:EformsExtension/efac:Organizations/efac:Organization/efac:Company/cac:Contact', 'value': None}, {'xpath': 'PriorInformationNotice/ext:UBLExtensions/ext:UBLExtension/ext:ExtensionContent/efext:EformsExtension/efac:Organizations/efac:Organization/efac:Company/cac:Contact', 'value': None}, {'xpath': 'PriorInformationNotice/ext:UBLExtensions/ext:UBLExtension/ext:ExtensionContent/efext:EformsExtension/efac:Organizations/efac:Organization/efac:Company/cac:Contact', 'value': None}, {'xpath': 'PriorInformationNotice/ext:UBLExtensions/ext:UBLExtension/ext:ExtensionContent/efext:EformsExtension/efac:Organizations/efac:Organization/efac:Company/cac:Contact', 'value': None}, {'xpath': 'PriorInformationNotice/ext:UBLExtensions/ext:UBLExtension/ext:ExtensionContent/efext:EformsExtension/efac:Organizations/efac:Organization/efac:Company/cac:Contact', 'value': None}]}, {'test_data_suite_oid': '6809839e9090eed3decccd14', 'test_data_suite_id': 'sdk_examples_pin-1.3', 'test_data_oid': '6809839e9090eed3decccd1e', 'test_data_id': 'pin-only_fin-reg', 'xpaths': [{'xpath': 'PriorInformationNotice/ext:UBLExtensions/ext:UBLExtension/ext:ExtensionContent/efext:EformsExtension/efac:Organizations/efac:Organization/efac:Company/cac:Contact', 'value': None}, {'xpath': 'PriorInformationNotice/ext:UBLExtensions/ext:UBLExtension/ext:ExtensionContent/efext:EformsExtension/efac:Organizations/efac:Organization/efac:Company/cac:Contact', 'value': None}, {'xpath': 'PriorInformationNotice/ext:UBLExtensions/ext:UBLExtension/ext:ExtensionContent/efext:EformsExtension/efac:Organizations/efac:Organization/efac:Company/cac:Contact', 'value': None}]}, {'test_data_suite_oid': '6809839e9090eed3decccd14', 'test_data_suite_id': 'sdk_examples_pin-1.3', 'test_data_oid': '6809839e9090eed3decccd1f', 'test_data_id': 'pin-only_81', 'xpaths': [{'xpath': 'PriorInformationNotice/ext:UBLExtensions/ext:UBLExtension/ext:ExtensionContent/efext:EformsExtension/efac:Organizations/efac:Organization/efac:Company/cac:Contact', 'value': None}, {'xpath': 'PriorInformationNotice/ext:UBLExtensions/ext:UBLExtension/ext:ExtensionContent/efext:EformsExtension/efac:Organizations/efac:Organization/efac:Company/cac:Contact', 'value': None}]}, {'test_data_suite_oid': '6809839e9090eed3decccd14', 'test_data_suite_id': 'sdk_examples_pin-1.3', 'test_data_oid': '6809839e9090eed3decccd20', 'test_data_id': 'pin-buyer_24_minimal', 'xpaths': [{'xpath': 'PriorInformationNotice/ext:UBLExtensions/ext:UBLExtension/ext:ExtensionContent/efext:EformsExtension/efac:Organizations/efac:Organization/efac:Company/cac:Contact', 'value': None}]}, {'test_data_suite_oid': '6809839e9090eed3decccd14', 'test_data_suite_id': 'sdk_examples_pin-1.3', 'test_data_oid': '6809839e9090eed3decccd21', 'test_data_id': 'pin-only_24', 'xpaths': [{'xpath': 'PriorInformationNotice/ext:UBLExtensions/ext:UBLExtension/ext:ExtensionContent/efext:EformsExtension/efac:Organizations/efac:Organization/efac:Company/cac:Contact', 'value': None}, {'xpath': 'PriorInformationNotice/ext:UBLExtensions/ext:UBLExtension/ext:ExtensionContent/efext:EformsExtension/efac:Organizations/efac:Organization/efac:Company/cac:Contact', 'value': None}, {'xpath': 'PriorInformationNotice/ext:UBLExtensions/ext:UBLExtension/ext:ExtensionContent/efext:EformsExtension/efac:Organizations/efac:Organization/efac:Company/cac:Contact', 'value': None}]}], 'is_covered': True, 'xpath_conditions': [{'xpath_condition': '', 'meets_xpath_condition': True}], 'message': None}"
364,2025-04-24 00:48:48.746065+00:00,"{'sdk_element_id': 'BT-502-Organization-Company', 'sdk_element_title': 'Organisation Contact Point', 'sdk_element_xpath': '/*/ext:UBLExtensions/ext:UBLExtension/ext:ExtensionContent/efext:EformsExtension/efac:Organizations/efac:Organization/efac:Company/cac:Contact/cbc:Name', 'test_data_xpaths': [{'test_data_suite_oid': '6809839e9090eed3decccd14', 'test_data_suite_id': 'sdk_examples_pin-1.3', 'test_data_oid': '6809839e9090eed3decccd15', 'test_data_id': 't01_PRT', 'xpaths': [{'xpath': 'PriorInformationNotice/ext:UBLExtensions/ext:UBLExtension/ext:ExtensionContent/efext:EformsExtension/efac:Organizations/efac:Organization/efac:Company/cac:Contact/cbc:Name', 'value': 'Serviço de Contratação Pública'}]}, {'test_data_suite_oid': '6809839e9090eed3decccd14', 'test_data_suite_id': 'sdk_examples_pin-1.3', 'test_data_oid': '6809839e9090eed3decccd18', 'test_data_id': 'qu-sy_25', 'xpaths': [{'xpath': 'PriorInformationNotice/ext:UBLExtensions/ext:UBLExtension/ext:ExtensionContent/efext:EformsExtension/efac:Organizations/efac:Organization/efac:Company/cac:Contact/cbc:Name', 'value': 'Help Desk'}]}, {'test_data_suite_oid': '6809839e9090eed3decccd14', 'test_data_suite_id': 'sdk_examples_pin-1.3', 'test_data_oid': '6809839e9090eed3decccd19', 'test_data_id': 'CEI', 'xpaths': [{'xpath': 'PriorInformationNotice/ext:UBLExtensions/ext:UBLExtension/ext:ExtensionContent/efext:EformsExtension/efac:Organizations/efac:Organization/efac:Company/cac:Contact/cbc:Name', 'value': 'DG EPRS HelpDesk'}]}, {'test_data_suite_oid': '6809839e9090eed3decccd14', 'test_data_suite_id': 'sdk_examples_pin-1.3', 'test_data_oid': '6809839e9090eed3decccd1a', 'test_data_id': 'pin-cfc_25', 'xpaths': [{'xpath': 'PriorInformationNotice/ext:UBLExtensions/ext:UBLExtension/ext:ExtensionContent/efext:EformsExtension/efac:Organizations/efac:Organization/efac:Company/cac:Contact/cbc:Name', 'value': 'Herr Klemm'}]}, {'test_data_suite_oid': '6809839e9090eed3decccd14', 'test_data_suite_id': 'sdk_examples_pin-1.3', 'test_data_oid': '6809839e9090eed3decccd1b', 'test_data_id': 'pin-only_81_FRA', 'xpaths': [{'xpath': 'PriorInformationNotice/ext:UBLExtensions/ext:UBLExtension/ext:ExtensionContent/efext:EformsExtension/efac:Organizations/efac:Organization/efac:Company/cac:Contact/cbc:Name', 'value': 'mr le directeur du service de soutien de la flotte de Toulon'}]}, {'test_data_suite_oid': '6809839e9090eed3decccd14', 'test_data_suite_id': 'sdk_examples_pin-1.3', 'test_data_oid': '6809839e9090eed3decccd1c', 'test_data_id': 'pin-only_24_lots', 'xpaths': [{'xpath': 'PriorInformationNotice/ext:UBLExtensions/ext:UBLExtension/ext:ExtensionContent/efext:EformsExtension/efac:Organizations/efac:Organization/efac:Company/cac:Contact/cbc:Name', 'value': 'Helpdesk'}]}, {'test_data_suite_oid': '6809839e9090eed3decccd14', 'test_data_suite_id': 'sdk_examples_pin-1.3', 'test_data_oid': '6809839e9090eed3decccd1d', 'test_data_id': 'pin-only_24_maximal', 'xpaths': [{'xpath': 'PriorInformationNotice/ext:UBLExtensions/ext:UBLExtension/ext:ExtensionContent/efext:EformsExtension/efac:Organizations/efac:Organization/efac:Company/cac:Contact/cbc:Name', 'value': 'Info desk'}, {'xpath': 'PriorInformationNotice/ext:UBLExtensions/ext:UBLExtension/ext:ExtensionContent/efext:EformsExtension/efac:Organizations/efac:Organization/efac:Company/cac:Contact/cbc:Name', 'value': 'Info desk'}, {'xpath': 'PriorInformationNotice/ext:UBLExtensions/ext:UBLExtension/ext:ExtensionContent/efext:EformsExtension/efac:Organizations/efac:Organization/efac:Company/cac:Contact/cbc:Name', 'value': 'Info desk'}, {'xpath': 'PriorInformationNotice/ext:UBLExtensions/ext:UBLExtension/ext:ExtensionContent/efext:EformsExtension/efac:Organizations/efac:Organization/efac:Company/cac:Contact/cbc:Name', 'value': 'Info desk'}, {'xpath': 'PriorInformationNotice/ext:UBLExtensions/ext:UBLExtension/ext:ExtensionContent/efext:EformsExtension/efac:Organizations/efac:Organization/efac:Company/cac:Contact/cbc:Name', 'value': 'Info desk'}, {'xpath': 'PriorInformationNotice/ext:UBLExtensions/ext:UBLExtension/ext:ExtensionContent/efext:EformsExtension/efac:Organizations/efac:Organization/efac:Company/cac:Contact/cbc:Name', 'value': 'Info desk'}, {'xpath': 'PriorInformationNotice/ext:UBLExtensions/ext:UBLExtension/ext:ExtensionContent/efext:EformsExtension/efac:Organizations/efac:Organization/efac:Company/cac:Contact/cbc:Name', 'value': 'Info desk'}, {'xpath': 'PriorInformationNotice/ext:UBLExtensions/ext:UBLExtension/ext:ExtensionContent/efext:EformsExtension/efac:Organizations/efac:Organization/efac:Company/cac:Contact/cbc:Name', 'value': 'Info desk'}, {'xpath': 'PriorInformationNotice/ext:UBLExtensions/ext:UBLExtension/ext:ExtensionContent/efext:EformsExtension/efac:Organizations/efac:Organization/efac:Company/cac:Contact/cbc:Name', 'value': 'Info desk'}, {'xpath': 'PriorInformationNotice/ext:UBLExtensions/ext:UBLExtension/ext:ExtensionContent/efext:EformsExtension/efac:Organizations/efac:Organization/efac:Company/cac:Contact/cbc:Name', 'value': 'Info desk'}, {'xpath': 'PriorInformationNotice/ext:UBLExtensions/ext:UBLExtension/ext:ExtensionContent/efext:EformsExtension/efac:Organizations/efac:Organization/efac:Company/cac:Contact/cbc:Name', 'value': 'Info desk'}]}, {'test_data_suite_oid': '6809839e9090eed3decccd14', 'test_data_suite_id': 'sdk_examples_pin-1.3', 'test_data_oid': '6809839e9090eed3decccd1e', 'test_data_id': 'pin-only_fin-reg', 'xpaths': [{'xpath': 'PriorInformationNotice/ext:UBLExtensions/ext:UBLExtension/ext:ExtensionContent/efext:EformsExtension/efac:Organizations/efac:Organization/efac:Company/cac:Contact/cbc:Name', 'value': 'Contactname1234'}]}, {'test_data_suite_oid': '6809839e9090eed3decccd14', 'test_data_suite_id': 'sdk_examples_pin-1.3', 'test_data_oid': '6809839e9090eed3decccd21', 'test_data_id': 'pin-only_24', 'xpaths': [{'xpath': 'PriorInformationNotice/ext:UBLExtensions/ext:UBLExtension/ext:ExtensionContent/efext:EformsExtension/efac:Organizations/efac:Organization/efac:Company/cac:Contact/cbc:Name', 'value': 'Contactname1234'}]}], 'is_covered': True, 'xpath_conditions': [{'xpath_condition': '', 'meets_xpath_condition': True}], 'message': None}"
365,2025-04-24 00:48:48.746065+00:00,"{'sdk_element_id': 'BT-506-Organization-Company', 'sdk_element_title': 'Organisation Contact Email Address', 'sdk_element_xpath': '/*/ext:UBLExtensions/ext:UBLExtension/ext:ExtensionContent/efext:EformsExtension/efac:Organizations/efac:Organization/efac:Company/cac:Contact/cbc:ElectronicMail', 'test_data_xpaths': [{'test_data_suite_oid': '6809839e9090eed3decccd14', 'test_data_suite_id': 'sdk_examples_pin-1.3', 'test_data_oid': '6809839e9090eed3decccd15', 'test_data_id': 't01_PRT', 'xpaths': [{'xpath': 'PriorInformationNotice/ext:UBLExtensions/ext:UBLExtension/ext:ExtensionContent/efext:EformsExtension/efac:Organizations/efac:Organization/efac:Company/cac:Contact/cbc:ElectronicMail', 'value': 'gap@cm-agueda.pt'}, {'xpath': 'PriorInformationNotice/ext:UBLExtensions/ext:UBLExtension/ext:ExtensionContent/efext:EformsExtension/efac:Organizations/efac:Organization/efac:Company/cac:Contact/cbc:ElectronicMail', 'value': 'esender@example.com'}]}, {'test_data_suite_oid': '6809839e9090eed3decccd14', 'test_data_suite_id': 'sdk_examples_pin-1.3', 'test_data_oid': '6809839e9090eed3decccd16', 'test_data_id': 'pin-buyer_24', 'xpaths': [{'xpath': 'PriorInformationNotice/ext:UBLExtensions/ext:UBLExtension/ext:ExtensionContent/efext:EformsExtension/efac:Organizations/efac:Organization/efac:Company/cac:Contact/cbc:ElectronicMail', 'value': 'settore.patrimoniale@hsanmartino.it'}, {'xpath': 'PriorInformationNotice/ext:UBLExtensions/ext:UBLExtension/ext:ExtensionContent/efext:EformsExtension/efac:Organizations/efac:Organization/efac:Company/cac:Contact/cbc:ElectronicMail', 'value': 'esender@example.com'}]}, {'test_data_suite_oid': '6809839e9090eed3decccd14', 'test_data_suite_id': 'sdk_examples_pin-1.3', 'test_data_oid': '6809839e9090eed3decccd17', 'test_data_id': 'pin-buyer_24_published', 'xpaths': [{'xpath': 'PriorInformationNotice/ext:UBLExtensions/ext:UBLExtension/ext:ExtensionContent/efext:EformsExtension/efac:Organizations/efac:Organization/efac:Company/cac:Contact/cbc:ElectronicMail', 'value': 'settore.patrimoniale@hsanmartino.it'}, {'xpath': 'PriorInformationNotice/ext:UBLExtensions/ext:UBLExtension/ext:ExtensionContent/efext:EformsExtension/efac:Organizations/efac:Organization/efac:Company/cac:Contact/cbc:ElectronicMail', 'value': 'esender@example.com'}]}, {'test_data_suite_oid': '6809839e9090eed3decccd14', 'test_data_suite_id': 'sdk_examples_pin-1.3', 'test_data_oid': '6809839e9090eed3decccd18', 'test_data_id': 'qu-sy_25', 'xpaths': [{'xpath': 'PriorInformationNotice/ext:UBLExtensions/ext:UBLExtension/ext:ExtensionContent/efext:EformsExtension/efac:Organizations/efac:Organization/efac:Company/cac:Contact/cbc:ElectronicMail', 'value': 'acquistiegare@acquebresciane.it'}, {'xpath': 'PriorInformationNotice/ext:UBLExtensions/ext:UBLExtension/ext:ExtensionContent/efext:EformsExtension/efac:Organizations/efac:Organization/efac:Company/cac:Contact/cbc:ElectronicMail', 'value': 'contact@example.com'}, {'xpath': 'PriorInformationNotice/ext:UBLExtensions/ext:UBLExtension/ext:ExtensionContent/efext:EformsExtension/efac:Organizations/efac:Organization/efac:Company/cac:Contact/cbc:ElectronicMail', 'value': 'esender@example.com'}]}, {'test_data_suite_oid': '6809839e9090eed3decccd14', 'test_data_suite_id': 'sdk_examples_pin-1.3', 'test_data_oid': '6809839e9090eed3decccd19', 'test_data_id': 'CEI', 'xpaths': [{'xpath': 'PriorInformationNotice/ext:UBLExtensions/ext:UBLExtension/ext:ExtensionContent/efext:EformsExtension/efac:Organizations/efac:Organization/efac:Company/cac:Contact/cbc:ElectronicMail', 'value': 'EPRS-ESMH-19-01-CEI@europarl.europa.eu'}, {'xpath': 'PriorInformationNotice/ext:UBLExtensions/ext:UBLExtension/ext:ExtensionContent/efext:EformsExtension/efac:Organizations/efac:Organization/efac:Company/cac:Contact/cbc:ElectronicMail', 'value': 'esender@example.com'}, {'xpath': 'PriorInformationNotice/ext:UBLExtensions/ext:UBLExtension/ext:ExtensionContent/efext:EformsExtension/efac:Organizations/efac:Organization/efac:Company/cac:Contact/cbc:ElectronicMail', 'value': 'contact@curia.europa.eu'}, {'xpath': 'PriorInformationNotice/ext:UBLExtensions/ext:UBLExtension/ext:ExtensionContent/efext:EformsExtension/efac:Organizations/efac:Organization/efac:Company/cac:Contact/cbc:ElectronicMail', 'value': 'contact@ombudsman.europa.eu'}]}, {'test_data_suite_oid': '6809839e9090eed3decccd14', 'test_data_suite_id': 'sdk_examples_pin-1.3', 'test_data_oid': '6809839e9090eed3decccd1a', 'test_data_id': 'pin-cfc_25', 'xpaths': [{'xpath': 'PriorInformationNotice/ext:UBLExtensions/ext:UBLExtension/ext:ExtensionContent/efext:EformsExtension/efac:Organizations/efac:Organization/efac:Company/cac:Contact/cbc:ElectronicMail', 'value': 'klemm@stuttgart-airport.com'}, {'xpath': 'PriorInformationNotice/ext:UBLExtensions/ext:UBLExtension/ext:ExtensionContent/efext:EformsExtension/efac:Organizations/efac:Organization/efac:Company/cac:Contact/cbc:ElectronicMail', 'value': 'poststelle@rpk.bwl.de'}, {'xpath': 'PriorInformationNotice/ext:UBLExtensions/ext:UBLExtension/ext:ExtensionContent/efext:EformsExtension/efac:Organizations/efac:Organization/efac:Company/cac:Contact/cbc:ElectronicMail', 'value': 'contact@example-mediator.com'}, {'xpath': 'PriorInformationNotice/ext:UBLExtensions/ext:UBLExtension/ext:ExtensionContent/efext:EformsExtension/efac:Organizations/efac:Organization/efac:Company/cac:Contact/cbc:ElectronicMail', 'value': 'esender@example.com'}]}, {'test_data_suite_oid': '6809839e9090eed3decccd14', 'test_data_suite_id': 'sdk_examples_pin-1.3', 'test_data_oid': '6809839e9090eed3decccd1b', 'test_data_id': 'pin-only_81_FRA', 'xpaths': [{'xpath': 'PriorInformationNotice/ext:UBLExtensions/ext:UBLExtension/ext:ExtensionContent/efext:EformsExtension/efac:Organizations/efac:Organization/efac:Company/cac:Contact/cbc:ElectronicMail', 'value': 'pascale.bresson@intradef.gouv.fr'}, {'xpath': 'PriorInformationNotice/ext:UBLExtensions/ext:UBLExtension/ext:ExtensionContent/efext:EformsExtension/efac:Organizations/efac:Organization/efac:Company/cac:Contact/cbc:ElectronicMail', 'value': 'esender@example.com'}]}, {'test_data_suite_oid': '6809839e9090eed3decccd14', 'test_data_suite_id': 'sdk_examples_pin-1.3', 'test_data_oid': '6809839e9090eed3decccd1c', 'test_data_id': 'pin-only_24_lots', 'xpaths': [{'xpath': 'PriorInformationNotice/ext:UBLExtensions/ext:UBLExtension/ext:ExtensionContent/efext:EformsExtension/efac:Organizations/efac:Organization/efac:Company/cac:Contact/cbc:ElectronicMail', 'value': 'contact@fusion21.co.uk'}, {'xpath': 'PriorInformationNotice/ext:UBLExtensions/ext:UBLExtension/ext:ExtensionContent/efext:EformsExtension/efac:Organizations/efac:Organization/efac:Company/cac:Contact/cbc:ElectronicMail', 'value': 'esender@example.com'}]}, {'test_data_suite_oid': '6809839e9090eed3decccd14', 'test_data_suite_id': 'sdk_examples_pin-1.3', 'test_data_oid': '6809839e9090eed3decccd1d', 'test_data_id': 'pin-only_24_maximal', 'xpaths': [{'xpath': 'PriorInformationNotice/ext:UBLExtensions/ext:UBLExtension/ext:ExtensionContent/efext:EformsExtension/efac:Organizations/efac:Organization/efac:Company/cac:Contact/cbc:ElectronicMail', 'value': 'info@example.com'}, {'xpath': 'PriorInformationNotice/ext:UBLExtensions/ext:UBLExtension/ext:ExtensionContent/efext:EformsExtension/efac:Organizations/efac:Organization/efac:Company/cac:Contact/cbc:ElectronicMail', 'value': 'info@example.com'}, {'xpath': 'PriorInformationNotice/ext:UBLExtensions/ext:UBLExtension/ext:ExtensionContent/efext:EformsExtension/efac:Organizations/efac:Organization/efac:Company/cac:Contact/cbc:ElectronicMail', 'value': 'info@example.com'}, {'xpath': 'PriorInformationNotice/ext:UBLExtensions/ext:UBLExtension/ext:ExtensionContent/efext:EformsExtension/efac:Organizations/efac:Organization/efac:Company/cac:Contact/cbc:ElectronicMail', 'value': 'info@example.com'}, {'xpath': 'PriorInformationNotice/ext:UBLExtensions/ext:UBLExtension/ext:ExtensionContent/efext:EformsExtension/efac:Organizations/efac:Organization/efac:Company/cac:Contact/cbc:ElectronicMail', 'value': 'info@example.com'}, {'xpath': 'PriorInformationNotice/ext:UBLExtensions/ext:UBLExtension/ext:ExtensionContent/efext:EformsExtension/efac:Organizations/efac:Organization/efac:Company/cac:Contact/cbc:ElectronicMail', 'value': 'info@example.com'}, {'xpath': 'PriorInformationNotice/ext:UBLExtensions/ext:UBLExtension/ext:ExtensionContent/efext:EformsExtension/efac:Organizations/efac:Organization/efac:Company/cac:Contact/cbc:ElectronicMail', 'value': 'info@example.com'}, {'xpath': 'PriorInformationNotice/ext:UBLExtensions/ext:UBLExtension/ext:ExtensionContent/efext:EformsExtension/efac:Organizations/efac:Organization/efac:Company/cac:Contact/cbc:ElectronicMail', 'value': 'info@example.com'}, {'xpath': 'PriorInformationNotice/ext:UBLExtensions/ext:UBLExtension/ext:ExtensionContent/efext:EformsExtension/efac:Organizations/efac:Organization/efac:Company/cac:Contact/cbc:ElectronicMail', 'value': 'esender@example.com'}, {'xpath': 'PriorInformationNotice/ext:UBLExtensions/ext:UBLExtension/ext:ExtensionContent/efext:EformsExtension/efac:Organizations/efac:Organization/efac:Company/cac:Contact/cbc:ElectronicMail', 'value': 'info@example.com'}, {'xpath': 'PriorInformationNotice/ext:UBLExtensions/ext:UBLExtension/ext:ExtensionContent/efext:EformsExtension/efac:Organizations/efac:Organization/efac:Company/cac:Contact/cbc:ElectronicMail', 'value': 'info@example.com'}, {'xpath': 'PriorInformationNotice/ext:UBLExtensions/ext:UBLExtension/ext:ExtensionContent/efext:EformsExtension/efac:Organizations/efac:Organization/efac:Company/cac:Contact/cbc:ElectronicMail', 'value': 'info@example.com'}]}, {'test_data_suite_oid': '6809839e9090eed3decccd14', 'test_data_suite_id': 'sdk_examples_pin-1.3', 'test_data_oid': '6809839e9090eed3decccd1e', 'test_data_id': 'pin-only_fin-reg', 'xpaths': [{'xpath': 'PriorInformationNotice/ext:UBLExtensions/ext:UBLExtension/ext:ExtensionContent/efext:EformsExtension/efac:Organizations/efac:Organization/efac:Company/cac:Contact/cbc:ElectronicMail', 'value': 'contact@example.com'}, {'xpath': 'PriorInformationNotice/ext:UBLExtensions/ext:UBLExtension/ext:ExtensionContent/efext:EformsExtension/efac:Organizations/efac:Organization/efac:Company/cac:Contact/cbc:ElectronicMail', 'value': 'contact@example.com'}, {'xpath': 'PriorInformationNotice/ext:UBLExtensions/ext:UBLExtension/ext:ExtensionContent/efext:EformsExtension/efac:Organizations/efac:Organization/efac:Company/cac:Contact/cbc:ElectronicMail', 'value': 'esender@example.com'}]}, {'test_data_suite_oid': '6809839e9090eed3decccd14', 'test_data_suite_id': 'sdk_examples_pin-1.3', 'test_data_oid': '6809839e9090eed3decccd1f', 'test_data_id': 'pin-only_81', 'xpaths': [{'xpath': 'PriorInformationNotice/ext:UBLExtensions/ext:UBLExtension/ext:ExtensionContent/efext:EformsExtension/efac:Organizations/efac:Organization/efac:Company/cac:Contact/cbc:ElectronicMail', 'value': 'ashleigh.ely100@mod.gov.uk'}, {'xpath': 'PriorInformationNotice/ext:UBLExtensions/ext:UBLExtension/ext:ExtensionContent/efext:EformsExtension/efac:Organizations/efac:Organization/efac:Company/cac:Contact/cbc:ElectronicMail', 'value': 'esender@example.com'}]}, {'test_data_suite_oid': '6809839e9090eed3decccd14', 'test_data_suite_id': 'sdk_examples_pin-1.3', 'test_data_oid': '6809839e9090eed3decccd20', 'test_data_id': 'pin-buyer_24_minimal', 'xpaths': [{'xpath': 'PriorInformationNotice/ext:UBLExtensions/ext:UBLExtension/ext:ExtensionContent/efext:EformsExtension/efac:Organizations/efac:Organization/efac:Company/cac:Contact/cbc:ElectronicMail', 'value': 'settore.patrimoniale@hsanmartino.it'}]}, {'test_data_suite_oid': '6809839e9090eed3decccd14', 'test_data_suite_id': 'sdk_examples_pin-1.3', 'test_data_oid': '6809839e9090eed3decccd21', 'test_data_id': 'pin-only_24', 'xpaths': [{'xpath': 'PriorInformationNotice/ext:UBLExtensions/ext:UBLExtension/ext:ExtensionContent/efext:EformsExtension/efac:Organizations/efac:Organization/efac:Company/cac:Contact/cbc:ElectronicMail', 'value': 'contact@example.com'}, {'xpath': 'PriorInformationNotice/ext:UBLExtensions/ext:UBLExtension/ext:ExtensionContent/efext:EformsExtension/efac:Organizations/efac:Organization/efac:Company/cac:Contact/cbc:ElectronicMail', 'value': 'contact@example.com'}, {'xpath': 'PriorInformationNotice/ext:UBLExtensions/ext:UBLExtension/ext:ExtensionContent/efext:EformsExtension/efac:Organizations/efac:Organization/efac:Company/cac:Contact/cbc:ElectronicMail', 'value': 'esender@example.com'}]}], 'is_covered': True, 'xpath_conditions': [{'xpath_condition': '', 'meets_xpath_condition': True}], 'message': None}"
366,2025-04-24 00:48:48.746065+00:00,"{'sdk_element_id': 'BT-503-Organization-Company', 'sdk_element_title': 'Organisation Contact Telephone Number', 'sdk_element_xpath': '/*/ext:UBLExtensions/ext:UBLExtension/ext:ExtensionContent/efext:EformsExtension/efac:Organizations/efac:Organization/efac:Company/cac:Contact/cbc:Telephone', 'test_data_xpaths': [{'test_data_suite_oid': '6809839e9090eed3decccd14', 'test_data_suite_id': 'sdk_examples_pin-1.3', 'test_data_oid': '6809839e9090eed3decccd15', 'test_data_id': 't01_PRT', 'xpaths': [{'xpath': 'PriorInformationNotice/ext:UBLExtensions/ext:UBLExtension/ext:ExtensionContent/efext:EformsExtension/efac:Organizations/efac:Organization/efac:Company/cac:Contact/cbc:Telephone', 'value': '+351 234610077'}, {'xpath': 'PriorInformationNotice/ext:UBLExtensions/ext:UBLExtension/ext:ExtensionContent/efext:EformsExtension/efac:Organizations/efac:Organization/efac:Company/cac:Contact/cbc:Telephone', 'value': '+352 123456789'}]}, {'test_data_suite_oid': '6809839e9090eed3decccd14', 'test_data_suite_id': 'sdk_examples_pin-1.3', 'test_data_oid': '6809839e9090eed3decccd16', 'test_data_id': 'pin-buyer_24', 'xpaths': [{'xpath': 'PriorInformationNotice/ext:UBLExtensions/ext:UBLExtension/ext:ExtensionContent/efext:EformsExtension/efac:Organizations/efac:Organization/efac:Company/cac:Contact/cbc:Telephone', 'value': '+39 0105552612'}, {'xpath': 'PriorInformationNotice/ext:UBLExtensions/ext:UBLExtension/ext:ExtensionContent/efext:EformsExtension/efac:Organizations/efac:Organization/efac:Company/cac:Contact/cbc:Telephone', 'value': '+352 123456789'}]}, {'test_data_suite_oid': '6809839e9090eed3decccd14', 'test_data_suite_id': 'sdk_examples_pin-1.3', 'test_data_oid': '6809839e9090eed3decccd17', 'test_data_id': 'pin-buyer_24_published', 'xpaths': [{'xpath': 'PriorInformationNotice/ext:UBLExtensions/ext:UBLExtension/ext:ExtensionContent/efext:EformsExtension/efac:Organizations/efac:Organization/efac:Company/cac:Contact/cbc:Telephone', 'value': '+39 0105552612'}, {'xpath': 'PriorInformationNotice/ext:UBLExtensions/ext:UBLExtension/ext:ExtensionContent/efext:EformsExtension/efac:Organizations/efac:Organization/efac:Company/cac:Contact/cbc:Telephone', 'value': '+352 123456789'}]}, {'test_data_suite_oid': '6809839e9090eed3decccd14', 'test_data_suite_id': 'sdk_examples_pin-1.3', 'test_data_oid': '6809839e9090eed3decccd18', 'test_data_id': 'qu-sy_25', 'xpaths': [{'xpath': 'PriorInformationNotice/ext:UBLExtensions/ext:UBLExtension/ext:ExtensionContent/efext:EformsExtension/efac:Organizations/efac:Organization/efac:Company/cac:Contact/cbc:Telephone', 'value': '+39 03077100'}, {'xpath': 'PriorInformationNotice/ext:UBLExtensions/ext:UBLExtension/ext:ExtensionContent/efext:EformsExtension/efac:Organizations/efac:Organization/efac:Company/cac:Contact/cbc:Telephone', 'value': '(+12)34567890'}, {'xpath': 'PriorInformationNotice/ext:UBLExtensions/ext:UBLExtension/ext:ExtensionContent/efext:EformsExtension/efac:Organizations/efac:Organization/efac:Company/cac:Contact/cbc:Telephone', 'value': '+352 123456789'}]}, {'test_data_suite_oid': '6809839e9090eed3decccd14', 'test_data_suite_id': 'sdk_examples_pin-1.3', 'test_data_oid': '6809839e9090eed3decccd19', 'test_data_id': 'CEI', 'xpaths': [{'xpath': 'PriorInformationNotice/ext:UBLExtensions/ext:UBLExtension/ext:ExtensionContent/efext:EformsExtension/efac:Organizations/efac:Organization/efac:Company/cac:Contact/cbc:Telephone', 'value': '+352 122345'}, {'xpath': 'PriorInformationNotice/ext:UBLExtensions/ext:UBLExtension/ext:ExtensionContent/efext:EformsExtension/efac:Organizations/efac:Organization/efac:Company/cac:Contact/cbc:Telephone', 'value': '+352 123456789'}, {'xpath': 'PriorInformationNotice/ext:UBLExtensions/ext:UBLExtension/ext:ExtensionContent/efext:EformsExtension/efac:Organizations/efac:Organization/efac:Company/cac:Contact/cbc:Telephone', 'value': '+352 4303 1'}, {'xpath': 'PriorInformationNotice/ext:UBLExtensions/ext:UBLExtension/ext:ExtensionContent/efext:EformsExtension/efac:Organizations/efac:Organization/efac:Company/cac:Contact/cbc:Telephone', 'value': '+33 3 88 17 23 13'}]}, {'test_data_suite_oid': '6809839e9090eed3decccd14', 'test_data_suite_id': 'sdk_examples_pin-1.3', 'test_data_oid': '6809839e9090eed3decccd1a', 'test_data_id': 'pin-cfc_25', 'xpaths': [{'xpath': 'PriorInformationNotice/ext:UBLExtensions/ext:UBLExtension/ext:ExtensionContent/efext:EformsExtension/efac:Organizations/efac:Organization/efac:Company/cac:Contact/cbc:Telephone', 'value': '+49 711948-3513'}, {'xpath': 'PriorInformationNotice/ext:UBLExtensions/ext:UBLExtension/ext:ExtensionContent/efext:EformsExtension/efac:Organizations/efac:Organization/efac:Company/cac:Contact/cbc:Telephone', 'value': '+49 7219264049'}, {'xpath': 'PriorInformationNotice/ext:UBLExtensions/ext:UBLExtension/ext:ExtensionContent/efext:EformsExtension/efac:Organizations/efac:Organization/efac:Company/cac:Contact/cbc:Telephone', 'value': '+123 456 789'}, {'xpath': 'PriorInformationNotice/ext:UBLExtensions/ext:UBLExtension/ext:ExtensionContent/efext:EformsExtension/efac:Organizations/efac:Organization/efac:Company/cac:Contact/cbc:Telephone', 'value': '+352 123456789'}]}, {'test_data_suite_oid': '6809839e9090eed3decccd14', 'test_data_suite_id': 'sdk_examples_pin-1.3', 'test_data_oid': '6809839e9090eed3decccd1b', 'test_data_id': 'pin-only_81_FRA', 'xpaths': [{'xpath': 'PriorInformationNotice/ext:UBLExtensions/ext:UBLExtension/ext:ExtensionContent/efext:EformsExtension/efac:Organizations/efac:Organization/efac:Company/cac:Contact/cbc:Telephone', 'value': '+33 422424830'}, {'xpath': 'PriorInformationNotice/ext:UBLExtensions/ext:UBLExtension/ext:ExtensionContent/efext:EformsExtension/efac:Organizations/efac:Organization/efac:Company/cac:Contact/cbc:Telephone', 'value': '+352 123456789'}]}, {'test_data_suite_oid': '6809839e9090eed3decccd14', 'test_data_suite_id': 'sdk_examples_pin-1.3', 'test_data_oid': '6809839e9090eed3decccd1c', 'test_data_id': 'pin-only_24_lots', 'xpaths': [{'xpath': 'PriorInformationNotice/ext:UBLExtensions/ext:UBLExtension/ext:ExtensionContent/efext:EformsExtension/efac:Organizations/efac:Organization/efac:Company/cac:Contact/cbc:Telephone', 'value': '+44 7593440000'}, {'xpath': 'PriorInformationNotice/ext:UBLExtensions/ext:UBLExtension/ext:ExtensionContent/efext:EformsExtension/efac:Organizations/efac:Organization/efac:Company/cac:Contact/cbc:Telephone', 'value': '+352 123456789'}]}, {'test_data_suite_oid': '6809839e9090eed3decccd14', 'test_data_suite_id': 'sdk_examples_pin-1.3', 'test_data_oid': '6809839e9090eed3decccd1d', 'test_data_id': 'pin-only_24_maximal', 'xpaths': [{'xpath': 'PriorInformationNotice/ext:UBLExtensions/ext:UBLExtension/ext:ExtensionContent/efext:EformsExtension/efac:Organizations/efac:Organization/efac:Company/cac:Contact/cbc:Telephone', 'value': '+44 123456780'}, {'xpath': 'PriorInformationNotice/ext:UBLExtensions/ext:UBLExtension/ext:ExtensionContent/efext:EformsExtension/efac:Organizations/efac:Organization/efac:Company/cac:Contact/cbc:Telephone', 'value': '+44 123456780'}, {'xpath': 'PriorInformationNotice/ext:UBLExtensions/ext:UBLExtension/ext:ExtensionContent/efext:EformsExtension/efac:Organizations/efac:Organization/efac:Company/cac:Contact/cbc:Telephone', 'value': '+44 123456780'}, {'xpath': 'PriorInformationNotice/ext:UBLExtensions/ext:UBLExtension/ext:ExtensionContent/efext:EformsExtension/efac:Organizations/efac:Organization/efac:Company/cac:Contact/cbc:Telephone', 'value': '+44 123456780'}, {'xpath': 'PriorInformationNotice/ext:UBLExtensions/ext:UBLExtension/ext:ExtensionContent/efext:EformsExtension/efac:Organizations/efac:Organization/efac:Company/cac:Contact/cbc:Telephone', 'value': '+44 123456780'}, {'xpath': 'PriorInformationNotice/ext:UBLExtensions/ext:UBLExtension/ext:ExtensionContent/efext:EformsExtension/efac:Organizations/efac:Organization/efac:Company/cac:Contact/cbc:Telephone', 'value': '+44 123456780'}, {'xpath': 'PriorInformationNotice/ext:UBLExtensions/ext:UBLExtension/ext:ExtensionContent/efext:EformsExtension/efac:Organizations/efac:Organization/efac:Company/cac:Contact/cbc:Telephone', 'value': '+44 123456780'}, {'xpath': 'PriorInformationNotice/ext:UBLExtensions/ext:UBLExtension/ext:ExtensionContent/efext:EformsExtension/efac:Organizations/efac:Organization/efac:Company/cac:Contact/cbc:Telephone', 'value': '+44 123456780'}, {'xpath': 'PriorInformationNotice/ext:UBLExtensions/ext:UBLExtension/ext:ExtensionContent/efext:EformsExtension/efac:Organizations/efac:Organization/efac:Company/cac:Contact/cbc:Telephone', 'value': '+352 123456789'}, {'xpath': 'PriorInformationNotice/ext:UBLExtensions/ext:UBLExtension/ext:ExtensionContent/efext:EformsExtension/efac:Organizations/efac:Organization/efac:Company/cac:Contact/cbc:Telephone', 'value': '+44 123456780'}, {'xpath': 'PriorInformationNotice/ext:UBLExtensions/ext:UBLExtension/ext:ExtensionContent/efext:EformsExtension/efac:Organizations/efac:Organization/efac:Company/cac:Contact/cbc:Telephone', 'value': '+44 123456780'}, {'xpath': 'PriorInformationNotice/ext:UBLExtensions/ext:UBLExtension/ext:ExtensionContent/efext:EformsExtension/efac:Organizations/efac:Organization/efac:Company/cac:Contact/cbc:Telephone', 'value': '+44 123456780'}]}, {'test_data_suite_oid': '6809839e9090eed3decccd14', 'test_data_suite_id': 'sdk_examples_pin-1.3', 'test_data_oid': '6809839e9090eed3decccd1e', 'test_data_id': 'pin-only_fin-reg', 'xpaths': [{'xpath': 'PriorInformationNotice/ext:UBLExtensions/ext:UBLExtension/ext:ExtensionContent/efext:EformsExtension/efac:Organizations/efac:Organization/efac:Company/cac:Contact/cbc:Telephone', 'value': '123456789'}, {'xpath': 'PriorInformationNotice/ext:UBLExtensions/ext:UBLExtension/ext:ExtensionContent/efext:EformsExtension/efac:Organizations/efac:Organization/efac:Company/cac:Contact/cbc:Telephone', 'value': '123456789'}, {'xpath': 'PriorInformationNotice/ext:UBLExtensions/ext:UBLExtension/ext:ExtensionContent/efext:EformsExtension/efac:Organizations/efac:Organization/efac:Company/cac:Contact/cbc:Telephone', 'value': '+352 123456789'}]}, {'test_data_suite_oid': '6809839e9090eed3decccd14', 'test_data_suite_id': 'sdk_examples_pin-1.3', 'test_data_oid': '6809839e9090eed3decccd1f', 'test_data_id': 'pin-only_81', 'xpaths': [{'xpath': 'PriorInformationNotice/ext:UBLExtensions/ext:UBLExtension/ext:ExtensionContent/efext:EformsExtension/efac:Organizations/efac:Organization/efac:Company/cac:Contact/cbc:Telephone', 'value': '+44 3067700301'}, {'xpath': 'PriorInformationNotice/ext:UBLExtensions/ext:UBLExtension/ext:ExtensionContent/efext:EformsExtension/efac:Organizations/efac:Organization/efac:Company/cac:Contact/cbc:Telephone', 'value': '+352 123456789'}]}, {'test_data_suite_oid': '6809839e9090eed3decccd14', 'test_data_suite_id': 'sdk_examples_pin-1.3', 'test_data_oid': '6809839e9090eed3decccd20', 'test_data_id': 'pin-buyer_24_minimal', 'xpaths': [{'xpath': 'PriorInformationNotice/ext:UBLExtensions/ext:UBLExtension/ext:ExtensionContent/efext:EformsExtension/efac:Organizations/efac:Organization/efac:Company/cac:Contact/cbc:Telephone', 'value': '+39 0105552612'}]}, {'test_data_suite_oid': '6809839e9090eed3decccd14', 'test_data_suite_id': 'sdk_examples_pin-1.3', 'test_data_oid': '6809839e9090eed3decccd21', 'test_data_id': 'pin-only_24', 'xpaths': [{'xpath': 'PriorInformationNotice/ext:UBLExtensions/ext:UBLExtension/ext:ExtensionContent/efext:EformsExtension/efac:Organizations/efac:Organization/efac:Company/cac:Contact/cbc:Telephone', 'value': '123456789'}, {'xpath': 'PriorInformationNotice/ext:UBLExtensions/ext:UBLExtension/ext:ExtensionContent/efext:EformsExtension/efac:Organizations/efac:Organization/efac:Company/cac:Contact/cbc:Telephone', 'value': '123456789'}, {'xpath': 'PriorInformationNotice/ext:UBLExtensions/ext:UBLExtension/ext:ExtensionContent/efext:EformsExtension/efac:Organizations/efac:Organization/efac:Company/cac:Contact/cbc:Telephone', 'value': '+352 123456789'}]}], 'is_covered': True, 'xpath_conditions': [{'xpath_condition': '', 'meets_xpath_condition': True}], 'message': None}"
367,2025-04-24 00:48:48.746065+00:00,"{'sdk_element_id': 'BT-739-Organization-Company', 'sdk_element_title': 'Organisation Contact Fax', 'sdk_element_xpath': '/*/ext:UBLExtensions/ext:UBLExtension/ext:ExtensionContent/efext:EformsExtension/efac:Organizations/efac:Organization/efac:Company/cac:Contact/cbc:Telefax', 'test_data_xpaths': [{'test_data_suite_oid': '6809839e9090eed3decccd14', 'test_data_suite_id': 'sdk_examples_pin-1.3', 'test_data_oid': '6809839e9090eed3decccd15', 'test_data_id': 't01_PRT', 'xpaths': [{'xpath': 'PriorInformationNotice/ext:UBLExtensions/ext:UBLExtension/ext:ExtensionContent/efext:EformsExtension/efac:Organizations/efac:Organization/efac:Company/cac:Contact/cbc:Telefax', 'value': '+351 234610078'}, {'xpath': 'PriorInformationNotice/ext:UBLExtensions/ext:UBLExtension/ext:ExtensionContent/efext:EformsExtension/efac:Organizations/efac:Organization/efac:Company/cac:Contact/cbc:Telefax', 'value': '+352 1234567899'}]}, {'test_data_suite_oid': '6809839e9090eed3decccd14', 'test_data_suite_id': 'sdk_examples_pin-1.3', 'test_data_oid': '6809839e9090eed3decccd16', 'test_data_id': 'pin-buyer_24', 'xpaths': [{'xpath': 'PriorInformationNotice/ext:UBLExtensions/ext:UBLExtension/ext:ExtensionContent/efext:EformsExtension/efac:Organizations/efac:Organization/efac:Company/cac:Contact/cbc:Telefax', 'value': '+39 0105556510'}, {'xpath': 'PriorInformationNotice/ext:UBLExtensions/ext:UBLExtension/ext:ExtensionContent/efext:EformsExtension/efac:Organizations/efac:Organization/efac:Company/cac:Contact/cbc:Telefax', 'value': '+352 1234567899'}]}, {'test_data_suite_oid': '6809839e9090eed3decccd14', 'test_data_suite_id': 'sdk_examples_pin-1.3', 'test_data_oid': '6809839e9090eed3decccd17', 'test_data_id': 'pin-buyer_24_published', 'xpaths': [{'xpath': 'PriorInformationNotice/ext:UBLExtensions/ext:UBLExtension/ext:ExtensionContent/efext:EformsExtension/efac:Organizations/efac:Organization/efac:Company/cac:Contact/cbc:Telefax', 'value': '+39 0105556510'}, {'xpath': 'PriorInformationNotice/ext:UBLExtensions/ext:UBLExtension/ext:ExtensionContent/efext:EformsExtension/efac:Organizations/efac:Organization/efac:Company/cac:Contact/cbc:Telefax', 'value': '+352 1234567899'}]}, {'test_data_suite_oid': '6809839e9090eed3decccd14', 'test_data_suite_id': 'sdk_examples_pin-1.3', 'test_data_oid': '6809839e9090eed3decccd18', 'test_data_id': 'qu-sy_25', 'xpaths': [{'xpath': 'PriorInformationNotice/ext:UBLExtensions/ext:UBLExtension/ext:ExtensionContent/efext:EformsExtension/efac:Organizations/efac:Organization/efac:Company/cac:Contact/cbc:Telefax', 'value': '+39 0307714009'}, {'xpath': 'PriorInformationNotice/ext:UBLExtensions/ext:UBLExtension/ext:ExtensionContent/efext:EformsExtension/efac:Organizations/efac:Organization/efac:Company/cac:Contact/cbc:Telefax', 'value': '(+12)345678909'}, {'xpath': 'PriorInformationNotice/ext:UBLExtensions/ext:UBLExtension/ext:ExtensionContent/efext:EformsExtension/efac:Organizations/efac:Organization/efac:Company/cac:Contact/cbc:Telefax', 'value': '+352 1234567899'}]}, {'test_data_suite_oid': '6809839e9090eed3decccd14', 'test_data_suite_id': 'sdk_examples_pin-1.3', 'test_data_oid': '6809839e9090eed3decccd19', 'test_data_id': 'CEI', 'xpaths': [{'xpath': 'PriorInformationNotice/ext:UBLExtensions/ext:UBLExtension/ext:ExtensionContent/efext:EformsExtension/efac:Organizations/efac:Organization/efac:Company/cac:Contact/cbc:Telefax', 'value': '+352 1223459'}, {'xpath': 'PriorInformationNotice/ext:UBLExtensions/ext:UBLExtension/ext:ExtensionContent/efext:EformsExtension/efac:Organizations/efac:Organization/efac:Company/cac:Contact/cbc:Telefax', 'value': '+352 1234567899'}, {'xpath': 'PriorInformationNotice/ext:UBLExtensions/ext:UBLExtension/ext:ExtensionContent/efext:EformsExtension/efac:Organizations/efac:Organization/efac:Company/cac:Contact/cbc:Telefax', 'value': '+352 4303 2600'}, {'xpath': 'PriorInformationNotice/ext:UBLExtensions/ext:UBLExtension/ext:ExtensionContent/efext:EformsExtension/efac:Organizations/efac:Organization/efac:Company/cac:Contact/cbc:Telefax', 'value': '+33 3 88 17 23 139'}]}, {'test_data_suite_oid': '6809839e9090eed3decccd14', 'test_data_suite_id': 'sdk_examples_pin-1.3', 'test_data_oid': '6809839e9090eed3decccd1a', 'test_data_id': 'pin-cfc_25', 'xpaths': [{'xpath': 'PriorInformationNotice/ext:UBLExtensions/ext:UBLExtension/ext:ExtensionContent/efext:EformsExtension/efac:Organizations/efac:Organization/efac:Company/cac:Contact/cbc:Telefax', 'value': '+49 711948-5680'}, {'xpath': 'PriorInformationNotice/ext:UBLExtensions/ext:UBLExtension/ext:ExtensionContent/efext:EformsExtension/efac:Organizations/efac:Organization/efac:Company/cac:Contact/cbc:Telefax', 'value': '+49 7219263985'}, {'xpath': 'PriorInformationNotice/ext:UBLExtensions/ext:UBLExtension/ext:ExtensionContent/efext:EformsExtension/efac:Organizations/efac:Organization/efac:Company/cac:Contact/cbc:Telefax', 'value': '+123 456 7899'}, {'xpath': 'PriorInformationNotice/ext:UBLExtensions/ext:UBLExtension/ext:ExtensionContent/efext:EformsExtension/efac:Organizations/efac:Organization/efac:Company/cac:Contact/cbc:Telefax', 'value': '+352 1234567899'}]}, {'test_data_suite_oid': '6809839e9090eed3decccd14', 'test_data_suite_id': 'sdk_examples_pin-1.3', 'test_data_oid': '6809839e9090eed3decccd1b', 'test_data_id': 'pin-only_81_FRA', 'xpaths': [{'xpath': 'PriorInformationNotice/ext:UBLExtensions/ext:UBLExtension/ext:ExtensionContent/efext:EformsExtension/efac:Organizations/efac:Organization/efac:Company/cac:Contact/cbc:Telefax', 'value': '+33 4224248309'}, {'xpath': 'PriorInformationNotice/ext:UBLExtensions/ext:UBLExtension/ext:ExtensionContent/efext:EformsExtension/efac:Organizations/efac:Organization/efac:Company/cac:Contact/cbc:Telefax', 'value': '+352 1234567899'}]}, {'test_data_suite_oid': '6809839e9090eed3decccd14', 'test_data_suite_id': 'sdk_examples_pin-1.3', 'test_data_oid': '6809839e9090eed3decccd1c', 'test_data_id': 'pin-only_24_lots', 'xpaths': [{'xpath': 'PriorInformationNotice/ext:UBLExtensions/ext:UBLExtension/ext:ExtensionContent/efext:EformsExtension/efac:Organizations/efac:Organization/efac:Company/cac:Contact/cbc:Telefax', 'value': '+44 75934400009'}, {'xpath': 'PriorInformationNotice/ext:UBLExtensions/ext:UBLExtension/ext:ExtensionContent/efext:EformsExtension/efac:Organizations/efac:Organization/efac:Company/cac:Contact/cbc:Telefax', 'value': '+352 1234567899'}]}, {'test_data_suite_oid': '6809839e9090eed3decccd14', 'test_data_suite_id': 'sdk_examples_pin-1.3', 'test_data_oid': '6809839e9090eed3decccd1d', 'test_data_id': 'pin-only_24_maximal', 'xpaths': [{'xpath': 'PriorInformationNotice/ext:UBLExtensions/ext:UBLExtension/ext:ExtensionContent/efext:EformsExtension/efac:Organizations/efac:Organization/efac:Company/cac:Contact/cbc:Telefax', 'value': '+44 123456789'}, {'xpath': 'PriorInformationNotice/ext:UBLExtensions/ext:UBLExtension/ext:ExtensionContent/efext:EformsExtension/efac:Organizations/efac:Organization/efac:Company/cac:Contact/cbc:Telefax', 'value': '+44 123456789'}, {'xpath': 'PriorInformationNotice/ext:UBLExtensions/ext:UBLExtension/ext:ExtensionContent/efext:EformsExtension/efac:Organizations/efac:Organization/efac:Company/cac:Contact/cbc:Telefax', 'value': '+44 123456789'}, {'xpath': 'PriorInformationNotice/ext:UBLExtensions/ext:UBLExtension/ext:ExtensionContent/efext:EformsExtension/efac:Organizations/efac:Organization/efac:Company/cac:Contact/cbc:Telefax', 'value': '+44 123456789'}, {'xpath': 'PriorInformationNotice/ext:UBLExtensions/ext:UBLExtension/ext:ExtensionContent/efext:EformsExtension/efac:Organizations/efac:Organization/efac:Company/cac:Contact/cbc:Telefax', 'value': '+44 123456789'}, {'xpath': 'PriorInformationNotice/ext:UBLExtensions/ext:UBLExtension/ext:ExtensionContent/efext:EformsExtension/efac:Organizations/efac:Organization/efac:Company/cac:Contact/cbc:Telefax', 'value': '+44 123456789'}, {'xpath': 'PriorInformationNotice/ext:UBLExtensions/ext:UBLExtension/ext:ExtensionContent/efext:EformsExtension/efac:Organizations/efac:Organization/efac:Company/cac:Contact/cbc:Telefax', 'value': '+44 123456789'}, {'xpath': 'PriorInformationNotice/ext:UBLExtensions/ext:UBLExtension/ext:ExtensionContent/efext:EformsExtension/efac:Organizations/efac:Organization/efac:Company/cac:Contact/cbc:Telefax', 'value': '+44 123456789'}, {'xpath': 'PriorInformationNotice/ext:UBLExtensions/ext:UBLExtension/ext:ExtensionContent/efext:EformsExtension/efac:Organizations/efac:Organization/efac:Company/cac:Contact/cbc:Telefax', 'value': '+352 1234567899'}, {'xpath': 'PriorInformationNotice/ext:UBLExtensions/ext:UBLExtension/ext:ExtensionContent/efext:EformsExtension/efac:Organizations/efac:Organization/efac:Company/cac:Contact/cbc:Telefax', 'value': '+44 123456789'}, {'xpath': 'PriorInformationNotice/ext:UBLExtensions/ext:UBLExtension/ext:ExtensionContent/efext:EformsExtension/efac:Organizations/efac:Organization/efac:Company/cac:Contact/cbc:Telefax', 'value': '+44 123456789'}, {'xpath': 'PriorInformationNotice/ext:UBLExtensions/ext:UBLExtension/ext:ExtensionContent/efext:EformsExtension/efac:Organizations/efac:Organization/efac:Company/cac:Contact/cbc:Telefax', 'value': '+44 123456789'}]}, {'test_data_suite_oid': '6809839e9090eed3decccd14', 'test_data_suite_id': 'sdk_examples_pin-1.3', 'test_data_oid': '6809839e9090eed3decccd1e', 'test_data_id': 'pin-only_fin-reg', 'xpaths': [{'xpath': 'PriorInformationNotice/ext:UBLExtensions/ext:UBLExtension/ext:ExtensionContent/efext:EformsExtension/efac:Organizations/efac:Organization/efac:Company/cac:Contact/cbc:Telefax', 'value': '1234567899'}, {'xpath': 'PriorInformationNotice/ext:UBLExtensions/ext:UBLExtension/ext:ExtensionContent/efext:EformsExtension/efac:Organizations/efac:Organization/efac:Company/cac:Contact/cbc:Telefax', 'value': '1234567899'}, {'xpath': 'PriorInformationNotice/ext:UBLExtensions/ext:UBLExtension/ext:ExtensionContent/efext:EformsExtension/efac:Organizations/efac:Organization/efac:Company/cac:Contact/cbc:Telefax', 'value': '+352 1234567899'}]}, {'test_data_suite_oid': '6809839e9090eed3decccd14', 'test_data_suite_id': 'sdk_examples_pin-1.3', 'test_data_oid': '6809839e9090eed3decccd1f', 'test_data_id': 'pin-only_81', 'xpaths': [{'xpath': 'PriorInformationNotice/ext:UBLExtensions/ext:UBLExtension/ext:ExtensionContent/efext:EformsExtension/efac:Organizations/efac:Organization/efac:Company/cac:Contact/cbc:Telefax', 'value': '+44 30677003019'}, {'xpath': 'PriorInformationNotice/ext:UBLExtensions/ext:UBLExtension/ext:ExtensionContent/efext:EformsExtension/efac:Organizations/efac:Organization/efac:Company/cac:Contact/cbc:Telefax', 'value': '+352 1234567899'}]}, {'test_data_suite_oid': '6809839e9090eed3decccd14', 'test_data_suite_id': 'sdk_examples_pin-1.3', 'test_data_oid': '6809839e9090eed3decccd21', 'test_data_id': 'pin-only_24', 'xpaths': [{'xpath': 'PriorInformationNotice/ext:UBLExtensions/ext:UBLExtension/ext:ExtensionContent/efext:EformsExtension/efac:Organizations/efac:Organization/efac:Company/cac:Contact/cbc:Telefax', 'value': '1234567899'}, {'xpath': 'PriorInformationNotice/ext:UBLExtensions/ext:UBLExtension/ext:ExtensionContent/efext:EformsExtension/efac:Organizations/efac:Organization/efac:Company/cac:Contact/cbc:Telefax', 'value': '1234567899'}, {'xpath': 'PriorInformationNotice/ext:UBLExtensions/ext:UBLExtension/ext:ExtensionContent/efext:EformsExtension/efac:Organizations/efac:Organization/efac:Company/cac:Contact/cbc:Telefax', 'value': '+352 1234567899'}]}], 'is_covered': True, 'xpath_conditions': [{'xpath_condition': '', 'meets_xpath_condition': True}], 'message': None}"
368,2025-04-24 00:48:48.746065+00:00,"{'sdk_element_id': 'OPP-050-Organization', 'sdk_element_title': 'Buyers Group Lead Indicator', 'sdk_element_xpath': '/*/ext:UBLExtensions/ext:UBLExtension/ext:ExtensionContent/efext:EformsExtension/efac:Organizations/efac:Organization/efbc:GroupLeadIndicator', 'test_data_xpaths': [], 'is_covered': False, 'xpath_conditions': [{'xpath_condition': ""efbc:GroupLeadIndicator/text()='true'"", 'meets_xpath_condition': True}, {'xpath_condition': ""efbc:GroupLeadIndicator/text()='true' and (/*/cbc:NoticeTypeCode/@listName='planning' or /*/cbc:NoticeTypeCode/@listName='competition' or /*/cbc:NoticeTypeCode/@listName='dir-awa-pre' or (/*/cbc:NoticeTypeCode/@listName='change' and exists(/*/ext:UBLExtensions/ext:UBLExtension/ext:ExtensionContent/efext:EformsExtension/efac:NoticeSubType/cbc:SubTypeCode[contains('1 2 3 4 5 6 7 8 9 T01   10 11 12 13 14 15 16 17 18 19 20 21 22 23 24 CEI   25 26 27 28', text())])))"", 'meets_xpath_condition': True}, {'xpath_condition': ""efbc:GroupLeadIndicator/text()='true' and (/*/cbc:NoticeTypeCode/@listName='result' or /*/cbc:NoticeTypeCode/@listName='cont-modif' or /*/cbc:NoticeTypeCode/@listName='consultation' or /*/cbc:NoticeTypeCode/@listName='completion' or (/*/cbc:NoticeTypeCode/@listName='change' and exists(/*/ext:UBLExtensions/ext:UBLExtension/ext:ExtensionContent/efext:EformsExtension/efac:NoticeSubType/cbc:SubTypeCode[contains('29 30 31 32 33 34 35 36 37 T02   38 39 40', text())])))"", 'meets_xpath_condition': True}], 'message': None}"
369,2025-04-24 00:48:48.746065+00:00,"{'sdk_element_id': 'OPP-051-Organization', 'sdk_element_title': 'Awarding CPB Buyer Indicator', 'sdk_element_xpath': '/*/ext:UBLExtensions/ext:UBLExtension/ext:ExtensionContent/efext:EformsExtension/efac:Organizations/efac:Organization/efbc:AwardingCPBIndicator', 'test_data_xpaths': [], 'is_covered': False, 'xpath_conditions': [{'xpath_condition': ""efbc:AwardingCPBIndicator/text()='true'"", 'meets_xpath_condition': True}, {'xpath_condition': ""efbc:AwardingCPBIndicator/text()='true' and (/*/cbc:NoticeTypeCode/@listName='planning' or /*/cbc:NoticeTypeCode/@listName='competition' or /*/cbc:NoticeTypeCode/@listName='dir-awa-pre' or (/*/cbc:NoticeTypeCode/@listName='change' and exists(/*/ext:UBLExtensions/ext:UBLExtension/ext:ExtensionContent/efext:EformsExtension/efac:NoticeSubType/cbc:SubTypeCode[contains('1 2 3 4 5 6 7 8 9 T01   10 11 12 13 14 15 16 17 18 19 20 21 22 23 24 CEI   25 26 27 28', text())])))"", 'meets_xpath_condition': True}, {'xpath_condition': ""efbc:AwardingCPBIndicator/text()='true' and (/*/cbc:NoticeTypeCode/@listName='result' or /*/cbc:NoticeTypeCode/@listName='cont-modif' or /*/cbc:NoticeTypeCode/@listName='consultation' or /*/cbc:NoticeTypeCode/@listName='completion' or (/*/cbc:NoticeTypeCode/@listName='change' and exists(/*/ext:UBLExtensions/ext:UBLExtension/ext:ExtensionContent/efext:EformsExtension/efac:NoticeSubType/cbc:SubTypeCode[contains('29 30 31 32 33 34 35 36 37 T02   38 39 40', text())])))"", 'meets_xpath_condition': True}], 'message': None}"
370,2025-04-24 00:48:48.746065+00:00,"{'sdk_element_id': 'OPP-052-Organization', 'sdk_element_title': 'Acquiring CPB Buyer Indicator', 'sdk_element_xpath': '/*/ext:UBLExtensions/ext:UBLExtension/ext:ExtensionContent/efext:EformsExtension/efac:Organizations/efac:Organization/efbc:AcquiringCPBIndicator', 'test_data_xpaths': [], 'is_covered': False, 'xpath_conditions': [{'xpath_condition': ""efbc:AcquiringCPBIndicator/text()='true'"", 'meets_xpath_condition': True}, {'xpath_condition': ""efbc:AcquiringCPBIndicator/text()='true' and (/*/cbc:NoticeTypeCode/@listName='planning' or /*/cbc:NoticeTypeCode/@listName='competition' or /*/cbc:NoticeTypeCode/@listName='dir-awa-pre' or (/*/cbc:NoticeTypeCode/@listName='change' and exists(/*/ext:UBLExtensions/ext:UBLExtension/ext:ExtensionContent/efext:EformsExtension/efac:NoticeSubType/cbc:SubTypeCode[contains('1 2 3 4 5 6 7 8 9 T01   10 11 12 13 14 15 16 17 18 19 20 21 22 23 24 CEI   25 26 27 28', text())])))"", 'meets_xpath_condition': True}, {'xpath_condition': ""efbc:AcquiringCPBIndicator/text()='true' and (/*/cbc:NoticeTypeCode/@listName='result' or /*/cbc:NoticeTypeCode/@listName='cont-modif' or /*/cbc:NoticeTypeCode/@listName='consultation' or /*/cbc:NoticeTypeCode/@listName='completion' or (/*/cbc:NoticeTypeCode/@listName='change' and exists(/*/ext:UBLExtensions/ext:UBLExtension/ext:ExtensionContent/efext:EformsExtension/efac:NoticeSubType/cbc:SubTypeCode[contains('29 30 31 32 33 34 35 36 37 T02   38 39 40', text())])))"", 'meets_xpath_condition': True}], 'message': None}"
371,2025-04-24 00:48:48.746065+00:00,"{'sdk_element_id': 'ND-Touchpoint', 'sdk_element_title': None, 'sdk_element_xpath': '/*/ext:UBLExtensions/ext:UBLExtension/ext:ExtensionContent/efext:EformsExtension/efac:Organizations/efac:Organization/efac:TouchPoint', 'test_data_xpaths': [{'test_data_suite_oid': '6809839e9090eed3decccd14', 'test_data_suite_id': 'sdk_examples_pin-1.3', 'test_data_oid': '6809839e9090eed3decccd18', 'test_data_id': 'qu-sy_25', 'xpaths': [{'xpath': 'PriorInformationNotice/ext:UBLExtensions/ext:UBLExtension/ext:ExtensionContent/efext:EformsExtension/efac:Organizations/efac:Organization/efac:TouchPoint', 'value': None}]}], 'is_covered': True, 'xpath_conditions': [{'xpath_condition': '', 'meets_xpath_condition': True}], 'message': None}"
372,2025-04-24 00:48:48.746065+00:00,"{'sdk_element_id': 'OPT-201-Organization-TouchPoint', 'sdk_element_title': 'TouchPoint Technical Identifier', 'sdk_element_xpath': '/*/ext:UBLExtensions/ext:UBLExtension/ext:ExtensionContent/efext:EformsExtension/efac:Organizations/efac:Organization/efac:TouchPoint/cac:PartyIdentification/cbc:ID', 'test_data_xpaths': [{'test_data_suite_oid': '6809839e9090eed3decccd14', 'test_data_suite_id': 'sdk_examples_pin-1.3', 'test_data_oid': '6809839e9090eed3decccd18', 'test_data_id': 'qu-sy_25', 'xpaths': [{'xpath': 'PriorInformationNotice/ext:UBLExtensions/ext:UBLExtension/ext:ExtensionContent/efext:EformsExtension/efac:Organizations/efac:Organization/efac:TouchPoint/cac:PartyIdentification/cbc:ID', 'value': 'TPO-0001'}]}], 'is_covered': True, 'xpath_conditions': [{'xpath_condition': '', 'meets_xpath_condition': True}], 'message': None}"
373,2025-04-24 00:48:48.746065+00:00,"{'sdk_element_id': 'BT-500-Organization-TouchPoint', 'sdk_element_title': 'Name', 'sdk_element_xpath': '/*/ext:UBLExtensions/ext:UBLExtension/ext:ExtensionContent/efext:EformsExtension/efac:Organizations/efac:Organization/efac:TouchPoint/cac:PartyName/cbc:Name', 'test_data_xpaths': [{'test_data_suite_oid': '6809839e9090eed3decccd14', 'test_data_suite_id': 'sdk_examples_pin-1.3', 'test_data_oid': '6809839e9090eed3decccd18', 'test_data_id': 'qu-sy_25', 'xpaths': [{'xpath': 'PriorInformationNotice/ext:UBLExtensions/ext:UBLExtension/ext:ExtensionContent/efext:EformsExtension/efac:Organizations/efac:Organization/efac:TouchPoint/cac:PartyName/cbc:Name', 'value': 'Responsabile del Procedimento'}]}], 'is_covered': True, 'xpath_conditions': [{'xpath_condition': '', 'meets_xpath_condition': True}], 'message': None}"
374,2025-04-24 00:48:48.746065+00:00,"{'sdk_element_id': 'ND-TouchpointAddress', 'sdk_element_title': None, 'sdk_element_xpath': '/*/ext:UBLExtensions/ext:UBLExtension/ext:ExtensionContent/efext:EformsExtension/efac:Organizations/efac:Organization/efac:TouchPoint/cac:PostalAddress', 'test_data_xpaths': [{'test_data_suite_oid': '6809839e9090eed3decccd14', 'test_data_suite_id': 'sdk_examples_pin-1.3', 'test_data_oid': '6809839e9090eed3decccd18', 'test_data_id': 'qu-sy_25', 'xpaths': [{'xpath': 'PriorInformationNotice/ext:UBLExtensions/ext:UBLExtension/ext:ExtensionContent/efext:EformsExtension/efac:Organizations/efac:Organization/efac:TouchPoint/cac:PostalAddress', 'value': None}]}], 'is_covered': True, 'xpath_conditions': [{'xpath_condition': '', 'meets_xpath_condition': True}], 'message': None}"
375,2025-04-24 00:48:48.746065+00:00,"{'sdk_element_id': 'BT-16-Organization-TouchPoint', 'sdk_element_title': 'Part Name', 'sdk_element_xpath': '/*/ext:UBLExtensions/ext:UBLExtension/ext:ExtensionContent/efext:EformsExtension/efac:Organizations/efac:Organization/efac:TouchPoint/cac:PostalAddress/cbc:Department', 'test_data_xpaths': [], 'is_covered': False, 'xpath_conditions': [{'xpath_condition': '', 'meets_xpath_condition': True}], 'message': None}"
376,2025-04-24 00:48:48.746065+00:00,"{'sdk_element_id': 'BT-505-Organization-TouchPoint', 'sdk_element_title': 'Internet Address', 'sdk_element_xpath': '/*/ext:UBLExtensions/ext:UBLExtension/ext:ExtensionContent/efext:EformsExtension/efac:Organizations/efac:Organization/efac:TouchPoint/cbc:WebsiteURI', 'test_data_xpaths': [{'test_data_suite_oid': '6809839e9090eed3decccd14', 'test_data_suite_id': 'sdk_examples_pin-1.3', 'test_data_oid': '6809839e9090eed3decccd18', 'test_data_id': 'qu-sy_25', 'xpaths': [{'xpath': 'PriorInformationNotice/ext:UBLExtensions/ext:UBLExtension/ext:ExtensionContent/efext:EformsExtension/efac:Organizations/efac:Organization/efac:TouchPoint/cbc:WebsiteURI', 'value': 'http://www.acquebresciane.it'}]}], 'is_covered': True, 'xpath_conditions': [{'xpath_condition': '', 'meets_xpath_condition': True}], 'message': None}"
377,2025-04-24 00:48:48.746065+00:00,"{'sdk_element_id': 'BT-509-Organization-TouchPoint', 'sdk_element_title': 'eDelivery Gateway', 'sdk_element_xpath': '/*/ext:UBLExtensions/ext:UBLExtension/ext:ExtensionContent/efext:EformsExtension/efac:Organizations/efac:Organization/efac:TouchPoint/cbc:EndpointID', 'test_data_xpaths': [], 'is_covered': False, 'xpath_conditions': [{'xpath_condition': '', 'meets_xpath_condition': True}], 'message': None}"
378,2025-04-24 00:48:48.746065+00:00,"{'sdk_element_id': 'BT-510(a)-Organization-TouchPoint', 'sdk_element_title': 'Street', 'sdk_element_xpath': '/*/ext:UBLExtensions/ext:UBLExtension/ext:ExtensionContent/efext:EformsExtension/efac:Organizations/efac:Organization/efac:TouchPoint/cac:PostalAddress/cbc:StreetName', 'test_data_xpaths': [{'test_data_suite_oid': '6809839e9090eed3decccd14', 'test_data_suite_id': 'sdk_examples_pin-1.3', 'test_data_oid': '6809839e9090eed3decccd18', 'test_data_id': 'qu-sy_25', 'xpaths': [{'xpath': 'PriorInformationNotice/ext:UBLExtensions/ext:UBLExtension/ext:ExtensionContent/efext:EformsExtension/efac:Organizations/efac:Organization/efac:TouchPoint/cac:PostalAddress/cbc:StreetName', 'value': 'via XXV Aprile 18'}]}], 'is_covered': True, 'xpath_conditions': [{'xpath_condition': '', 'meets_xpath_condition': True}], 'message': None}"
379,2025-04-24 00:48:48.746065+00:00,"{'sdk_element_id': 'BT-510(b)-Organization-TouchPoint', 'sdk_element_title': 'Streetline 1', 'sdk_element_xpath': '/*/ext:UBLExtensions/ext:UBLExtension/ext:ExtensionContent/efext:EformsExtension/efac:Organizations/efac:Organization/efac:TouchPoint/cac:PostalAddress/cbc:AdditionalStreetName', 'test_data_xpaths': [], 'is_covered': False, 'xpath_conditions': [{'xpath_condition': '', 'meets_xpath_condition': True}], 'message': None}"
380,2025-04-24 00:48:48.746065+00:00,"{'sdk_element_id': 'BT-510(c)-Organization-TouchPoint', 'sdk_element_title': 'Streetline 2', 'sdk_element_xpath': '/*/ext:UBLExtensions/ext:UBLExtension/ext:ExtensionContent/efext:EformsExtension/efac:Organizations/efac:Organization/efac:TouchPoint/cac:PostalAddress/cac:AddressLine/cbc:Line', 'test_data_xpaths': [], 'is_covered': False, 'xpath_conditions': [{'xpath_condition': '', 'meets_xpath_condition': True}], 'message': None}"
381,2025-04-24 00:48:48.746065+00:00,"{'sdk_element_id': 'BT-513-Organization-TouchPoint', 'sdk_element_title': 'City', 'sdk_element_xpath': '/*/ext:UBLExtensions/ext:UBLExtension/ext:ExtensionContent/efext:EformsExtension/efac:Organizations/efac:Organization/efac:TouchPoint/cac:PostalAddress/cbc:CityName', 'test_data_xpaths': [{'test_data_suite_oid': '6809839e9090eed3decccd14', 'test_data_suite_id': 'sdk_examples_pin-1.3', 'test_data_oid': '6809839e9090eed3decccd18', 'test_data_id': 'qu-sy_25', 'xpaths': [{'xpath': 'PriorInformationNotice/ext:UBLExtensions/ext:UBLExtension/ext:ExtensionContent/efext:EformsExtension/efac:Organizations/efac:Organization/efac:TouchPoint/cac:PostalAddress/cbc:CityName', 'value': 'Rovato'}]}], 'is_covered': True, 'xpath_conditions': [{'xpath_condition': '', 'meets_xpath_condition': True}, {'xpath_condition': 'exists(cbc:Department) or exists(cbc:StreetName) or exists(cbc:AdditionalStreetName) or exists(cac:AddressLine/cbc:Line)', 'meets_xpath_condition': True}], 'message': None}"
382,2025-04-24 00:48:48.746065+00:00,"{'sdk_element_id': 'BT-512-Organization-TouchPoint', 'sdk_element_title': 'Post Code', 'sdk_element_xpath': '/*/ext:UBLExtensions/ext:UBLExtension/ext:ExtensionContent/efext:EformsExtension/efac:Organizations/efac:Organization/efac:TouchPoint/cac:PostalAddress/cbc:PostalZone', 'test_data_xpaths': [{'test_data_suite_oid': '6809839e9090eed3decccd14', 'test_data_suite_id': 'sdk_examples_pin-1.3', 'test_data_oid': '6809839e9090eed3decccd18', 'test_data_id': 'qu-sy_25', 'xpaths': [{'xpath': 'PriorInformationNotice/ext:UBLExtensions/ext:UBLExtension/ext:ExtensionContent/efext:EformsExtension/efac:Organizations/efac:Organization/efac:TouchPoint/cac:PostalAddress/cbc:PostalZone', 'value': '25038'}]}], 'is_covered': True, 'xpath_conditions': [{'xpath_condition': '', 'meets_xpath_condition': True}, {'xpath_condition': 'exists(cbc:Department) or exists(cbc:StreetName) or exists(cbc:AdditionalStreetName) or exists(cac:AddressLine/cbc:Line)', 'meets_xpath_condition': True}], 'message': None}"
383,2025-04-24 00:48:48.746065+00:00,"{'sdk_element_id': 'BT-507-Organization-TouchPoint', 'sdk_element_title': 'Country Subdivision', 'sdk_element_xpath': '/*/ext:UBLExtensions/ext:UBLExtension/ext:ExtensionContent/efext:EformsExtension/efac:Organizations/efac:Organization/efac:TouchPoint/cac:PostalAddress/cbc:CountrySubentityCode', 'test_data_xpaths': [{'test_data_suite_oid': '6809839e9090eed3decccd14', 'test_data_suite_id': 'sdk_examples_pin-1.3', 'test_data_oid': '6809839e9090eed3decccd18', 'test_data_id': 'qu-sy_25', 'xpaths': [{'xpath': 'PriorInformationNotice/ext:UBLExtensions/ext:UBLExtension/ext:ExtensionContent/efext:EformsExtension/efac:Organizations/efac:Organization/efac:TouchPoint/cac:PostalAddress/cbc:CountrySubentityCode', 'value': 'ITC47'}]}], 'is_covered': True, 'xpath_conditions': [{'xpath_condition': '', 'meets_xpath_condition': True}], 'message': None}"
384,2025-04-24 00:48:48.746065+00:00,"{'sdk_element_id': 'BT-514-Organization-TouchPoint', 'sdk_element_title': 'Country Code', 'sdk_element_xpath': '/*/ext:UBLExtensions/ext:UBLExtension/ext:ExtensionContent/efext:EformsExtension/efac:Organizations/efac:Organization/efac:TouchPoint/cac:PostalAddress/cac:Country/cbc:IdentificationCode', 'test_data_xpaths': [{'test_data_suite_oid': '6809839e9090eed3decccd14', 'test_data_suite_id': 'sdk_examples_pin-1.3', 'test_data_oid': '6809839e9090eed3decccd18', 'test_data_id': 'qu-sy_25', 'xpaths': [{'xpath': 'PriorInformationNotice/ext:UBLExtensions/ext:UBLExtension/ext:ExtensionContent/efext:EformsExtension/efac:Organizations/efac:Organization/efac:TouchPoint/cac:PostalAddress/cac:Country/cbc:IdentificationCode', 'value': 'ITA'}]}], 'is_covered': True, 'xpath_conditions': [{'xpath_condition': '', 'meets_xpath_condition': True}, {'xpath_condition': 'exists(cbc:Department) or exists(cbc:StreetName) or exists(cbc:AdditionalStreetName) or exists(cac:AddressLine/cbc:Line)', 'meets_xpath_condition': True}], 'message': None}"
385,2025-04-24 00:48:48.746065+00:00,"{'sdk_element_id': 'ND-TouchpointContact', 'sdk_element_title': None, 'sdk_element_xpath': '/*/ext:UBLExtensions/ext:UBLExtension/ext:ExtensionContent/efext:EformsExtension/efac:Organizations/efac:Organization/efac:TouchPoint/cac:Contact', 'test_data_xpaths': [{'test_data_suite_oid': '6809839e9090eed3decccd14', 'test_data_suite_id': 'sdk_examples_pin-1.3', 'test_data_oid': '6809839e9090eed3decccd18', 'test_data_id': 'qu-sy_25', 'xpaths': [{'xpath': 'PriorInformationNotice/ext:UBLExtensions/ext:UBLExtension/ext:ExtensionContent/efext:EformsExtension/efac:Organizations/efac:Organization/efac:TouchPoint/cac:Contact', 'value': None}]}], 'is_covered': True, 'xpath_conditions': [{'xpath_condition': '', 'meets_xpath_condition': True}], 'message': None}"
386,2025-04-24 00:48:48.746065+00:00,"{'sdk_element_id': 'BT-502-Organization-TouchPoint', 'sdk_element_title': 'Contact Point', 'sdk_element_xpath': '/*/ext:UBLExtensions/ext:UBLExtension/ext:ExtensionContent/efext:EformsExtension/efac:Organizations/efac:Organization/efac:TouchPoint/cac:Contact/cbc:Name', 'test_data_xpaths': [], 'is_covered': False, 'xpath_conditions': [{'xpath_condition': '', 'meets_xpath_condition': True}], 'message': None}"
387,2025-04-24 00:48:48.746065+00:00,"{'sdk_element_id': 'BT-506-Organization-TouchPoint', 'sdk_element_title': 'Contact Email Address', 'sdk_element_xpath': '/*/ext:UBLExtensions/ext:UBLExtension/ext:ExtensionContent/efext:EformsExtension/efac:Organizations/efac:Organization/efac:TouchPoint/cac:Contact/cbc:ElectronicMail', 'test_data_xpaths': [{'test_data_suite_oid': '6809839e9090eed3decccd14', 'test_data_suite_id': 'sdk_examples_pin-1.3', 'test_data_oid': '6809839e9090eed3decccd18', 'test_data_id': 'qu-sy_25', 'xpaths': [{'xpath': 'PriorInformationNotice/ext:UBLExtensions/ext:UBLExtension/ext:ExtensionContent/efext:EformsExtension/efac:Organizations/efac:Organization/efac:TouchPoint/cac:Contact/cbc:ElectronicMail', 'value': 'contact@acquebresciane.it'}]}], 'is_covered': True, 'xpath_conditions': [{'xpath_condition': '', 'meets_xpath_condition': True}], 'message': None}"
388,2025-04-24 00:48:48.746065+00:00,"{'sdk_element_id': 'BT-503-Organization-TouchPoint', 'sdk_element_title': 'Contact Telephone Number', 'sdk_element_xpath': '/*/ext:UBLExtensions/ext:UBLExtension/ext:ExtensionContent/efext:EformsExtension/efac:Organizations/efac:Organization/efac:TouchPoint/cac:Contact/cbc:Telephone', 'test_data_xpaths': [{'test_data_suite_oid': '6809839e9090eed3decccd14', 'test_data_suite_id': 'sdk_examples_pin-1.3', 'test_data_oid': '6809839e9090eed3decccd18', 'test_data_id': 'qu-sy_25', 'xpaths': [{'xpath': 'PriorInformationNotice/ext:UBLExtensions/ext:UBLExtension/ext:ExtensionContent/efext:EformsExtension/efac:Organizations/efac:Organization/efac:TouchPoint/cac:Contact/cbc:Telephone', 'value': '+39 03077199'}]}], 'is_covered': True, 'xpath_conditions': [{'xpath_condition': '', 'meets_xpath_condition': True}], 'message': None}"
389,2025-04-24 00:48:48.746065+00:00,"{'sdk_element_id': 'BT-739-Organization-TouchPoint', 'sdk_element_title': 'Contact Fax', 'sdk_element_xpath': '/*/ext:UBLExtensions/ext:UBLExtension/ext:ExtensionContent/efext:EformsExtension/efac:Organizations/efac:Organization/efac:TouchPoint/cac:Contact/cbc:Telefax', 'test_data_xpaths': [{'test_data_suite_oid': '6809839e9090eed3decccd14', 'test_data_suite_id': 'sdk_examples_pin-1.3', 'test_data_oid': '6809839e9090eed3decccd18', 'test_data_id': 'qu-sy_25', 'xpaths': [{'xpath': 'PriorInformationNotice/ext:UBLExtensions/ext:UBLExtension/ext:ExtensionContent/efext:EformsExtension/efac:Organizations/efac:Organization/efac:TouchPoint/cac:Contact/cbc:Telefax', 'value': '+39 030771999'}]}], 'is_covered': True, 'xpath_conditions': [{'xpath_condition': '', 'meets_xpath_condition': True}], 'message': None}"
390,2025-04-24 00:48:48.746065+00:00,"{'sdk_element_id': 'OPT-999', 'sdk_element_title': 'Dummy Tender Award Date', 'sdk_element_xpath': '/*/cac:TenderResult/cbc:AwardDate', 'test_data_xpaths': [], 'is_covered': False, 'xpath_conditions': [{'xpath_condition': '', 'meets_xpath_condition': True}], 'message': None}"
391,2025-04-24 00:48:48.746065+00:00,"{'sdk_element_id': 'ND-DirectAward', 'sdk_element_title': None, 'sdk_element_xpath': ""/*/cac:TenderingProcess/cac:ProcessJustification[cbc:ProcessReasonCode/@listName='direct-award-justification']"", 'test_data_xpaths': [], 'is_covered': False, 'xpath_conditions': [{'xpath_condition': '', 'meets_xpath_condition': True}], 'message': None}"
392,2025-04-24 00:48:48.746065+00:00,"{'sdk_element_id': 'BT-136-Procedure', 'sdk_element_title': 'Direct Award Justification Code', 'sdk_element_xpath': ""/*/cac:TenderingProcess/cac:ProcessJustification[cbc:ProcessReasonCode/@listName='direct-award-justification']/cbc:ProcessReasonCode"", 'test_data_xpaths': [], 'is_covered': False, 'xpath_conditions': [{'xpath_condition': ""not( exists(ext:UBLExtensions/ext:UBLExtension/ext:ExtensionContent/efext:EformsExtension/efac:FieldsPrivacy[efbc:FieldIdentifierCode/text()='dir-awa-jus']) and cbc:ProcessReasonCode/text() = 'unpublished' )"", 'meets_xpath_condition': True}], 'message': None}"
393,2025-04-24 00:48:48.746065+00:00,"{'sdk_element_id': 'BT-135-Procedure', 'sdk_element_title': 'Direct Award Justification Text', 'sdk_element_xpath': ""/*/cac:TenderingProcess/cac:ProcessJustification[cbc:ProcessReasonCode/@listName='direct-award-justification']/cbc:ProcessReason"", 'test_data_xpaths': [], 'is_covered': False, 'xpath_conditions': [{'xpath_condition': ""not( exists(ext:UBLExtensions/ext:UBLExtension/ext:ExtensionContent/efext:EformsExtension/efac:FieldsPrivacy[efbc:FieldIdentifierCode/text()='dir-awa-tex']) and cbc:ProcessReason/text() = 'unpublished' )"", 'meets_xpath_condition': True}], 'message': None}"
394,2025-04-24 00:48:48.746065+00:00,"{'sdk_element_id': 'BT-1252-Procedure', 'sdk_element_title': 'Direct Award Justification Previous Procedure Identifier', 'sdk_element_xpath': ""/*/cac:TenderingProcess/cac:ProcessJustification[cbc:ProcessReasonCode/@listName='direct-award-justification']/cbc:Description"", 'test_data_xpaths': [], 'is_covered': False, 'xpath_conditions': [{'xpath_condition': ""not( exists(ext:UBLExtensions/ext:UBLExtension/ext:ExtensionContent/efext:EformsExtension/efac:FieldsPrivacy[efbc:FieldIdentifierCode/text()='dir-awa-pre']) and cbc:Description/text() = 'unpublished' )"", 'meets_xpath_condition': True}], 'message': None}"
395,2025-04-24 00:48:48.746065+00:00,"{'sdk_element_id': 'BT-756-Procedure', 'sdk_element_title': 'PIN Competition Termination', 'sdk_element_xpath': '/*/cac:TenderingProcess/cbc:TerminatedIndicator', 'test_data_xpaths': [], 'is_covered': False, 'xpath_conditions': [{'xpath_condition': '', 'meets_xpath_condition': True}], 'message': None}"
396,2025-04-24 00:48:48.746065+00:00,"{'sdk_element_id': 'ND-NoticeResult', 'sdk_element_title': None, 'sdk_element_xpath': '/*/ext:UBLExtensions/ext:UBLExtension/ext:ExtensionContent/efext:EformsExtension/efac:NoticeResult', 'test_data_xpaths': [], 'is_covered': False, 'xpath_conditions': [{'xpath_condition': '', 'meets_xpath_condition': True}], 'message': None}"
397,2025-04-24 00:48:48.746065+00:00,"{'sdk_element_id': 'BT-161-NoticeResult', 'sdk_element_title': 'Notice Value', 'sdk_element_xpath': '/*/ext:UBLExtensions/ext:UBLExtension/ext:ExtensionContent/efext:EformsExtension/efac:NoticeResult/cbc:TotalAmount', 'test_data_xpaths': [], 'is_covered': False, 'xpath_conditions': [{'xpath_condition': ""not( exists(efac:FieldsPrivacy[efbc:FieldIdentifierCode/text()='not-val']) and cbc:TotalAmount/text() = '-1' )"", 'meets_xpath_condition': True}], 'message': None}"
398,2025-04-24 00:48:48.746065+00:00,"{'sdk_element_id': 'BT-118-NoticeResult', 'sdk_element_title': 'Notice Framework Value', 'sdk_element_xpath': '/*/ext:UBLExtensions/ext:UBLExtension/ext:ExtensionContent/efext:EformsExtension/efac:NoticeResult/efbc:OverallMaximumFrameworkContractsAmount', 'test_data_xpaths': [], 'is_covered': False, 'xpath_conditions': [{'xpath_condition': ""not( exists(efac:FieldsPrivacy[efbc:FieldIdentifierCode/text()='not-max-val']) and efbc:OverallMaximumFrameworkContractsAmount/text() = '-1' )"", 'meets_xpath_condition': True}], 'message': None}"
399,2025-04-24 00:48:48.746065+00:00,"{'sdk_element_id': 'BT-1118-NoticeResult', 'sdk_element_title': 'Notice Framework Approximate Value', 'sdk_element_xpath': '/*/ext:UBLExtensions/ext:UBLExtension/ext:ExtensionContent/efext:EformsExtension/efac:NoticeResult/efbc:OverallApproximateFrameworkContractsAmount', 'test_data_xpaths': [], 'is_covered': False, 'xpath_conditions': [{'xpath_condition': ""not( exists(efac:FieldsPrivacy[efbc:FieldIdentifierCode/text()='not-app-val']) and efbc:OverallApproximateFrameworkContractsAmount/text() = '-1' )"", 'meets_xpath_condition': True}], 'message': None}"
400,2025-04-24 00:48:48.746065+00:00,"{'sdk_element_id': 'ND-NoticeResultGroupFA', 'sdk_element_title': None, 'sdk_element_xpath': '/*/ext:UBLExtensions/ext:UBLExtension/ext:ExtensionContent/efext:EformsExtension/efac:NoticeResult/efac:GroupFramework', 'test_data_xpaths': [], 'is_covered': False, 'xpath_conditions': [{'xpath_condition': '', 'meets_xpath_condition': True}, {'xpath_condition': ""/*/cbc:NoticeTypeCode/@listName='dir-awa-pre' or /*/cbc:NoticeTypeCode/@listName='result' or /*/cbc:NoticeTypeCode/@listName='cont-modif' or /*/cbc:NoticeTypeCode/@listName='completion' or (/*/cbc:NoticeTypeCode/@listName='change' and exists(/*/ext:UBLExtensions/ext:UBLExtension/ext:ExtensionContent/efext:EformsExtension/efac:NoticeSubType/cbc:SubTypeCode[contains('25 26 27 28   29 30 31 32 33 34 35 36 37 T02   38 39 40', text())]))"", 'meets_xpath_condition': True}], 'message': None}"
401,2025-04-24 00:48:48.746065+00:00,"{'sdk_element_id': 'BT-556-NoticeResult', 'sdk_element_title': 'Group Framework Value Lot Identifier', 'sdk_element_xpath': '/*/ext:UBLExtensions/ext:UBLExtension/ext:ExtensionContent/efext:EformsExtension/efac:NoticeResult/efac:GroupFramework/efac:TenderLot/cbc:ID', 'test_data_xpaths': [], 'is_covered': False, 'xpath_conditions': [{'xpath_condition': ""not( exists(efac:FieldsPrivacy[efbc:FieldIdentifierCode/text()='gro-max-ide']) and efac:TenderLot/cbc:ID/text() = 'unpublished' )"", 'meets_xpath_condition': True}], 'message': None}"
402,2025-04-24 00:48:48.746065+00:00,"{'sdk_element_id': 'BT-156-NoticeResult', 'sdk_element_title': 'Group Framework Value', 'sdk_element_xpath': '/*/ext:UBLExtensions/ext:UBLExtension/ext:ExtensionContent/efext:EformsExtension/efac:NoticeResult/efac:GroupFramework/efbc:GroupFrameworkMaximumValueAmount', 'test_data_xpaths': [], 'is_covered': False, 'xpath_conditions': [{'xpath_condition': ""not( exists(efac:FieldsPrivacy[efbc:FieldIdentifierCode/text()='gro-max-val']) and efbc:GroupFrameworkMaximumValueAmount/text() = '-1' )"", 'meets_xpath_condition': True}], 'message': None}"
403,2025-04-24 00:48:48.746065+00:00,"{'sdk_element_id': 'ND-TenderingParty', 'sdk_element_title': None, 'sdk_element_xpath': '/*/ext:UBLExtensions/ext:UBLExtension/ext:ExtensionContent/efext:EformsExtension/efac:NoticeResult/efac:TenderingParty', 'test_data_xpaths': [], 'is_covered': False, 'xpath_conditions': [{'xpath_condition': '', 'meets_xpath_condition': True}, {'xpath_condition': ""/*/cbc:NoticeTypeCode/@listName='result' or /*/cbc:NoticeTypeCode/@listName='dir-awa-pre' or (/*/cbc:NoticeTypeCode/@listName='change' and exists(/*/ext:UBLExtensions/ext:UBLExtension/ext:ExtensionContent/efext:EformsExtension/efac:NoticeSubType/cbc:SubTypeCode[contains('29 30 31 32 33 34 35 36 37 T02   25 26 27 28', text())]))"", 'meets_xpath_condition': True}, {'xpath_condition': ""/*/cbc:NoticeTypeCode/@listName='completion' or /*/cbc:NoticeTypeCode/@listName='cont-modif' or (/*/cbc:NoticeTypeCode/@listName='change' and exists(/*/ext:UBLExtensions/ext:UBLExtension/ext:ExtensionContent/efext:EformsExtension/efac:NoticeSubType/cbc:SubTypeCode[contains('38 39 40', text())]))"", 'meets_xpath_condition': True}, {'xpath_condition': 'exists( efac:Tenderer[2] )', 'meets_xpath_condition': False}], 'message': None}"
404,2025-04-24 00:48:48.746065+00:00,"{'sdk_element_id': 'OPT-210-Tenderer', 'sdk_element_title': 'Tendering Party ID', 'sdk_element_xpath': '/*/ext:UBLExtensions/ext:UBLExtension/ext:ExtensionContent/efext:EformsExtension/efac:NoticeResult/efac:TenderingParty/cbc:ID', 'test_data_xpaths': [], 'is_covered': False, 'xpath_conditions': [{'xpath_condition': 'exists( efac:Tenderer[2] )', 'meets_xpath_condition': True}], 'message': None}"
405,2025-04-24 00:48:48.746065+00:00,"{'sdk_element_id': 'ND-Tenderer', 'sdk_element_title': None, 'sdk_element_xpath': '/*/ext:UBLExtensions/ext:UBLExtension/ext:ExtensionContent/efext:EformsExtension/efac:NoticeResult/efac:TenderingParty/efac:Tenderer', 'test_data_xpaths': [], 'is_covered': False, 'xpath_conditions': [{'xpath_condition': '', 'meets_xpath_condition': True}], 'message': None}"
406,2025-04-24 00:48:48.746065+00:00,"{'sdk_element_id': 'OPT-300-Tenderer', 'sdk_element_title': 'Tenderer ID Reference ', 'sdk_element_xpath': '/*/ext:UBLExtensions/ext:UBLExtension/ext:ExtensionContent/efext:EformsExtension/efac:NoticeResult/efac:TenderingParty/efac:Tenderer/cbc:ID', 'test_data_xpaths': [], 'is_covered': False, 'xpath_conditions': [{'xpath_condition': 'not( exists( ../efac:Tenderer[2] ) )', 'meets_xpath_condition': True}, {'xpath_condition': 'exists( ../efac:Tenderer[2] )', 'meets_xpath_condition': True}], 'message': None}"
407,2025-04-24 00:48:48.746065+00:00,"{'sdk_element_id': 'OPT-170-Tenderer', 'sdk_element_title': 'Tendering Party Leader ', 'sdk_element_xpath': '/*/ext:UBLExtensions/ext:UBLExtension/ext:ExtensionContent/efext:EformsExtension/efac:NoticeResult/efac:TenderingParty/efac:Tenderer/efbc:GroupLeadIndicator', 'test_data_xpaths': [], 'is_covered': False, 'xpath_conditions': [{'xpath_condition': ""exists( ../efac:Tenderer[2] ) and efbc:GroupLeadIndicator='true'"", 'meets_xpath_condition': True}], 'message': None}"
408,2025-04-24 00:48:48.746065+00:00,"{'sdk_element_id': 'ND-SubContractor', 'sdk_element_title': None, 'sdk_element_xpath': '/*/ext:UBLExtensions/ext:UBLExtension/ext:ExtensionContent/efext:EformsExtension/efac:NoticeResult/efac:TenderingParty/efac:SubContractor', 'test_data_xpaths': [], 'is_covered': False, 'xpath_conditions': [{'xpath_condition': '', 'meets_xpath_condition': True}, {'xpath_condition': ""/*/cbc:NoticeTypeCode/@listName='result' or /*/cbc:NoticeTypeCode/@listName='dir-awa-pre' or (/*/cbc:NoticeTypeCode/@listName='change' and exists(/*/ext:UBLExtensions/ext:UBLExtension/ext:ExtensionContent/efext:EformsExtension/efac:NoticeSubType/cbc:SubTypeCode[contains('29 30 31 32 33 34 35 36 37 T02   25 26 27 28', text())]))"", 'meets_xpath_condition': True}, {'xpath_condition': ""/*/cbc:NoticeTypeCode/@listName='completion' or /*/cbc:NoticeTypeCode/@listName='cont-modif' or (/*/cbc:NoticeTypeCode/@listName='change' and exists(/*/ext:UBLExtensions/ext:UBLExtension/ext:ExtensionContent/efext:EformsExtension/efac:NoticeSubType/cbc:SubTypeCode[contains('38 39 40', text())]))"", 'meets_xpath_condition': True}, {'xpath_condition': '../../efac:LotTender/efac:TenderingParty/cbc:ID = ../cbc:ID ', 'meets_xpath_condition': False}], 'message': None}"
409,2025-04-24 00:48:48.746065+00:00,"{'sdk_element_id': 'OPT-301-Tenderer-SubCont', 'sdk_element_title': 'Subcontractor ID Reference', 'sdk_element_xpath': '/*/ext:UBLExtensions/ext:UBLExtension/ext:ExtensionContent/efext:EformsExtension/efac:NoticeResult/efac:TenderingParty/efac:SubContractor/cbc:ID', 'test_data_xpaths': [], 'is_covered': False, 'xpath_conditions': [{'xpath_condition': '', 'meets_xpath_condition': True}], 'message': None}"
410,2025-04-24 00:48:48.746065+00:00,"{'sdk_element_id': 'OPT-301-Tenderer-MainCont', 'sdk_element_title': 'Main Contractor ID Reference', 'sdk_element_xpath': '/*/ext:UBLExtensions/ext:UBLExtension/ext:ExtensionContent/efext:EformsExtension/efac:NoticeResult/efac:TenderingParty/efac:SubContractor/efac:MainContractor/cbc:ID', 'test_data_xpaths': [], 'is_covered': False, 'xpath_conditions': [{'xpath_condition': '', 'meets_xpath_condition': True}], 'message': None}"
411,2025-04-24 00:48:48.746065+00:00,"{'sdk_element_id': 'ND-SettledContract', 'sdk_element_title': None, 'sdk_element_xpath': '/*/ext:UBLExtensions/ext:UBLExtension/ext:ExtensionContent/efext:EformsExtension/efac:NoticeResult/efac:SettledContract', 'test_data_xpaths': [], 'is_covered': False, 'xpath_conditions': [{'xpath_condition': '', 'meets_xpath_condition': True}, {'xpath_condition': ""/*/cac:ProcurementProjectLot[(cbc:ID/@schemeName='Lot') and (cbc:ID/text()=/*/ext:UBLExtensions/ext:UBLExtension/ext:ExtensionContent/efext:EformsExtension/efac:NoticeResult/efac:LotTender[cbc:ID/text()=//efac:LotTender/cbc:ID/text()]/efac:TenderLot/cbc:ID/text())]/cac:TenderingProcess/cac:ContractingSystem/cbc:ContractingSystemTypeCode[@listName='framework-agreement' and starts-with(text(),'fa-')]"", 'meets_xpath_condition': False}], 'message': None}"
412,2025-04-24 00:48:48.746065+00:00,"{'sdk_element_id': 'OPT-316-Contract', 'sdk_element_title': 'Contract Technical Identifier', 'sdk_element_xpath': '/*/ext:UBLExtensions/ext:UBLExtension/ext:ExtensionContent/efext:EformsExtension/efac:NoticeResult/efac:SettledContract/cbc:ID', 'test_data_xpaths': [], 'is_covered': False, 'xpath_conditions': [{'xpath_condition': '', 'meets_xpath_condition': True}], 'message': None}"
413,2025-04-24 00:48:48.746065+00:00,"{'sdk_element_id': 'BT-150-Contract', 'sdk_element_title': 'Contract Identifier', 'sdk_element_xpath': '/*/ext:UBLExtensions/ext:UBLExtension/ext:ExtensionContent/efext:EformsExtension/efac:NoticeResult/efac:SettledContract/efac:ContractReference/cbc:ID', 'test_data_xpaths': [], 'is_covered': False, 'xpath_conditions': [{'xpath_condition': '', 'meets_xpath_condition': True}], 'message': None}"
414,2025-04-24 00:48:48.746065+00:00,"{'sdk_element_id': 'BT-1451-Contract', 'sdk_element_title': 'Winner Decision Date', 'sdk_element_xpath': '/*/ext:UBLExtensions/ext:UBLExtension/ext:ExtensionContent/efext:EformsExtension/efac:NoticeResult/efac:SettledContract/cbc:AwardDate', 'test_data_xpaths': [], 'is_covered': False, 'xpath_conditions': [{'xpath_condition': '', 'meets_xpath_condition': True}], 'message': None}"
415,2025-04-24 00:48:48.746065+00:00,"{'sdk_element_id': 'BT-145-Contract', 'sdk_element_title': 'Contract Conclusion Date', 'sdk_element_xpath': '/*/ext:UBLExtensions/ext:UBLExtension/ext:ExtensionContent/efext:EformsExtension/efac:NoticeResult/efac:SettledContract/cbc:IssueDate', 'test_data_xpaths': [], 'is_covered': False, 'xpath_conditions': [{'xpath_condition': '', 'meets_xpath_condition': True}], 'message': None}"
416,2025-04-24 00:48:48.746065+00:00,"{'sdk_element_id': 'BT-721-Contract', 'sdk_element_title': 'Contract Title', 'sdk_element_xpath': '/*/ext:UBLExtensions/ext:UBLExtension/ext:ExtensionContent/efext:EformsExtension/efac:NoticeResult/efac:SettledContract/cbc:Title', 'test_data_xpaths': [], 'is_covered': False, 'xpath_conditions': [{'xpath_condition': '', 'meets_xpath_condition': True}], 'message': None}"
417,2025-04-24 00:48:48.746065+00:00,"{'sdk_element_id': 'BT-151-Contract', 'sdk_element_title': 'Contract URL', 'sdk_element_xpath': '/*/ext:UBLExtensions/ext:UBLExtension/ext:ExtensionContent/efext:EformsExtension/efac:NoticeResult/efac:SettledContract/cbc:URI', 'test_data_xpaths': [], 'is_covered': False, 'xpath_conditions': [{'xpath_condition': '', 'meets_xpath_condition': True}], 'message': None}"
418,2025-04-24 00:48:48.746065+00:00,"{'sdk_element_id': 'BT-768-Contract', 'sdk_element_title': 'Contract Framework Agreement', 'sdk_element_xpath': '/*/ext:UBLExtensions/ext:UBLExtension/ext:ExtensionContent/efext:EformsExtension/efac:NoticeResult/efac:SettledContract/efbc:ContractFrameworkIndicator', 'test_data_xpaths': [], 'is_covered': False, 'xpath_conditions': [{'xpath_condition': 'efbc:ContractFrameworkIndicator=true', 'meets_xpath_condition': False}], 'message': None}"
419,2025-04-24 00:48:48.746065+00:00,"{'sdk_element_id': 'OPT-100-Contract', 'sdk_element_title': 'Framework Notice Identifier', 'sdk_element_xpath': '/*/ext:UBLExtensions/ext:UBLExtension/ext:ExtensionContent/efext:EformsExtension/efac:NoticeResult/efac:SettledContract/cac:NoticeDocumentReference/cbc:ID', 'test_data_xpaths': [], 'is_covered': False, 'xpath_conditions': [{'xpath_condition': '', 'meets_xpath_condition': True}], 'message': None}"
420,2025-04-24 00:48:48.746065+00:00,"{'sdk_element_id': 'BT-3202-Contract', 'sdk_element_title': 'Contract Tender ID (Reference)', 'sdk_element_xpath': '/*/ext:UBLExtensions/ext:UBLExtension/ext:ExtensionContent/efext:EformsExtension/efac:NoticeResult/efac:SettledContract/efac:LotTender/cbc:ID', 'test_data_xpaths': [], 'is_covered': False, 'xpath_conditions': [{'xpath_condition': '', 'meets_xpath_condition': True}], 'message': None}"
421,2025-04-24 00:48:48.746065+00:00,"{'sdk_element_id': 'OPT-300-Contract-Signatory', 'sdk_element_title': 'Signatory Identifier Reference', 'sdk_element_xpath': '/*/ext:UBLExtensions/ext:UBLExtension/ext:ExtensionContent/efext:EformsExtension/efac:NoticeResult/efac:SettledContract/cac:SignatoryParty/cac:PartyIdentification/cbc:ID', 'test_data_xpaths': [], 'is_covered': False, 'xpath_conditions': [{'xpath_condition': '', 'meets_xpath_condition': True}], 'message': None}"
422,2025-04-24 00:48:48.746065+00:00,"{'sdk_element_id': 'ND-ContractEUFunds', 'sdk_element_title': None, 'sdk_element_xpath': '/*/ext:UBLExtensions/ext:UBLExtension/ext:ExtensionContent/efext:EformsExtension/efac:NoticeResult/efac:SettledContract/efac:Funding', 'test_data_xpaths': [], 'is_covered': False, 'xpath_conditions': [{'xpath_condition': '', 'meets_xpath_condition': True}], 'message': None}"
423,2025-04-24 00:48:48.746065+00:00,"{'sdk_element_id': 'BT-5011-Contract', 'sdk_element_title': 'Contract EU Funds Identifier', 'sdk_element_xpath': '/*/ext:UBLExtensions/ext:UBLExtension/ext:ExtensionContent/efext:EformsExtension/efac:NoticeResult/efac:SettledContract/efac:Funding/efbc:FinancingIdentifier', 'test_data_xpaths': [], 'is_covered': False, 'xpath_conditions': [{'xpath_condition': '', 'meets_xpath_condition': True}], 'message': None}"
424,2025-04-24 00:48:48.746065+00:00,"{'sdk_element_id': 'BT-722-Contract', 'sdk_element_title': 'Contract EU Funds Programme', 'sdk_element_xpath': '/*/ext:UBLExtensions/ext:UBLExtension/ext:ExtensionContent/efext:EformsExtension/efac:NoticeResult/efac:SettledContract/efac:Funding/cbc:FundingProgramCode', 'test_data_xpaths': [], 'is_covered': False, 'xpath_conditions': [{'xpath_condition': '', 'meets_xpath_condition': True}], 'message': None}"
425,2025-04-24 00:48:48.746065+00:00,"{'sdk_element_id': 'BT-6110-Contract', 'sdk_element_title': 'Contract EU Funds Details', 'sdk_element_xpath': '/*/ext:UBLExtensions/ext:UBLExtension/ext:ExtensionContent/efext:EformsExtension/efac:NoticeResult/efac:SettledContract/efac:Funding/cbc:Description', 'test_data_xpaths': [], 'is_covered': False, 'xpath_conditions': [{'xpath_condition': '', 'meets_xpath_condition': True}], 'message': None}"
426,2025-04-24 00:48:48.746065+00:00,"{'sdk_element_id': 'ND-LotTender', 'sdk_element_title': None, 'sdk_element_xpath': '/*/ext:UBLExtensions/ext:UBLExtension/ext:ExtensionContent/efext:EformsExtension/efac:NoticeResult/efac:LotTender', 'test_data_xpaths': [], 'is_covered': False, 'xpath_conditions': [{'xpath_condition': '', 'meets_xpath_condition': True}], 'message': None}"
427,2025-04-24 00:48:48.746065+00:00,"{'sdk_element_id': 'OPT-321-Tender', 'sdk_element_title': 'Tender Technical Identifier', 'sdk_element_xpath': '/*/ext:UBLExtensions/ext:UBLExtension/ext:ExtensionContent/efext:EformsExtension/efac:NoticeResult/efac:LotTender/cbc:ID', 'test_data_xpaths': [], 'is_covered': False, 'xpath_conditions': [{'xpath_condition': '', 'meets_xpath_condition': True}], 'message': None}"
428,2025-04-24 00:48:48.746065+00:00,"{'sdk_element_id': 'BT-3201-Tender', 'sdk_element_title': 'Tender Identifier', 'sdk_element_xpath': '/*/ext:UBLExtensions/ext:UBLExtension/ext:ExtensionContent/efext:EformsExtension/efac:NoticeResult/efac:LotTender/efac:TenderReference/cbc:ID', 'test_data_xpaths': [], 'is_covered': False, 'xpath_conditions': [{'xpath_condition': '', 'meets_xpath_condition': True}], 'message': None}"
429,2025-04-24 00:48:48.746065+00:00,"{'sdk_element_id': 'BT-1711-Tender', 'sdk_element_title': 'Tender Ranked', 'sdk_element_xpath': '/*/ext:UBLExtensions/ext:UBLExtension/ext:ExtensionContent/efext:EformsExtension/efac:NoticeResult/efac:LotTender/efbc:TenderRankedIndicator', 'test_data_xpaths': [], 'is_covered': False, 'xpath_conditions': [{'xpath_condition': '', 'meets_xpath_condition': True}], 'message': None}"
430,2025-04-24 00:48:48.746065+00:00,"{'sdk_element_id': 'BT-171-Tender', 'sdk_element_title': 'Tender Rank', 'sdk_element_xpath': '/*/ext:UBLExtensions/ext:UBLExtension/ext:ExtensionContent/efext:EformsExtension/efac:NoticeResult/efac:LotTender/cbc:RankCode', 'test_data_xpaths': [], 'is_covered': False, 'xpath_conditions': [{'xpath_condition': ""not( exists(efac:FieldsPrivacy[efbc:FieldIdentifierCode/text()='ten-ran']) and cbc:RankCode/text() = '-1' )"", 'meets_xpath_condition': True}], 'message': None}"
431,2025-04-24 00:48:48.746065+00:00,"{'sdk_element_id': 'BT-193-Tender', 'sdk_element_title': 'Tender Variant', 'sdk_element_xpath': '/*/ext:UBLExtensions/ext:UBLExtension/ext:ExtensionContent/efext:EformsExtension/efac:NoticeResult/efac:LotTender/efbc:TenderVariantIndicator', 'test_data_xpaths': [], 'is_covered': False, 'xpath_conditions': [{'xpath_condition': ""not( exists(efac:FieldsPrivacy[efbc:FieldIdentifierCode/text()='win-ten-var']) and efbc:TenderVariantIndicator/text() = '0' )"", 'meets_xpath_condition': True}], 'message': None}"
432,2025-04-24 00:48:48.746065+00:00,"{'sdk_element_id': 'BT-720-Tender', 'sdk_element_title': 'Tender Value', 'sdk_element_xpath': '/*/ext:UBLExtensions/ext:UBLExtension/ext:ExtensionContent/efext:EformsExtension/efac:NoticeResult/efac:LotTender/cac:LegalMonetaryTotal/cbc:PayableAmount', 'test_data_xpaths': [], 'is_covered': False, 'xpath_conditions': [{'xpath_condition': ""not( exists(efac:FieldsPrivacy[efbc:FieldIdentifierCode/text()='win-ten-val']) and cac:LegalMonetaryTotal/cbc:PayableAmount/text() = '-1' )"", 'meets_xpath_condition': True}], 'message': None}"
433,2025-04-24 00:48:48.746065+00:00,"{'sdk_element_id': 'BT-13714-Tender', 'sdk_element_title': 'Tender Lot Identifier', 'sdk_element_xpath': '/*/ext:UBLExtensions/ext:UBLExtension/ext:ExtensionContent/efext:EformsExtension/efac:NoticeResult/efac:LotTender/efac:TenderLot/cbc:ID', 'test_data_xpaths': [], 'is_covered': False, 'xpath_conditions': [{'xpath_condition': ""exists( efac:TenderLot/cbc:ID[text() = /*/cac:ProcurementProjectLot[cbc:ID/@schemeName='Lot']/cbc:ID/text()] )"", 'meets_xpath_condition': True}, {'xpath_condition': 'exists( efac:TenderLot/cbc:ID[text() = /*/cac:TenderingTerms/cac:LotDistribution/cac:LotsGroup/cbc:LotsGroupID/text()] )', 'meets_xpath_condition': True}], 'message': None}"
434,2025-04-24 00:48:48.746065+00:00,"{'sdk_element_id': 'OPT-310-Tender', 'sdk_element_title': 'Tendering Party ID Reference', 'sdk_element_xpath': '/*/ext:UBLExtensions/ext:UBLExtension/ext:ExtensionContent/efext:EformsExtension/efac:NoticeResult/efac:LotTender/efac:TenderingParty/cbc:ID', 'test_data_xpaths': [], 'is_covered': False, 'xpath_conditions': [{'xpath_condition': '', 'meets_xpath_condition': True}], 'message': None}"
435,2025-04-24 00:48:48.746065+00:00,"{'sdk_element_id': 'ND-SubcontractedActivity', 'sdk_element_title': None, 'sdk_element_xpath': '/*/ext:UBLExtensions/ext:UBLExtension/ext:ExtensionContent/efext:EformsExtension/efac:NoticeResult/efac:LotTender/efac:SubcontractingTerm', 'test_data_xpaths': [], 'is_covered': False, 'xpath_conditions': [{'xpath_condition': 'exists(efbc:TermAmount) or exists(efbc:TermDescription) or exists(efbc:TermPercent)', 'meets_xpath_condition': False}], 'message': None}"
436,2025-04-24 00:48:48.746065+00:00,"{'sdk_element_id': 'ND-SubcontractedContract', 'sdk_element_title': None, 'sdk_element_xpath': ""/*/ext:UBLExtensions/ext:UBLExtension/ext:ExtensionContent/efext:EformsExtension/efac:NoticeResult/efac:LotTender/efac:SubcontractingTerm[efbc:TermCode/@listName='applicability']"", 'test_data_xpaths': [], 'is_covered': False, 'xpath_conditions': [{'xpath_condition': 'exists(efbc:TermAmount) or exists(efbc:TermDescription) or exists(efbc:TermPercent)', 'meets_xpath_condition': False}], 'message': None}"
437,2025-04-24 00:48:48.746065+00:00,"{'sdk_element_id': 'BT-553-Tender', 'sdk_element_title': 'Subcontracting Value', 'sdk_element_xpath': '/*/ext:UBLExtensions/ext:UBLExtension/ext:ExtensionContent/efext:EformsExtension/efac:NoticeResult/efac:LotTender/efac:SubcontractingTerm/efbc:TermAmount', 'test_data_xpaths': [], 'is_covered': False, 'xpath_conditions': [{'xpath_condition': ""not( exists(efac:FieldsPrivacy[efbc:FieldIdentifierCode/text()='sub-val']) and efbc:TermAmount/text() = '-1' )"", 'meets_xpath_condition': True}], 'message': None}"
438,2025-04-24 00:48:48.746065+00:00,"{'sdk_element_id': 'BT-554-Tender', 'sdk_element_title': 'Subcontracting Description', 'sdk_element_xpath': '/*/ext:UBLExtensions/ext:UBLExtension/ext:ExtensionContent/efext:EformsExtension/efac:NoticeResult/efac:LotTender/efac:SubcontractingTerm/efbc:TermDescription', 'test_data_xpaths': [], 'is_covered': False, 'xpath_conditions': [{'xpath_condition': ""not( exists(efac:FieldsPrivacy[efbc:FieldIdentifierCode/text()='sub-des']) and efbc:TermDescription/text() = 'unpublished' )"", 'meets_xpath_condition': True}], 'message': None}"
439,2025-04-24 00:48:48.746065+00:00,"{'sdk_element_id': 'BT-555-Tender', 'sdk_element_title': 'Subcontracting Percentage', 'sdk_element_xpath': '/*/ext:UBLExtensions/ext:UBLExtension/ext:ExtensionContent/efext:EformsExtension/efac:NoticeResult/efac:LotTender/efac:SubcontractingTerm/efbc:TermPercent', 'test_data_xpaths': [], 'is_covered': False, 'xpath_conditions': [{'xpath_condition': ""not( exists(efac:FieldsPrivacy[efbc:FieldIdentifierCode/text()='sub-per']) and efbc:TermPercent/text() = '-1' )"", 'meets_xpath_condition': True}], 'message': None}"
440,2025-04-24 00:48:48.746065+00:00,"{'sdk_element_id': 'BT-773-Tender', 'sdk_element_title': 'Subcontracting', 'sdk_element_xpath': ""/*/ext:UBLExtensions/ext:UBLExtension/ext:ExtensionContent/efext:EformsExtension/efac:NoticeResult/efac:LotTender/efac:SubcontractingTerm[efbc:TermCode/@listName='applicability']/efbc:TermCode"", 'test_data_xpaths': [], 'is_covered': False, 'xpath_conditions': [{'xpath_condition': ""not( exists(efac:FieldsPrivacy[efbc:FieldIdentifierCode/text()='sub-con']) and efbc:TermCode/text() = 'unpublished' )"", 'meets_xpath_condition': True}], 'message': None}"
441,2025-04-24 00:48:48.746065+00:00,"{'sdk_element_id': 'BT-730-Tender', 'sdk_element_title': 'Subcontracting Value Known', 'sdk_element_xpath': '/*/ext:UBLExtensions/ext:UBLExtension/ext:ExtensionContent/efext:EformsExtension/efac:NoticeResult/efac:LotTender/efac:SubcontractingTerm/efbc:ValueKnownIndicator', 'test_data_xpaths': [], 'is_covered': False, 'xpath_conditions': [{'xpath_condition': ""not( exists(efac:FieldsPrivacy[efbc:FieldIdentifierCode/text()='sub-val-kno']) and efbc:ValueKnownIndicator/text() = '0' )"", 'meets_xpath_condition': True}], 'message': None}"
442,2025-04-24 00:48:48.746065+00:00,"{'sdk_element_id': 'BT-731-Tender', 'sdk_element_title': 'Subcontracting Percentage Known', 'sdk_element_xpath': '/*/ext:UBLExtensions/ext:UBLExtension/ext:ExtensionContent/efext:EformsExtension/efac:NoticeResult/efac:LotTender/efac:SubcontractingTerm/efbc:PercentageKnownIndicator', 'test_data_xpaths': [], 'is_covered': False, 'xpath_conditions': [{'xpath_condition': ""not( exists(efac:FieldsPrivacy[efbc:FieldIdentifierCode/text()='sub-per-kno']) and efbc:PercentageKnownIndicator/text() = '0' )"", 'meets_xpath_condition': True}], 'message': None}"
443,2025-04-24 00:48:48.746065+00:00,"{'sdk_element_id': 'ND-LotResult', 'sdk_element_title': None, 'sdk_element_xpath': '/*/ext:UBLExtensions/ext:UBLExtension/ext:ExtensionContent/efext:EformsExtension/efac:NoticeResult/efac:LotResult', 'test_data_xpaths': [], 'is_covered': False, 'xpath_conditions': [{'xpath_condition': '', 'meets_xpath_condition': True}, {'xpath_condition': ""/*/cbc:NoticeTypeCode/@listName='dir-awa-pre' or /*/cbc:NoticeTypeCode/@listName='result' or /*/cbc:NoticeTypeCode/@listName='cont-modif' or /*/cbc:NoticeTypeCode/@listName='completion' or (/*/cbc:NoticeTypeCode/@listName='change' and exists(/*/ext:UBLExtensions/ext:UBLExtension/ext:ExtensionContent/efext:EformsExtension/efac:NoticeSubType/cbc:SubTypeCode[contains('25 26 27 28   29 30 31 32 33 34 35 36 37 T02   38 39 40', text())]))"", 'meets_xpath_condition': True}, {'xpath_condition': 'exists(cbc:LowerTenderAmount) or exists(cbc:HigherTenderAmount) or exists(efac:ReceivedSubmissionsStatistics)', 'meets_xpath_condition': False}, {'xpath_condition': ""exists( efac:AppealRequestsStatistics[efbc:StatisticsCode/@listName='irregularity-type'] ) or exists( efac:AppealRequestsStatistics[efbc:StatisticsCode/@listName='review-type'] )"", 'meets_xpath_condition': False}], 'message': None}"
444,2025-04-24 00:48:48.746065+00:00,"{'sdk_element_id': 'OPT-322-LotResult', 'sdk_element_title': 'LotResult Technical Identifier', 'sdk_element_xpath': '/*/ext:UBLExtensions/ext:UBLExtension/ext:ExtensionContent/efext:EformsExtension/efac:NoticeResult/efac:LotResult/cbc:ID', 'test_data_xpaths': [], 'is_covered': False, 'xpath_conditions': [{'xpath_condition': '', 'meets_xpath_condition': True}], 'message': None}"
445,2025-04-24 00:48:48.746065+00:00,"{'sdk_element_id': 'BT-142-LotResult', 'sdk_element_title': 'Winner Chosen', 'sdk_element_xpath': '/*/ext:UBLExtensions/ext:UBLExtension/ext:ExtensionContent/efext:EformsExtension/efac:NoticeResult/efac:LotResult/cbc:TenderResultCode', 'test_data_xpaths': [], 'is_covered': False, 'xpath_conditions': [{'xpath_condition': ""not( exists(efac:FieldsPrivacy[efbc:FieldIdentifierCode/text()='win-cho']) and cbc:TenderResultCode/text() = 'unpublished' )"", 'meets_xpath_condition': True}], 'message': None}"
446,2025-04-24 00:48:48.746065+00:00,"{'sdk_element_id': 'BT-144-LotResult', 'sdk_element_title': 'Not Awarded Reason', 'sdk_element_xpath': '/*/ext:UBLExtensions/ext:UBLExtension/ext:ExtensionContent/efext:EformsExtension/efac:NoticeResult/efac:LotResult/efac:DecisionReason/efbc:DecisionReasonCode', 'test_data_xpaths': [], 'is_covered': False, 'xpath_conditions': [{'xpath_condition': ""not( exists(efac:DecisionReason/efac:FieldsPrivacy[efbc:FieldIdentifierCode/text()='no-awa-rea']) and efac:DecisionReason/efbc:DecisionReasonCode/text() = 'unpublished' )"", 'meets_xpath_condition': True}], 'message': None}"
447,2025-04-24 00:48:48.746065+00:00,"{'sdk_element_id': 'BT-13713-LotResult', 'sdk_element_title': 'Result Lot Identifier', 'sdk_element_xpath': '/*/ext:UBLExtensions/ext:UBLExtension/ext:ExtensionContent/efext:EformsExtension/efac:NoticeResult/efac:LotResult/efac:TenderLot/cbc:ID', 'test_data_xpaths': [], 'is_covered': False, 'xpath_conditions': [{'xpath_condition': '', 'meets_xpath_condition': True}], 'message': None}"
448,2025-04-24 00:48:48.746065+00:00,"{'sdk_element_id': 'OPT-320-LotResult', 'sdk_element_title': 'Tender Identifier Reference', 'sdk_element_xpath': '/*/ext:UBLExtensions/ext:UBLExtension/ext:ExtensionContent/efext:EformsExtension/efac:NoticeResult/efac:LotResult/efac:LotTender/cbc:ID', 'test_data_xpaths': [], 'is_covered': False, 'xpath_conditions': [{'xpath_condition': '', 'meets_xpath_condition': True}], 'message': None}"
449,2025-04-24 00:48:48.746065+00:00,"{'sdk_element_id': 'OPT-315-LotResult', 'sdk_element_title': 'Contract Identifier Reference', 'sdk_element_xpath': '/*/ext:UBLExtensions/ext:UBLExtension/ext:ExtensionContent/efext:EformsExtension/efac:NoticeResult/efac:LotResult/efac:SettledContract/cbc:ID', 'test_data_xpaths': [], 'is_covered': False, 'xpath_conditions': [{'xpath_condition': '', 'meets_xpath_condition': True}], 'message': None}"
450,2025-04-24 00:48:48.746065+00:00,"{'sdk_element_id': 'BT-119-LotResult', 'sdk_element_title': 'Dynamic Purchasing System Termination', 'sdk_element_xpath': '/*/ext:UBLExtensions/ext:UBLExtension/ext:ExtensionContent/efext:EformsExtension/efac:NoticeResult/efac:LotResult/efbc:DPSTerminationIndicator', 'test_data_xpaths': [], 'is_covered': False, 'xpath_conditions': [{'xpath_condition': '', 'meets_xpath_condition': True}], 'message': None}"
451,2025-04-24 00:48:48.746065+00:00,"{'sdk_element_id': 'ND-LotResultFAValues', 'sdk_element_title': None, 'sdk_element_xpath': '/*/ext:UBLExtensions/ext:UBLExtension/ext:ExtensionContent/efext:EformsExtension/efac:NoticeResult/efac:LotResult/efac:FrameworkAgreementValues', 'test_data_xpaths': [], 'is_covered': False, 'xpath_conditions': [{'xpath_condition': '', 'meets_xpath_condition': True}], 'message': None}"
452,2025-04-24 00:48:48.746065+00:00,"{'sdk_element_id': 'BT-660-LotResult', 'sdk_element_title': 'Framework Estimated Value', 'sdk_element_xpath': '/*/ext:UBLExtensions/ext:UBLExtension/ext:ExtensionContent/efext:EformsExtension/efac:NoticeResult/efac:LotResult/efac:FrameworkAgreementValues/efbc:ReestimatedValueAmount', 'test_data_xpaths': [], 'is_covered': False, 'xpath_conditions': [{'xpath_condition': ""not( exists(efac:FieldsPrivacy[efbc:FieldIdentifierCode/text()='ree-val']) and efbc:ReestimatedValueAmount/text() = '-1' )"", 'meets_xpath_condition': True}], 'message': None}"
453,2025-04-24 00:48:48.746065+00:00,"{'sdk_element_id': 'BT-709-LotResult', 'sdk_element_title': 'Framework Maximum Value', 'sdk_element_xpath': '/*/ext:UBLExtensions/ext:UBLExtension/ext:ExtensionContent/efext:EformsExtension/efac:NoticeResult/efac:LotResult/efac:FrameworkAgreementValues/cbc:MaximumValueAmount', 'test_data_xpaths': [], 'is_covered': False, 'xpath_conditions': [{'xpath_condition': ""not( exists(efac:FieldsPrivacy[efbc:FieldIdentifierCode/text()='max-val']) and cbc:MaximumValueAmount/text() = '-1' )"", 'meets_xpath_condition': True}], 'message': None}"
454,2025-04-24 00:48:48.746065+00:00,"{'sdk_element_id': 'ND-StrategicProcurementLotResult', 'sdk_element_title': None, 'sdk_element_xpath': '/*/ext:UBLExtensions/ext:UBLExtension/ext:ExtensionContent/efext:EformsExtension/efac:NoticeResult/efac:LotResult/efac:StrategicProcurement', 'test_data_xpaths': [], 'is_covered': False, 'xpath_conditions': [{'xpath_condition': '', 'meets_xpath_condition': True}], 'message': None}"
455,2025-04-24 00:48:48.746065+00:00,"{'sdk_element_id': 'ND-StrategicProcurementInformationLotResult', 'sdk_element_title': None, 'sdk_element_xpath': '/*/ext:UBLExtensions/ext:UBLExtension/ext:ExtensionContent/efext:EformsExtension/efac:NoticeResult/efac:LotResult/efac:StrategicProcurement/efac:StrategicProcurementInformation', 'test_data_xpaths': [], 'is_covered': False, 'xpath_conditions': [{'xpath_condition': '', 'meets_xpath_condition': True}], 'message': None}"
456,2025-04-24 00:48:48.746065+00:00,"{'sdk_element_id': 'BT-735-LotResult', 'sdk_element_title': 'CVD Contract Type', 'sdk_element_xpath': '/*/ext:UBLExtensions/ext:UBLExtension/ext:ExtensionContent/efext:EformsExtension/efac:NoticeResult/efac:LotResult/efac:StrategicProcurement/efac:StrategicProcurementInformation/efbc:ProcurementCategoryCode', 'test_data_xpaths': [], 'is_covered': False, 'xpath_conditions': [{'xpath_condition': '', 'meets_xpath_condition': True}], 'message': None}"
457,2025-04-24 00:48:48.746065+00:00,"{'sdk_element_id': 'ND-ProcurementDetailsLotResult', 'sdk_element_title': None, 'sdk_element_xpath': '/*/ext:UBLExtensions/ext:UBLExtension/ext:ExtensionContent/efext:EformsExtension/efac:NoticeResult/efac:LotResult/efac:StrategicProcurement/efac:StrategicProcurementInformation/efac:ProcurementDetails', 'test_data_xpaths': [], 'is_covered': False, 'xpath_conditions': [{'xpath_condition': 'exists(efac:ProcurementDetails[2])', 'meets_xpath_condition': False}], 'message': None}"
458,2025-04-24 00:48:48.746065+00:00,"{'sdk_element_id': 'ND-ProcurementStatistics', 'sdk_element_title': None, 'sdk_element_xpath': '/*/ext:UBLExtensions/ext:UBLExtension/ext:ExtensionContent/efext:EformsExtension/efac:NoticeResult/efac:LotResult/efac:StrategicProcurement/efac:StrategicProcurementInformation/efac:ProcurementDetails/efac:StrategicProcurementStatistics', 'test_data_xpaths': [], 'is_covered': False, 'xpath_conditions': [{'xpath_condition': '', 'meets_xpath_condition': True}], 'message': None}"
459,2025-04-24 00:48:48.746065+00:00,"{'sdk_element_id': 'OPT-156-LotResult', 'sdk_element_title': 'Vehicle Numeric', 'sdk_element_xpath': '/*/ext:UBLExtensions/ext:UBLExtension/ext:ExtensionContent/efext:EformsExtension/efac:NoticeResult/efac:LotResult/efac:StrategicProcurement/efac:StrategicProcurementInformation/efac:ProcurementDetails/efac:StrategicProcurementStatistics/efbc:StatisticsNumeric', 'test_data_xpaths': [], 'is_covered': False, 'xpath_conditions': [{'xpath_condition': ""efbc:StatisticsCode='vehicles'"", 'meets_xpath_condition': True}, {'xpath_condition': ""efbc:StatisticsCode='vehicles-clean'"", 'meets_xpath_condition': True}, {'xpath_condition': ""efbc:StatisticsCode='vehicles-zero-emission'"", 'meets_xpath_condition': True}], 'message': None}"
460,2025-04-24 00:48:48.746065+00:00,"{'sdk_element_id': 'OPT-155-LotResult', 'sdk_element_title': 'Vehicle Type', 'sdk_element_xpath': '/*/ext:UBLExtensions/ext:UBLExtension/ext:ExtensionContent/efext:EformsExtension/efac:NoticeResult/efac:LotResult/efac:StrategicProcurement/efac:StrategicProcurementInformation/efac:ProcurementDetails/efac:StrategicProcurementStatistics/efbc:StatisticsCode', 'test_data_xpaths': [], 'is_covered': False, 'xpath_conditions': [{'xpath_condition': '', 'meets_xpath_condition': True}], 'message': None}"
461,2025-04-24 00:48:48.746065+00:00,"{'sdk_element_id': 'BT-723-LotResult', 'sdk_element_title': 'Vehicle Category', 'sdk_element_xpath': '/*/ext:UBLExtensions/ext:UBLExtension/ext:ExtensionContent/efext:EformsExtension/efac:NoticeResult/efac:LotResult/efac:StrategicProcurement/efac:StrategicProcurementInformation/efac:ProcurementDetails/efbc:AssetCategoryCode', 'test_data_xpaths': [], 'is_covered': False, 'xpath_conditions': [{'xpath_condition': '', 'meets_xpath_condition': True}], 'message': None}"
462,2025-04-24 00:48:48.746065+00:00,"{'sdk_element_id': 'OPT-301-LotResult-Financing', 'sdk_element_title': 'Financing Party (ID reference)', 'sdk_element_xpath': '/*/ext:UBLExtensions/ext:UBLExtension/ext:ExtensionContent/efext:EformsExtension/efac:NoticeResult/efac:LotResult/cac:FinancingParty/cac:PartyIdentification/cbc:ID', 'test_data_xpaths': [], 'is_covered': False, 'xpath_conditions': [{'xpath_condition': '', 'meets_xpath_condition': True}], 'message': None}"
463,2025-04-24 00:48:48.746065+00:00,"{'sdk_element_id': 'OPT-301-LotResult-Paying', 'sdk_element_title': 'Payer Party (ID reference)', 'sdk_element_xpath': '/*/ext:UBLExtensions/ext:UBLExtension/ext:ExtensionContent/efext:EformsExtension/efac:NoticeResult/efac:LotResult/cac:PayerParty/cac:PartyIdentification/cbc:ID', 'test_data_xpaths': [], 'is_covered': False, 'xpath_conditions': [{'xpath_condition': '', 'meets_xpath_condition': True}], 'message': None}"
464,2025-04-24 00:48:48.746065+00:00,"{'sdk_element_id': 'BT-710-LotResult', 'sdk_element_title': 'Tender Value Lowest', 'sdk_element_xpath': '/*/ext:UBLExtensions/ext:UBLExtension/ext:ExtensionContent/efext:EformsExtension/efac:NoticeResult/efac:LotResult/cbc:LowerTenderAmount', 'test_data_xpaths': [], 'is_covered': False, 'xpath_conditions': [{'xpath_condition': ""not( exists(efac:FieldsPrivacy[efbc:FieldIdentifierCode/text()='ten-val-low']) and cbc:LowerTenderAmount/text() = '-1' )"", 'meets_xpath_condition': True}], 'message': None}"
465,2025-04-24 00:48:48.746065+00:00,"{'sdk_element_id': 'BT-711-LotResult', 'sdk_element_title': 'Tender Value Highest', 'sdk_element_xpath': '/*/ext:UBLExtensions/ext:UBLExtension/ext:ExtensionContent/efext:EformsExtension/efac:NoticeResult/efac:LotResult/cbc:HigherTenderAmount', 'test_data_xpaths': [], 'is_covered': False, 'xpath_conditions': [{'xpath_condition': ""not( exists(efac:FieldsPrivacy[efbc:FieldIdentifierCode/text()='ten-val-hig']) and cbc:HigherTenderAmount/text() = '-1' )"", 'meets_xpath_condition': True}], 'message': None}"
466,2025-04-24 00:48:48.746065+00:00,"{'sdk_element_id': 'ND-ReviewRequestsStatistics', 'sdk_element_title': None, 'sdk_element_xpath': ""/*/ext:UBLExtensions/ext:UBLExtension/ext:ExtensionContent/efext:EformsExtension/efac:NoticeResult/efac:LotResult/efac:AppealRequestsStatistics[efbc:StatisticsCode/@listName='irregularity-type']"", 'test_data_xpaths': [], 'is_covered': False, 'xpath_conditions': [{'xpath_condition': '', 'meets_xpath_condition': True}], 'message': None}"
467,2025-04-24 00:48:48.746065+00:00,"{'sdk_element_id': 'BT-636-LotResult', 'sdk_element_title': 'Buyer Review Requests Irregularity Type', 'sdk_element_xpath': ""/*/ext:UBLExtensions/ext:UBLExtension/ext:ExtensionContent/efext:EformsExtension/efac:NoticeResult/efac:LotResult/efac:AppealRequestsStatistics[efbc:StatisticsCode/@listName='irregularity-type']/efbc:StatisticsCode"", 'test_data_xpaths': [], 'is_covered': False, 'xpath_conditions': [{'xpath_condition': ""not( exists(efac:FieldsPrivacy[efbc:FieldIdentifierCode/text()='buy-rev-typ']) and efbc:StatisticsCode/text() = 'unpublished' )"", 'meets_xpath_condition': True}], 'message': None}"
468,2025-04-24 00:48:48.746065+00:00,"{'sdk_element_id': 'BT-635-LotResult', 'sdk_element_title': 'Buyer Review Requests Count', 'sdk_element_xpath': ""/*/ext:UBLExtensions/ext:UBLExtension/ext:ExtensionContent/efext:EformsExtension/efac:NoticeResult/efac:LotResult/efac:AppealRequestsStatistics[efbc:StatisticsCode/@listName='irregularity-type']/efbc:StatisticsNumeric"", 'test_data_xpaths': [], 'is_covered': False, 'xpath_conditions': [{'xpath_condition': ""not( exists(efac:FieldsPrivacy[efbc:FieldIdentifierCode/text()='buy-rev-cou']) and efbc:StatisticsNumeric/text() = '-1' )"", 'meets_xpath_condition': True}], 'message': None}"
469,2025-04-24 00:48:48.746065+00:00,"{'sdk_element_id': 'ND-BuyerReviewComplainants', 'sdk_element_title': None, 'sdk_element_xpath': ""/*/ext:UBLExtensions/ext:UBLExtension/ext:ExtensionContent/efext:EformsExtension/efac:NoticeResult/efac:LotResult/efac:AppealRequestsStatistics[efbc:StatisticsCode/@listName='review-type']"", 'test_data_xpaths': [], 'is_covered': False, 'xpath_conditions': [{'xpath_condition': '', 'meets_xpath_condition': True}], 'message': None}"
470,2025-04-24 00:48:48.746065+00:00,"{'sdk_element_id': 'BT-712(a)-LotResult', 'sdk_element_title': 'Buyer Review Complainants (Code)', 'sdk_element_xpath': ""/*/ext:UBLExtensions/ext:UBLExtension/ext:ExtensionContent/efext:EformsExtension/efac:NoticeResult/efac:LotResult/efac:AppealRequestsStatistics[efbc:StatisticsCode/@listName='review-type']/efbc:StatisticsCode"", 'test_data_xpaths': [], 'is_covered': False, 'xpath_conditions': [{'xpath_condition': ""efbc:StatisticsCode/text() = 'complainants'"", 'meets_xpath_condition': True}], 'message': None}"
471,2025-04-24 00:48:48.746065+00:00,"{'sdk_element_id': 'BT-712(b)-LotResult', 'sdk_element_title': 'Buyer Review Complainants (Number)', 'sdk_element_xpath': ""/*/ext:UBLExtensions/ext:UBLExtension/ext:ExtensionContent/efext:EformsExtension/efac:NoticeResult/efac:LotResult/efac:AppealRequestsStatistics[efbc:StatisticsCode/@listName='review-type']/efbc:StatisticsNumeric"", 'test_data_xpaths': [], 'is_covered': False, 'xpath_conditions': [{'xpath_condition': ""not( exists(efac:FieldsPrivacy[efbc:FieldIdentifierCode/text()='rev-req']) and efbc:StatisticsNumeric/text() = '-1' )"", 'meets_xpath_condition': True}], 'message': None}"
472,2025-04-24 00:48:48.746065+00:00,"{'sdk_element_id': 'ND-ReceivedSubmissions', 'sdk_element_title': None, 'sdk_element_xpath': '/*/ext:UBLExtensions/ext:UBLExtension/ext:ExtensionContent/efext:EformsExtension/efac:NoticeResult/efac:LotResult/efac:ReceivedSubmissionsStatistics', 'test_data_xpaths': [], 'is_covered': False, 'xpath_conditions': [{'xpath_condition': '', 'meets_xpath_condition': True}], 'message': None}"
473,2025-04-24 00:48:48.746065+00:00,"{'sdk_element_id': 'BT-760-LotResult', 'sdk_element_title': 'Received Submissions Type', 'sdk_element_xpath': '/*/ext:UBLExtensions/ext:UBLExtension/ext:ExtensionContent/efext:EformsExtension/efac:NoticeResult/efac:LotResult/efac:ReceivedSubmissionsStatistics/efbc:StatisticsCode', 'test_data_xpaths': [], 'is_covered': False, 'xpath_conditions': [{'xpath_condition': ""not( exists(efac:FieldsPrivacy[efbc:FieldIdentifierCode/text()='rec-sub-typ']) and efbc:StatisticsCode/text() = 'unpublished' )"", 'meets_xpath_condition': True}], 'message': None}"
474,2025-04-24 00:48:48.746065+00:00,"{'sdk_element_id': 'BT-759-LotResult', 'sdk_element_title': 'Received Submissions Count', 'sdk_element_xpath': '/*/ext:UBLExtensions/ext:UBLExtension/ext:ExtensionContent/efext:EformsExtension/efac:NoticeResult/efac:LotResult/efac:ReceivedSubmissionsStatistics/efbc:StatisticsNumeric', 'test_data_xpaths': [], 'is_covered': False, 'xpath_conditions': [{'xpath_condition': ""not( exists(efac:FieldsPrivacy[efbc:FieldIdentifierCode/text()='rec-sub-cou']) and efbc:StatisticsNumeric/text() = '-1' )and efbc:StatisticsCode/text() = 'tenders'"", 'meets_xpath_condition': True}, {'xpath_condition': ""not( exists(efac:FieldsPrivacy[efbc:FieldIdentifierCode/text()='rec-sub-cou']) and efbc:StatisticsNumeric/text() = '-1' )and efbc:StatisticsCode/text() = 'part-req'"", 'meets_xpath_condition': False}, {'xpath_condition': ""not( exists(efac:FieldsPrivacy[efbc:FieldIdentifierCode/text()='rec-sub-cou']) and efbc:StatisticsNumeric/text() = '-1' )and efbc:StatisticsCode/text() = 't-esubm'"", 'meets_xpath_condition': True}, {'xpath_condition': ""not( exists(efac:FieldsPrivacy[efbc:FieldIdentifierCode/text()='rec-sub-cou']) and efbc:StatisticsNumeric/text() = '-1' )and efbc:StatisticsCode/text() = 't-med'"", 'meets_xpath_condition': False}, {'xpath_condition': ""not( exists(efac:FieldsPrivacy[efbc:FieldIdentifierCode/text()='rec-sub-cou']) and efbc:StatisticsNumeric/text() = '-1' )and efbc:StatisticsCode/text() = 't-micro'"", 'meets_xpath_condition': False}, {'xpath_condition': ""not( exists(efac:FieldsPrivacy[efbc:FieldIdentifierCode/text()='rec-sub-cou']) and efbc:StatisticsNumeric/text() = '-1' )and efbc:StatisticsCode/text() = 't-no-eea'"", 'meets_xpath_condition': True}, {'xpath_condition': ""not( exists(efac:FieldsPrivacy[efbc:FieldIdentifierCode/text()='rec-sub-cou']) and efbc:StatisticsNumeric/text() = '-1' )and efbc:StatisticsCode/text() = 't-no-verif'"", 'meets_xpath_condition': False}, {'xpath_condition': ""not( exists(efac:FieldsPrivacy[efbc:FieldIdentifierCode/text()='rec-sub-cou']) and efbc:StatisticsNumeric/text() = '-1' )and efbc:StatisticsCode/text() = 't-oth-eea'"", 'meets_xpath_condition': True}, {'xpath_condition': ""not( exists(efac:FieldsPrivacy[efbc:FieldIdentifierCode/text()='rec-sub-cou']) and efbc:StatisticsNumeric/text() = '-1' )and efbc:StatisticsCode/text() = 't-small'"", 'meets_xpath_condition': False}, {'xpath_condition': ""not( exists(efac:FieldsPrivacy[efbc:FieldIdentifierCode/text()='rec-sub-cou']) and efbc:StatisticsNumeric/text() = '-1' )and efbc:StatisticsCode/text() = 't-sme'"", 'meets_xpath_condition': True}, {'xpath_condition': ""not( exists(efac:FieldsPrivacy[efbc:FieldIdentifierCode/text()='rec-sub-cou']) and efbc:StatisticsNumeric/text() = '-1' )and efbc:StatisticsCode/text() = 't-verif-inad'"", 'meets_xpath_condition': False}, {'xpath_condition': ""not( exists(efac:FieldsPrivacy[efbc:FieldIdentifierCode/text()='rec-sub-cou']) and efbc:StatisticsNumeric/text() = '-1' )and efbc:StatisticsCode/text() = 't-verif-inad-low'"", 'meets_xpath_condition': False}], 'message': None}"
475,2025-04-24 00:48:48.746065+00:00,"{'sdk_element_id': 'OPT-302-Organization', 'sdk_element_title': 'Beneficial Owner Reference', 'sdk_element_xpath': '/*/ext:UBLExtensions/ext:UBLExtension/ext:ExtensionContent/efext:EformsExtension/efac:Organizations/efac:Organization/efac:UltimateBeneficialOwner/cbc:ID', 'test_data_xpaths': [], 'is_covered': False, 'xpath_conditions': [{'xpath_condition': '', 'meets_xpath_condition': True}], 'message': None}"
476,2025-04-24 00:48:48.746065+00:00,"{'sdk_element_id': 'BT-746-Organization', 'sdk_element_title': 'Winner Listed', 'sdk_element_xpath': '/*/ext:UBLExtensions/ext:UBLExtension/ext:ExtensionContent/efext:EformsExtension/efac:Organizations/efac:Organization/efbc:ListedOnRegulatedMarketIndicator', 'test_data_xpaths': [], 'is_covered': False, 'xpath_conditions': [{'xpath_condition': '', 'meets_xpath_condition': True}], 'message': None}"
477,2025-04-24 00:48:48.746065+00:00,"{'sdk_element_id': 'ND-UBO', 'sdk_element_title': None, 'sdk_element_xpath': '/*/ext:UBLExtensions/ext:UBLExtension/ext:ExtensionContent/efext:EformsExtension/efac:Organizations/efac:UltimateBeneficialOwner', 'test_data_xpaths': [], 'is_covered': False, 'xpath_conditions': [{'xpath_condition': '', 'meets_xpath_condition': True}], 'message': None}"
478,2025-04-24 00:48:48.746065+00:00,"{'sdk_element_id': 'OPT-202-UBO', 'sdk_element_title': 'Beneficial Owner Technical Identifier', 'sdk_element_xpath': '/*/ext:UBLExtensions/ext:UBLExtension/ext:ExtensionContent/efext:EformsExtension/efac:Organizations/efac:UltimateBeneficialOwner/cbc:ID', 'test_data_xpaths': [], 'is_covered': False, 'xpath_conditions': [{'xpath_condition': '', 'meets_xpath_condition': True}], 'message': None}"
479,2025-04-24 00:48:48.746065+00:00,"{'sdk_element_id': 'BT-500-UBO', 'sdk_element_title': 'UBO Name', 'sdk_element_xpath': '/*/ext:UBLExtensions/ext:UBLExtension/ext:ExtensionContent/efext:EformsExtension/efac:Organizations/efac:UltimateBeneficialOwner/cbc:FamilyName', 'test_data_xpaths': [], 'is_covered': False, 'xpath_conditions': [{'xpath_condition': '', 'meets_xpath_condition': True}], 'message': None}"
480,2025-04-24 00:48:48.746065+00:00,"{'sdk_element_id': 'OPT-160-UBO', 'sdk_element_title': 'First Name', 'sdk_element_xpath': '/*/ext:UBLExtensions/ext:UBLExtension/ext:ExtensionContent/efext:EformsExtension/efac:Organizations/efac:UltimateBeneficialOwner/cbc:FirstName', 'test_data_xpaths': [], 'is_covered': False, 'xpath_conditions': [{'xpath_condition': '', 'meets_xpath_condition': True}], 'message': None}"
481,2025-04-24 00:48:48.746065+00:00,"{'sdk_element_id': 'ND-UBOContact', 'sdk_element_title': None, 'sdk_element_xpath': '/*/ext:UBLExtensions/ext:UBLExtension/ext:ExtensionContent/efext:EformsExtension/efac:Organizations/efac:UltimateBeneficialOwner/cac:Contact', 'test_data_xpaths': [], 'is_covered': False, 'xpath_conditions': [{'xpath_condition': '', 'meets_xpath_condition': True}], 'message': None}"
482,2025-04-24 00:48:48.746065+00:00,"{'sdk_element_id': 'BT-506-UBO', 'sdk_element_title': 'UBO Email Address', 'sdk_element_xpath': '/*/ext:UBLExtensions/ext:UBLExtension/ext:ExtensionContent/efext:EformsExtension/efac:Organizations/efac:UltimateBeneficialOwner/cac:Contact/cbc:ElectronicMail', 'test_data_xpaths': [], 'is_covered': False, 'xpath_conditions': [{'xpath_condition': '', 'meets_xpath_condition': True}], 'message': None}"
483,2025-04-24 00:48:48.746065+00:00,"{'sdk_element_id': 'BT-503-UBO', 'sdk_element_title': 'UBO Telephone Number', 'sdk_element_xpath': '/*/ext:UBLExtensions/ext:UBLExtension/ext:ExtensionContent/efext:EformsExtension/efac:Organizations/efac:UltimateBeneficialOwner/cac:Contact/cbc:Telephone', 'test_data_xpaths': [], 'is_covered': False, 'xpath_conditions': [{'xpath_condition': '', 'meets_xpath_condition': True}], 'message': None}"
484,2025-04-24 00:48:48.746065+00:00,"{'sdk_element_id': 'BT-739-UBO', 'sdk_element_title': 'UBO Contact Fax', 'sdk_element_xpath': '/*/ext:UBLExtensions/ext:UBLExtension/ext:ExtensionContent/efext:EformsExtension/efac:Organizations/efac:UltimateBeneficialOwner/cac:Contact/cbc:Telefax', 'test_data_xpaths': [], 'is_covered': False, 'xpath_conditions': [{'xpath_condition': '', 'meets_xpath_condition': True}], 'message': None}"
485,2025-04-24 00:48:48.746065+00:00,"{'sdk_element_id': 'ND-UBOAddress', 'sdk_element_title': None, 'sdk_element_xpath': '/*/ext:UBLExtensions/ext:UBLExtension/ext:ExtensionContent/efext:EformsExtension/efac:Organizations/efac:UltimateBeneficialOwner/cac:ResidenceAddress', 'test_data_xpaths': [], 'is_covered': False, 'xpath_conditions': [{'xpath_condition': '', 'meets_xpath_condition': True}], 'message': None}"
486,2025-04-24 00:48:48.746065+00:00,"{'sdk_element_id': 'BT-507-UBO', 'sdk_element_title': 'Country Subdivision', 'sdk_element_xpath': '/*/ext:UBLExtensions/ext:UBLExtension/ext:ExtensionContent/efext:EformsExtension/efac:Organizations/efac:UltimateBeneficialOwner/cac:ResidenceAddress/cbc:CountrySubentityCode', 'test_data_xpaths': [], 'is_covered': False, 'xpath_conditions': [{'xpath_condition': '', 'meets_xpath_condition': True}], 'message': None}"
487,2025-04-24 00:48:48.746065+00:00,"{'sdk_element_id': 'BT-510(a)-UBO', 'sdk_element_title': 'Street', 'sdk_element_xpath': '/*/ext:UBLExtensions/ext:UBLExtension/ext:ExtensionContent/efext:EformsExtension/efac:Organizations/efac:UltimateBeneficialOwner/cac:ResidenceAddress/cbc:StreetName', 'test_data_xpaths': [], 'is_covered': False, 'xpath_conditions': [{'xpath_condition': '', 'meets_xpath_condition': True}], 'message': None}"
488,2025-04-24 00:48:48.746065+00:00,"{'sdk_element_id': 'BT-510(b)-UBO', 'sdk_element_title': 'Streetline 1', 'sdk_element_xpath': '/*/ext:UBLExtensions/ext:UBLExtension/ext:ExtensionContent/efext:EformsExtension/efac:Organizations/efac:UltimateBeneficialOwner/cac:ResidenceAddress/cbc:AdditionalStreetName', 'test_data_xpaths': [], 'is_covered': False, 'xpath_conditions': [{'xpath_condition': '', 'meets_xpath_condition': True}], 'message': None}"
489,2025-04-24 00:48:48.746065+00:00,"{'sdk_element_id': 'BT-510(c)-UBO', 'sdk_element_title': 'Streetline 2', 'sdk_element_xpath': '/*/ext:UBLExtensions/ext:UBLExtension/ext:ExtensionContent/efext:EformsExtension/efac:Organizations/efac:UltimateBeneficialOwner/cac:ResidenceAddress/cac:AddressLine/cbc:Line', 'test_data_xpaths': [], 'is_covered': False, 'xpath_conditions': [{'xpath_condition': '', 'meets_xpath_condition': True}], 'message': None}"
490,2025-04-24 00:48:48.746065+00:00,"{'sdk_element_id': 'BT-512-UBO', 'sdk_element_title': 'Post Code', 'sdk_element_xpath': '/*/ext:UBLExtensions/ext:UBLExtension/ext:ExtensionContent/efext:EformsExtension/efac:Organizations/efac:UltimateBeneficialOwner/cac:ResidenceAddress/cbc:PostalZone', 'test_data_xpaths': [], 'is_covered': False, 'xpath_conditions': [{'xpath_condition': '', 'meets_xpath_condition': True}, {'xpath_condition': 'exists(cbc:StreetName) or exists(cbc:AdditionalStreetName) or exists(cac:AddressLine/cbc:Line)', 'meets_xpath_condition': True}], 'message': None}"
491,2025-04-24 00:48:48.746065+00:00,"{'sdk_element_id': 'BT-513-UBO', 'sdk_element_title': 'City', 'sdk_element_xpath': '/*/ext:UBLExtensions/ext:UBLExtension/ext:ExtensionContent/efext:EformsExtension/efac:Organizations/efac:UltimateBeneficialOwner/cac:ResidenceAddress/cbc:CityName', 'test_data_xpaths': [], 'is_covered': False, 'xpath_conditions': [{'xpath_condition': '', 'meets_xpath_condition': True}, {'xpath_condition': 'exists(cbc:StreetName) or exists(cbc:AdditionalStreetName) or exists(cac:AddressLine/cbc:Line)', 'meets_xpath_condition': True}], 'message': None}"
492,2025-04-24 00:48:48.746065+00:00,"{'sdk_element_id': 'BT-514-UBO', 'sdk_element_title': 'Country Code', 'sdk_element_xpath': '/*/ext:UBLExtensions/ext:UBLExtension/ext:ExtensionContent/efext:EformsExtension/efac:Organizations/efac:UltimateBeneficialOwner/cac:ResidenceAddress/cac:Country/cbc:IdentificationCode', 'test_data_xpaths': [], 'is_covered': False, 'xpath_conditions': [{'xpath_condition': '', 'meets_xpath_condition': True}, {'xpath_condition': 'exists(cbc:StreetName) or exists(cbc:AdditionalStreetName) or exists(cac:AddressLine/cbc:Line)', 'meets_xpath_condition': True}], 'message': None}"
493,2025-04-24 00:48:48.746065+00:00,"{'sdk_element_id': 'BT-706-UBO', 'sdk_element_title': 'Winner Owner Nationality', 'sdk_element_xpath': '/*/ext:UBLExtensions/ext:UBLExtension/ext:ExtensionContent/efext:EformsExtension/efac:Organizations/efac:UltimateBeneficialOwner/efac:Nationality/cbc:NationalityID', 'test_data_xpaths': [], 'is_covered': False, 'xpath_conditions': [{'xpath_condition': '', 'meets_xpath_condition': True}], 'message': None}"
494,2025-04-24 00:48:48.746065+00:00,"{'sdk_element_id': 'BT-191-Tender', 'sdk_element_title': 'Country Origin', 'sdk_element_xpath': '/*/ext:UBLExtensions/ext:UBLExtension/ext:ExtensionContent/efext:EformsExtension/efac:NoticeResult/efac:LotTender/efac:Origin/efbc:AreaCode', 'test_data_xpaths': [], 'is_covered': False, 'xpath_conditions': [{'xpath_condition': '', 'meets_xpath_condition': True}], 'message': None}"
495,2025-04-24 00:48:48.746065+00:00,"{'sdk_element_id': 'ND-ConcessionRevenue', 'sdk_element_title': None, 'sdk_element_xpath': '/*/ext:UBLExtensions/ext:UBLExtension/ext:ExtensionContent/efext:EformsExtension/efac:NoticeResult/efac:LotTender/efac:ConcessionRevenue', 'test_data_xpaths': [], 'is_covered': False, 'xpath_conditions': [{'xpath_condition': '', 'meets_xpath_condition': True}], 'message': None}"
496,2025-04-24 00:48:48.746065+00:00,"{'sdk_element_id': 'BT-160-Tender', 'sdk_element_title': 'Concession Revenue Buyer', 'sdk_element_xpath': '/*/ext:UBLExtensions/ext:UBLExtension/ext:ExtensionContent/efext:EformsExtension/efac:NoticeResult/efac:LotTender/efac:ConcessionRevenue/efbc:RevenueBuyerAmount', 'test_data_xpaths': [], 'is_covered': False, 'xpath_conditions': [{'xpath_condition': ""not( exists(efac:FieldsPrivacy[efbc:FieldIdentifierCode/text()='con-rev-buy']) and efbc:RevenueBuyerAmount/text() = '-1' )"", 'meets_xpath_condition': True}], 'message': None}"
497,2025-04-24 00:48:48.746065+00:00,"{'sdk_element_id': 'BT-162-Tender', 'sdk_element_title': 'Concession Revenue User', 'sdk_element_xpath': '/*/ext:UBLExtensions/ext:UBLExtension/ext:ExtensionContent/efext:EformsExtension/efac:NoticeResult/efac:LotTender/efac:ConcessionRevenue/efbc:RevenueUserAmount', 'test_data_xpaths': [], 'is_covered': False, 'xpath_conditions': [{'xpath_condition': ""not( exists(efac:FieldsPrivacy[efbc:FieldIdentifierCode/text()='con-rev-use']) and efbc:RevenueUserAmount/text() = '-1' )"", 'meets_xpath_condition': True}], 'message': None}"
498,2025-04-24 00:48:48.746065+00:00,"{'sdk_element_id': 'BT-163-Tender', 'sdk_element_title': 'Concession Value Description', 'sdk_element_xpath': '/*/ext:UBLExtensions/ext:UBLExtension/ext:ExtensionContent/efext:EformsExtension/efac:NoticeResult/efac:LotTender/efac:ConcessionRevenue/efbc:ValueDescription', 'test_data_xpaths': [], 'is_covered': False, 'xpath_conditions': [{'xpath_condition': ""not( exists(efac:FieldsPrivacy[efbc:FieldIdentifierCode/text()='val-con-des']) and efbc:ValueDescription/text() = 'unpublished' )"", 'meets_xpath_condition': True}], 'message': None}"
499,2025-04-24 00:48:48.746065+00:00,"{'sdk_element_id': 'BT-127-notice', 'sdk_element_title': 'Future Notice', 'sdk_element_xpath': '/*/cbc:PlannedDate', 'test_data_xpaths': [{'test_data_suite_oid': '6809839e9090eed3decccd14', 'test_data_suite_id': 'sdk_examples_pin-1.3', 'test_data_oid': '6809839e9090eed3decccd1b', 'test_data_id': 'pin-only_81_FRA', 'xpaths': [{'xpath': 'PriorInformationNotice/cbc:PlannedDate', 'value': '2021-05-07+02:00'}]}, {'test_data_suite_oid': '6809839e9090eed3decccd14', 'test_data_suite_id': 'sdk_examples_pin-1.3', 'test_data_oid': '6809839e9090eed3decccd1c', 'test_data_id': 'pin-only_24_lots', 'xpaths': [{'xpath': 'PriorInformationNotice/cbc:PlannedDate', 'value': '2020-06-30+02:00'}]}, {'test_data_suite_oid': '6809839e9090eed3decccd14', 'test_data_suite_id': 'sdk_examples_pin-1.3', 'test_data_oid': '6809839e9090eed3decccd1d', 'test_data_id': 'pin-only_24_maximal', 'xpaths': [{'xpath': 'PriorInformationNotice/cbc:PlannedDate', 'value': '2023-09-01+02:00'}]}, {'test_data_suite_oid': '6809839e9090eed3decccd14', 'test_data_suite_id': 'sdk_examples_pin-1.3', 'test_data_oid': '6809839e9090eed3decccd1e', 'test_data_id': 'pin-only_fin-reg', 'xpaths': [{'xpath': 'PriorInformationNotice/cbc:PlannedDate', 'value': '2020-12-31+01:00'}]}, {'test_data_suite_oid': '6809839e9090eed3decccd14', 'test_data_suite_id': 'sdk_examples_pin-1.3', 'test_data_oid': '6809839e9090eed3decccd1f', 'test_data_id': 'pin-only_81', 'xpaths': [{'xpath': 'PriorInformationNotice/cbc:PlannedDate', 'value': '2020-08-01+02:00'}]}, {'test_data_suite_oid': '6809839e9090eed3decccd14', 'test_data_suite_id': 'sdk_examples_pin-1.3', 'test_data_oid': '6809839e9090eed3decccd21', 'test_data_id': 'pin-only_24', 'xpaths': [{'xpath': 'PriorInformationNotice/cbc:PlannedDate', 'value': '2020-12-31+01:00'}]}], 'is_covered': True, 'xpath_conditions': [{'xpath_condition': '', 'meets_xpath_condition': True}], 'message': None}"
500,2025-04-24 00:48:48.746065+00:00,"{'sdk_element_id': 'ND-Part', 'sdk_element_title': None, 'sdk_element_xpath': ""/*/cac:ProcurementProjectLot[cbc:ID/@schemeName='Part']"", 'test_data_xpaths': [{'test_data_suite_oid': '6809839e9090eed3decccd14', 'test_data_suite_id': 'sdk_examples_pin-1.3', 'test_data_oid': '6809839e9090eed3decccd1b', 'test_data_id': 'pin-only_81_FRA', 'xpaths': [{'xpath': 'PriorInformationNotice/cac:ProcurementProjectLot', 'value': None}]}, {'test_data_suite_oid': '6809839e9090eed3decccd14', 'test_data_suite_id': 'sdk_examples_pin-1.3', 'test_data_oid': '6809839e9090eed3decccd1c', 'test_data_id': 'pin-only_24_lots', 'xpaths': [{'xpath': 'PriorInformationNotice/cac:ProcurementProjectLot', 'value': None}, {'xpath': 'PriorInformationNotice/cac:ProcurementProjectLot', 'value': None}, {'xpath': 'PriorInformationNotice/cac:ProcurementProjectLot', 'value': None}, {'xpath': 'PriorInformationNotice/cac:ProcurementProjectLot', 'value': None}, {'xpath': 'PriorInformationNotice/cac:ProcurementProjectLot', 'value': None}, {'xpath': 'PriorInformationNotice/cac:ProcurementProjectLot', 'value': None}, {'xpath': 'PriorInformationNotice/cac:ProcurementProjectLot', 'value': None}, {'xpath': 'PriorInformationNotice/cac:ProcurementProjectLot', 'value': None}, {'xpath': 'PriorInformationNotice/cac:ProcurementProjectLot', 'value': None}, {'xpath': 'PriorInformationNotice/cac:ProcurementProjectLot', 'value': None}]}, {'test_data_suite_oid': '6809839e9090eed3decccd14', 'test_data_suite_id': 'sdk_examples_pin-1.3', 'test_data_oid': '6809839e9090eed3decccd1d', 'test_data_id': 'pin-only_24_maximal', 'xpaths': [{'xpath': 'PriorInformationNotice/cac:ProcurementProjectLot', 'value': None}]}, {'test_data_suite_oid': '6809839e9090eed3decccd14', 'test_data_suite_id': 'sdk_examples_pin-1.3', 'test_data_oid': '6809839e9090eed3decccd1e', 'test_data_id': 'pin-only_fin-reg', 'xpaths': [{'xpath': 'PriorInformationNotice/cac:ProcurementProjectLot', 'value': None}]}, {'test_data_suite_oid': '6809839e9090eed3decccd14', 'test_data_suite_id': 'sdk_examples_pin-1.3', 'test_data_oid': '6809839e9090eed3decccd1f', 'test_data_id': 'pin-only_81', 'xpaths': [{'xpath': 'PriorInformationNotice/cac:ProcurementProjectLot', 'value': None}]}, {'test_data_suite_oid': '6809839e9090eed3decccd14', 'test_data_suite_id': 'sdk_examples_pin-1.3', 'test_data_oid': '6809839e9090eed3decccd21', 'test_data_id': 'pin-only_24', 'xpaths': [{'xpath': 'PriorInformationNotice/cac:ProcurementProjectLot', 'value': None}]}], 'is_covered': True, 'xpath_conditions': [{'xpath_condition': '', 'meets_xpath_condition': True}], 'message': None}"
501,2025-04-24 00:48:48.746065+00:00,"{'sdk_element_id': 'BT-137-Part', 'sdk_element_title': 'Purpose Lot Identifier', 'sdk_element_xpath': ""/*/cac:ProcurementProjectLot[cbc:ID/@schemeName='Part']/cbc:ID"", 'test_data_xpaths': [{'test_data_suite_oid': '6809839e9090eed3decccd14', 'test_data_suite_id': 'sdk_examples_pin-1.3', 'test_data_oid': '6809839e9090eed3decccd1b', 'test_data_id': 'pin-only_81_FRA', 'xpaths': [{'xpath': 'PriorInformationNotice/cac:ProcurementProjectLot/cbc:ID', 'value': 'PAR-0000'}]}, {'test_data_suite_oid': '6809839e9090eed3decccd14', 'test_data_suite_id': 'sdk_examples_pin-1.3', 'test_data_oid': '6809839e9090eed3decccd1c', 'test_data_id': 'pin-only_24_lots', 'xpaths': [{'xpath': 'PriorInformationNotice/cac:ProcurementProjectLot/cbc:ID', 'value': 'PAR-0001'}, {'xpath': 'PriorInformationNotice/cac:ProcurementProjectLot/cbc:ID', 'value': 'PAR-0002'}, {'xpath': 'PriorInformationNotice/cac:ProcurementProjectLot/cbc:ID', 'value': 'PAR-0003'}, {'xpath': 'PriorInformationNotice/cac:ProcurementProjectLot/cbc:ID', 'value': 'PAR-0004'}, {'xpath': 'PriorInformationNotice/cac:ProcurementProjectLot/cbc:ID', 'value': 'PAR-0005'}, {'xpath': 'PriorInformationNotice/cac:ProcurementProjectLot/cbc:ID', 'value': 'PAR-0006'}, {'xpath': 'PriorInformationNotice/cac:ProcurementProjectLot/cbc:ID', 'value': 'PAR-0007'}, {'xpath': 'PriorInformationNotice/cac:ProcurementProjectLot/cbc:ID', 'value': 'PAR-0008'}, {'xpath': 'PriorInformationNotice/cac:ProcurementProjectLot/cbc:ID', 'value': 'PAR-0009'}, {'xpath': 'PriorInformationNotice/cac:ProcurementProjectLot/cbc:ID', 'value': 'PAR-0010'}]}, {'test_data_suite_oid': '6809839e9090eed3decccd14', 'test_data_suite_id': 'sdk_examples_pin-1.3', 'test_data_oid': '6809839e9090eed3decccd1d', 'test_data_id': 'pin-only_24_maximal', 'xpaths': [{'xpath': 'PriorInformationNotice/cac:ProcurementProjectLot/cbc:ID', 'value': 'PAR-0000'}]}, {'test_data_suite_oid': '6809839e9090eed3decccd14', 'test_data_suite_id': 'sdk_examples_pin-1.3', 'test_data_oid': '6809839e9090eed3decccd1e', 'test_data_id': 'pin-only_fin-reg', 'xpaths': [{'xpath': 'PriorInformationNotice/cac:ProcurementProjectLot/cbc:ID', 'value': 'PAR-0000'}]}, {'test_data_suite_oid': '6809839e9090eed3decccd14', 'test_data_suite_id': 'sdk_examples_pin-1.3', 'test_data_oid': '6809839e9090eed3decccd1f', 'test_data_id': 'pin-only_81', 'xpaths': [{'xpath': 'PriorInformationNotice/cac:ProcurementProjectLot/cbc:ID', 'value': 'PAR-0000'}]}, {'test_data_suite_oid': '6809839e9090eed3decccd14', 'test_data_suite_id': 'sdk_examples_pin-1.3', 'test_data_oid': '6809839e9090eed3decccd21', 'test_data_id': 'pin-only_24', 'xpaths': [{'xpath': 'PriorInformationNotice/cac:ProcurementProjectLot/cbc:ID', 'value': 'PAR-0000'}]}], 'is_covered': True, 'xpath_conditions': [{'xpath_condition': '', 'meets_xpath_condition': True}], 'message': None}"
502,2025-04-24 00:48:48.746065+00:00,"{'sdk_element_id': 'ND-PartTenderingProcess', 'sdk_element_title': None, 'sdk_element_xpath': ""/*/cac:ProcurementProjectLot[cbc:ID/@schemeName='Part']/cac:TenderingProcess"", 'test_data_xpaths': [{'test_data_suite_oid': '6809839e9090eed3decccd14', 'test_data_suite_id': 'sdk_examples_pin-1.3', 'test_data_oid': '6809839e9090eed3decccd1b', 'test_data_id': 'pin-only_81_FRA', 'xpaths': [{'xpath': 'PriorInformationNotice/cac:ProcurementProjectLot/cac:TenderingProcess', 'value': None}]}, {'test_data_suite_oid': '6809839e9090eed3decccd14', 'test_data_suite_id': 'sdk_examples_pin-1.3', 'test_data_oid': '6809839e9090eed3decccd1c', 'test_data_id': 'pin-only_24_lots', 'xpaths': [{'xpath': 'PriorInformationNotice/cac:ProcurementProjectLot/cac:TenderingProcess', 'value': None}, {'xpath': 'PriorInformationNotice/cac:ProcurementProjectLot/cac:TenderingProcess', 'value': None}, {'xpath': 'PriorInformationNotice/cac:ProcurementProjectLot/cac:TenderingProcess', 'value': None}, {'xpath': 'PriorInformationNotice/cac:ProcurementProjectLot/cac:TenderingProcess', 'value': None}, {'xpath': 'PriorInformationNotice/cac:ProcurementProjectLot/cac:TenderingProcess', 'value': None}, {'xpath': 'PriorInformationNotice/cac:ProcurementProjectLot/cac:TenderingProcess', 'value': None}, {'xpath': 'PriorInformationNotice/cac:ProcurementProjectLot/cac:TenderingProcess', 'value': None}, {'xpath': 'PriorInformationNotice/cac:ProcurementProjectLot/cac:TenderingProcess', 'value': None}, {'xpath': 'PriorInformationNotice/cac:ProcurementProjectLot/cac:TenderingProcess', 'value': None}, {'xpath': 'PriorInformationNotice/cac:ProcurementProjectLot/cac:TenderingProcess', 'value': None}]}, {'test_data_suite_oid': '6809839e9090eed3decccd14', 'test_data_suite_id': 'sdk_examples_pin-1.3', 'test_data_oid': '6809839e9090eed3decccd1d', 'test_data_id': 'pin-only_24_maximal', 'xpaths': [{'xpath': 'PriorInformationNotice/cac:ProcurementProjectLot/cac:TenderingProcess', 'value': None}]}], 'is_covered': True, 'xpath_conditions': [{'xpath_condition': '', 'meets_xpath_condition': True}], 'message': None}"
503,2025-04-24 00:48:48.746065+00:00,"{'sdk_element_id': 'ND-PartPreviousPlanning', 'sdk_element_title': None, 'sdk_element_xpath': ""/*/cac:ProcurementProjectLot[cbc:ID/@schemeName='Part']/cac:TenderingProcess/cac:NoticeDocumentReference"", 'test_data_xpaths': [{'test_data_suite_oid': '6809839e9090eed3decccd14', 'test_data_suite_id': 'sdk_examples_pin-1.3', 'test_data_oid': '6809839e9090eed3decccd1d', 'test_data_id': 'pin-only_24_maximal', 'xpaths': [{'xpath': 'PriorInformationNotice/cac:ProcurementProjectLot/cac:TenderingProcess/cac:NoticeDocumentReference', 'value': None}]}], 'is_covered': True, 'xpath_conditions': [{'xpath_condition': '', 'meets_xpath_condition': True}], 'message': None}"
504,2025-04-24 00:48:48.746065+00:00,"{'sdk_element_id': 'BT-125(i)-Part', 'sdk_element_title': 'Previous Planning Identifier', 'sdk_element_xpath': ""/*/cac:ProcurementProjectLot[cbc:ID/@schemeName='Part']/cac:TenderingProcess/cac:NoticeDocumentReference/cbc:ID"", 'test_data_xpaths': [{'test_data_suite_oid': '6809839e9090eed3decccd14', 'test_data_suite_id': 'sdk_examples_pin-1.3', 'test_data_oid': '6809839e9090eed3decccd1d', 'test_data_id': 'pin-only_24_maximal', 'xpaths': [{'xpath': 'PriorInformationNotice/cac:ProcurementProjectLot/cac:TenderingProcess/cac:NoticeDocumentReference/cbc:ID', 'value': '12345678-2020'}]}], 'is_covered': True, 'xpath_conditions': [{'xpath_condition': '', 'meets_xpath_condition': True}], 'message': None}"
505,2025-04-24 00:48:48.746065+00:00,"{'sdk_element_id': 'BT-1251-Part', 'sdk_element_title': 'Previous Planning Part Identifier', 'sdk_element_xpath': ""/*/cac:ProcurementProjectLot[cbc:ID/@schemeName='Part']/cac:TenderingProcess/cac:NoticeDocumentReference/cbc:ReferencedDocumentInternalAddress"", 'test_data_xpaths': [{'test_data_suite_oid': '6809839e9090eed3decccd14', 'test_data_suite_id': 'sdk_examples_pin-1.3', 'test_data_oid': '6809839e9090eed3decccd1d', 'test_data_id': 'pin-only_24_maximal', 'xpaths': [{'xpath': 'PriorInformationNotice/cac:ProcurementProjectLot/cac:TenderingProcess/cac:NoticeDocumentReference/cbc:ReferencedDocumentInternalAddress', 'value': 'PAR-010'}]}], 'is_covered': True, 'xpath_conditions': [{'xpath_condition': '', 'meets_xpath_condition': True}], 'message': None}"
506,2025-04-24 00:48:48.746065+00:00,"{'sdk_element_id': 'ND-PartProcurementScope', 'sdk_element_title': None, 'sdk_element_xpath': ""/*/cac:ProcurementProjectLot[cbc:ID/@schemeName='Part']/cac:ProcurementProject"", 'test_data_xpaths': [{'test_data_suite_oid': '6809839e9090eed3decccd14', 'test_data_suite_id': 'sdk_examples_pin-1.3', 'test_data_oid': '6809839e9090eed3decccd1b', 'test_data_id': 'pin-only_81_FRA', 'xpaths': [{'xpath': 'PriorInformationNotice/cac:ProcurementProjectLot/cac:ProcurementProject', 'value': None}]}, {'test_data_suite_oid': '6809839e9090eed3decccd14', 'test_data_suite_id': 'sdk_examples_pin-1.3', 'test_data_oid': '6809839e9090eed3decccd1c', 'test_data_id': 'pin-only_24_lots', 'xpaths': [{'xpath': 'PriorInformationNotice/cac:ProcurementProjectLot/cac:ProcurementProject', 'value': None}, {'xpath': 'PriorInformationNotice/cac:ProcurementProjectLot/cac:ProcurementProject', 'value': None}, {'xpath': 'PriorInformationNotice/cac:ProcurementProjectLot/cac:ProcurementProject', 'value': None}, {'xpath': 'PriorInformationNotice/cac:ProcurementProjectLot/cac:ProcurementProject', 'value': None}, {'xpath': 'PriorInformationNotice/cac:ProcurementProjectLot/cac:ProcurementProject', 'value': None}, {'xpath': 'PriorInformationNotice/cac:ProcurementProjectLot/cac:ProcurementProject', 'value': None}, {'xpath': 'PriorInformationNotice/cac:ProcurementProjectLot/cac:ProcurementProject', 'value': None}, {'xpath': 'PriorInformationNotice/cac:ProcurementProjectLot/cac:ProcurementProject', 'value': None}, {'xpath': 'PriorInformationNotice/cac:ProcurementProjectLot/cac:ProcurementProject', 'value': None}, {'xpath': 'PriorInformationNotice/cac:ProcurementProjectLot/cac:ProcurementProject', 'value': None}]}, {'test_data_suite_oid': '6809839e9090eed3decccd14', 'test_data_suite_id': 'sdk_examples_pin-1.3', 'test_data_oid': '6809839e9090eed3decccd1d', 'test_data_id': 'pin-only_24_maximal', 'xpaths': [{'xpath': 'PriorInformationNotice/cac:ProcurementProjectLot/cac:ProcurementProject', 'value': None}]}, {'test_data_suite_oid': '6809839e9090eed3decccd14', 'test_data_suite_id': 'sdk_examples_pin-1.3', 'test_data_oid': '6809839e9090eed3decccd1e', 'test_data_id': 'pin-only_fin-reg', 'xpaths': [{'xpath': 'PriorInformationNotice/cac:ProcurementProjectLot/cac:ProcurementProject', 'value': None}]}, {'test_data_suite_oid': '6809839e9090eed3decccd14', 'test_data_suite_id': 'sdk_examples_pin-1.3', 'test_data_oid': '6809839e9090eed3decccd1f', 'test_data_id': 'pin-only_81', 'xpaths': [{'xpath': 'PriorInformationNotice/cac:ProcurementProjectLot/cac:ProcurementProject', 'value': None}]}, {'test_data_suite_oid': '6809839e9090eed3decccd14', 'test_data_suite_id': 'sdk_examples_pin-1.3', 'test_data_oid': '6809839e9090eed3decccd21', 'test_data_id': 'pin-only_24', 'xpaths': [{'xpath': 'PriorInformationNotice/cac:ProcurementProjectLot/cac:ProcurementProject', 'value': None}]}], 'is_covered': True, 'xpath_conditions': [{'xpath_condition': '', 'meets_xpath_condition': True}], 'message': None}"
507,2025-04-24 00:48:48.746065+00:00,"{'sdk_element_id': 'BT-22-Part', 'sdk_element_title': 'Internal Identifier', 'sdk_element_xpath': ""/*/cac:ProcurementProjectLot[cbc:ID/@schemeName='Part']/cac:ProcurementProject/cbc:ID"", 'test_data_xpaths': [{'test_data_suite_oid': '6809839e9090eed3decccd14', 'test_data_suite_id': 'sdk_examples_pin-1.3', 'test_data_oid': '6809839e9090eed3decccd1d', 'test_data_id': 'pin-only_24_maximal', 'xpaths': [{'xpath': 'PriorInformationNotice/cac:ProcurementProjectLot/cac:ProcurementProject/cbc:ID', 'value': 'Object Reference Number---'}]}], 'is_covered': True, 'xpath_conditions': [{'xpath_condition': '', 'meets_xpath_condition': True}], 'message': None}"
508,2025-04-24 00:48:48.746065+00:00,"{'sdk_element_id': 'BT-21-Part', 'sdk_element_title': 'Title', 'sdk_element_xpath': ""/*/cac:ProcurementProjectLot[cbc:ID/@schemeName='Part']/cac:ProcurementProject/cbc:Name"", 'test_data_xpaths': [{'test_data_suite_oid': '6809839e9090eed3decccd14', 'test_data_suite_id': 'sdk_examples_pin-1.3', 'test_data_oid': '6809839e9090eed3decccd1b', 'test_data_id': 'pin-only_81_FRA', 'xpaths': [{'xpath': 'PriorInformationNotice/cac:ProcurementProjectLot/cac:ProcurementProject/cbc:Name', 'value': ""Demande d'informations nº DI 123/DSSFT ayant pour objet le recueil d'informations sur les solutions industrielles dans le domaine des recycleurs de plongée destinés à la guerre des mines""}]}, {'test_data_suite_oid': '6809839e9090eed3decccd14', 'test_data_suite_id': 'sdk_examples_pin-1.3', 'test_data_oid': '6809839e9090eed3decccd1c', 'test_data_id': 'pin-only_24_lots', 'xpaths': [{'xpath': 'PriorInformationNotice/cac:ProcurementProjectLot/cac:ProcurementProject/cbc:Name', 'value': 'General Building Materials'}, {'xpath': 'PriorInformationNotice/cac:ProcurementProjectLot/cac:ProcurementProject/cbc:Name', 'value': 'Electrical Materials'}, {'xpath': 'PriorInformationNotice/cac:ProcurementProjectLot/cac:ProcurementProject/cbc:Name', 'value': 'Plumbing and Heating Materials'}, {'xpath': 'PriorInformationNotice/cac:ProcurementProjectLot/cac:ProcurementProject/cbc:Name', 'value': 'Managed Stores'}, {'xpath': 'PriorInformationNotice/cac:ProcurementProjectLot/cac:ProcurementProject/cbc:Name', 'value': 'Local Independent Merchants'}, {'xpath': 'PriorInformationNotice/cac:ProcurementProjectLot/cac:ProcurementProject/cbc:Name', 'value': 'Roofing Materials'}, {'xpath': 'PriorInformationNotice/cac:ProcurementProjectLot/cac:ProcurementProject/cbc:Name', 'value': 'Kitchen Materials'}, {'xpath': 'PriorInformationNotice/cac:ProcurementProjectLot/cac:ProcurementProject/cbc:Name', 'value': 'Bathroom Materials'}, {'xpath': 'PriorInformationNotice/cac:ProcurementProjectLot/cac:ProcurementProject/cbc:Name', 'value': 'Windows and Doors'}, {'xpath': 'PriorInformationNotice/cac:ProcurementProjectLot/cac:ProcurementProject/cbc:Name', 'value': 'Aids and Adaptations'}]}, {'test_data_suite_oid': '6809839e9090eed3decccd14', 'test_data_suite_id': 'sdk_examples_pin-1.3', 'test_data_oid': '6809839e9090eed3decccd1d', 'test_data_id': 'pin-only_24_maximal', 'xpaths': [{'xpath': 'PriorInformationNotice/cac:ProcurementProjectLot/cac:ProcurementProject/cbc:Name', 'value': 'Part Title ---'}]}, {'test_data_suite_oid': '6809839e9090eed3decccd14', 'test_data_suite_id': 'sdk_examples_pin-1.3', 'test_data_oid': '6809839e9090eed3decccd1e', 'test_data_id': 'pin-only_fin-reg', 'xpaths': [{'xpath': 'PriorInformationNotice/cac:ProcurementProjectLot/cac:ProcurementProject/cbc:Name', 'value': 'ProPrName1234-1'}]}, {'test_data_suite_oid': '6809839e9090eed3decccd14', 'test_data_suite_id': 'sdk_examples_pin-1.3', 'test_data_oid': '6809839e9090eed3decccd1f', 'test_data_id': 'pin-only_81', 'xpaths': [{'xpath': 'PriorInformationNotice/cac:ProcurementProjectLot/cac:ProcurementProject/cbc:Name', 'value': 'Provision of Worldwide Linguistic Services in Support of UK MoD Operations'}]}, {'test_data_suite_oid': '6809839e9090eed3decccd14', 'test_data_suite_id': 'sdk_examples_pin-1.3', 'test_data_oid': '6809839e9090eed3decccd21', 'test_data_id': 'pin-only_24', 'xpaths': [{'xpath': 'PriorInformationNotice/cac:ProcurementProjectLot/cac:ProcurementProject/cbc:Name', 'value': 'ProPrName1234-1'}]}], 'is_covered': True, 'xpath_conditions': [{'xpath_condition': '', 'meets_xpath_condition': True}], 'message': None}"
509,2025-04-24 00:48:48.746065+00:00,"{'sdk_element_id': 'BT-24-Part', 'sdk_element_title': 'Description', 'sdk_element_xpath': ""/*/cac:ProcurementProjectLot[cbc:ID/@schemeName='Part']/cac:ProcurementProject/cbc:Description"", 'test_data_xpaths': [{'test_data_suite_oid': '6809839e9090eed3decccd14', 'test_data_suite_id': 'sdk_examples_pin-1.3', 'test_data_oid': '6809839e9090eed3decccd1b', 'test_data_id': 'pin-only_81_FRA', 'xpaths': [{'xpath': 'PriorInformationNotice/cac:ProcurementProjectLot/cac:ProcurementProject/cbc:Description', 'value': ""\nDans le cadre de l'approvisionnement en matériel de plongée pour les armées françaises, le SSF souhaite approfondir sa connaissance de l'offre industrielle en matière de recycleurs destinés à la guerre des mines.\nCette Demande d'informations (DI) vise à identifier et évaluer les solutions possibles, sous les angles techniques et financiers.\nElle ne constitue pas une consultation liée à un marché public, ni un acte d'achat, ni un quelconque engagement de l'administration à lancer ultérieurement une opération sur le même objet. Le dossier de consultation complet incluant modalités de réponse est consultable sur le site https://www.ixarm.com/fr/node/861985 (RFI nº 123).\n\t\t\t""}]}, {'test_data_suite_oid': '6809839e9090eed3decccd14', 'test_data_suite_id': 'sdk_examples_pin-1.3', 'test_data_oid': '6809839e9090eed3decccd1c', 'test_data_id': 'pin-only_24_lots', 'xpaths': [{'xpath': 'PriorInformationNotice/cac:ProcurementProjectLot/cac:ProcurementProject/cbc:Description', 'value': 'The scope of this lot includes the supply and, where required, delivery of general building materials and associated services for planned works, new build, investment and repairs and maintenance works. This would include, but not be limited to products including timber, boards, roofing, insulation, brick and block, paving, landscape materials and drainage, cement and plaster, carpentry and woodwork, tool purchase (all hardware), kitchens and bathrooms, alarms (smoke/heat/carbon monoxide); ironmongery and any other general building materials.'}, {'xpath': 'PriorInformationNotice/cac:ProcurementProjectLot/cac:ProcurementProject/cbc:Description', 'value': 'The scope of this lot includes the supply and, where required, delivery of electrical products and associated services for planned, new build, responsive repair and compliance works. This would include, but not be limited to; cable and wiring, lighting fixtures and fittings, fire and heat detection alarms, circuit protection, ventilation products, electrical accessories, adherence to WEEE regulations'}, {'xpath': 'PriorInformationNotice/cac:ProcurementProjectLot/cac:ProcurementProject/cbc:Description', 'value': 'The scope of this lot provides the opportunity to access the supply and delivery of plumbing and heating products and associated services for; new build, planned and responsive repair works — Including, but not limited to, commercial and domestic heating and plumbing systems and spares, communal heating systems, brassware, showering, consumables and associated accessories, Also access to the supply and delivery of gas heating spares and associated services for domestic boilers and fires.'}, {'xpath': 'PriorInformationNotice/cac:ProcurementProjectLot/cac:ProcurementProject/cbc:Description', 'value': 'The scope of this lot provides opportunity to access a bespoke designed supply and service for both planned and reactive works and maintenance. This would include the supply of a broad range of products, including, but not limited to; plumbing and heating products; building materials; electrical items; gas spares; tool purchase; any other associated services and requirements within the scope of the framework (across all lots). The location of the store may be on the Members own premises, a dedicated facility or via a dedicated section of the suppliers trade store.'}, {'xpath': 'PriorInformationNotice/cac:ProcurementProjectLot/cac:ProcurementProject/cbc:Description', 'value': 'The scope of this lot includes the provision of local bespoke supply and service requirements for both planned and reactive maintenance through Independent merchants who are Members of an awarded national association or body – to include the supply of a broad range of products, including, but not limited to, plumbing and heating products, building materials, electrical; giving members the opportunity to reinvest their funds in local businesses and independent traders where desired. This can be structured by geographic region or on national basis dependent upon the specific requirement.'}, {'xpath': 'PriorInformationNotice/cac:ProcurementProjectLot/cac:ProcurementProject/cbc:Description', 'value': 'The scope of this lot provides the supply and, where required, delivery of all grades of roofing materials & associated services required to increase the lifespan of resident homes for planned, new build and maintenance works as well as non-residential properties. Products should include but are not limited to; slates, felts, sheets, tiles, accessories and fixings – flat and pitched roofs.'}, {'xpath': 'PriorInformationNotice/cac:ProcurementProjectLot/cac:ProcurementProject/cbc:Description', 'value': 'Provides the supply and delivery of cabinets, units and associated shelving, doors and drawers of all materials, supplied either flat pack or pre-assembled (rigid), manufactured for primary application in a domestic kitchen environment. Kitchen worktops — fabricated primarily for installation in domestic kitchen applications, of all materials including, but not limited to, stone/granite etc., solid surface (e.g. Corian) etc., wood and laminates. Sinks and associated brassware for use in domestic kitchens, including all materials – stainless steel, ceramic, composite etc., of all sizes, 1 bowl, 1.5 bowl, 2 bowl etc. Pillar taps, mixer taps, combination taps (i.e. with integral shower/water filter etc.) are also included. And associated services required to increase the lifespan of the properties for planned, new build and maintenance works.'}, {'xpath': 'PriorInformationNotice/cac:ProcurementProjectLot/cac:ProcurementProject/cbc:Description', 'value': 'The scope of this lot provides for the supply and delivery of all bathrooms and other fixtures and fittings and associated services required for planned, new build and maintenance works. Products should include but are not limited to; sinks, bath and sanitary ware, shower units, cabinets, brassware.'}, {'xpath': 'PriorInformationNotice/cac:ProcurementProjectLot/cac:ProcurementProject/cbc:Description', 'value': 'The scope of this lot includes the supply and delivery of: A. of PVC-u (and other plastic composites) windows and doors; B. of Aluminium (and other metals) windows and doors; C. of timber (incl. modified timber) windows and doors; D. of specialist external door sets (fire doors/flood doors). Window suppliers to conduct surveys on behalf of the members if required'}, {'xpath': 'PriorInformationNotice/cac:ProcurementProjectLot/cac:ProcurementProject/cbc:Description', 'value': 'The scope of this lot provides for the supply and delivery of adapted bathrooms and other fixtures and fittings and associated services required to increase the lifespan of properties for planned, new build and maintenance works. Products should include but are not limited to, wet rooms, shower trays, adapted showers, brassware, mobility support, general disabled adaptations.'}]}, {'test_data_suite_oid': '6809839e9090eed3decccd14', 'test_data_suite_id': 'sdk_examples_pin-1.3', 'test_data_oid': '6809839e9090eed3decccd1d', 'test_data_id': 'pin-only_24_maximal', 'xpaths': [{'xpath': 'PriorInformationNotice/cac:ProcurementProjectLot/cac:ProcurementProject/cbc:Description', 'value': 'Description ---'}]}, {'test_data_suite_oid': '6809839e9090eed3decccd14', 'test_data_suite_id': 'sdk_examples_pin-1.3', 'test_data_oid': '6809839e9090eed3decccd1e', 'test_data_id': 'pin-only_fin-reg', 'xpaths': [{'xpath': 'PriorInformationNotice/cac:ProcurementProjectLot/cac:ProcurementProject/cbc:Description', 'value': 'PrPrDescblabla'}]}, {'test_data_suite_oid': '6809839e9090eed3decccd14', 'test_data_suite_id': 'sdk_examples_pin-1.3', 'test_data_oid': '6809839e9090eed3decccd1f', 'test_data_id': 'pin-only_81', 'xpaths': [{'xpath': 'PriorInformationNotice/cac:ProcurementProjectLot/cac:ProcurementProject/cbc:Description', 'value': 'The authority has identified a requirement for a single supplier framework agreement for linguistic services in support of Permanent Joint Headquarters (PJHQ) and other user worldwide operations. This requirement shall include linguists at a variety of skill and security clearance levels to meet pre-defined roles but will also necessitate short notice deployments in to emerging operational locations when required by the authority. The authority will be looking to place a contract for four (4) years, with the potential to extend for a further twenty-four (24) months. The authority will be looking to place a contract notice for this requirement, with further details of the requirement, in the next 1-4 months. Interested suppliers will be expected to complete a Dynamic Pre-Qualification Questionnaire (DPQQ) with a minimum of three suppliers taken through to the invitation to tender (ITT) stage'}]}, {'test_data_suite_oid': '6809839e9090eed3decccd14', 'test_data_suite_id': 'sdk_examples_pin-1.3', 'test_data_oid': '6809839e9090eed3decccd21', 'test_data_id': 'pin-only_24', 'xpaths': [{'xpath': 'PriorInformationNotice/cac:ProcurementProjectLot/cac:ProcurementProject/cbc:Description', 'value': 'PrPrDescblabla'}]}], 'is_covered': True, 'xpath_conditions': [{'xpath_condition': '', 'meets_xpath_condition': True}], 'message': None}"
510,2025-04-24 00:48:48.746065+00:00,"{'sdk_element_id': 'BT-23-Part', 'sdk_element_title': 'Main Nature', 'sdk_element_xpath': ""/*/cac:ProcurementProjectLot[cbc:ID/@schemeName='Part']/cac:ProcurementProject/cbc:ProcurementTypeCode[@listName='contract-nature']"", 'test_data_xpaths': [{'test_data_suite_oid': '6809839e9090eed3decccd14', 'test_data_suite_id': 'sdk_examples_pin-1.3', 'test_data_oid': '6809839e9090eed3decccd1b', 'test_data_id': 'pin-only_81_FRA', 'xpaths': [{'xpath': 'PriorInformationNotice/cac:ProcurementProjectLot/cac:ProcurementProject/cbc:ProcurementTypeCode', 'value': 'supplies'}]}, {'test_data_suite_oid': '6809839e9090eed3decccd14', 'test_data_suite_id': 'sdk_examples_pin-1.3', 'test_data_oid': '6809839e9090eed3decccd1c', 'test_data_id': 'pin-only_24_lots', 'xpaths': [{'xpath': 'PriorInformationNotice/cac:ProcurementProjectLot/cac:ProcurementProject/cbc:ProcurementTypeCode', 'value': 'supplies'}, {'xpath': 'PriorInformationNotice/cac:ProcurementProjectLot/cac:ProcurementProject/cbc:ProcurementTypeCode', 'value': 'supplies'}, {'xpath': 'PriorInformationNotice/cac:ProcurementProjectLot/cac:ProcurementProject/cbc:ProcurementTypeCode', 'value': 'supplies'}, {'xpath': 'PriorInformationNotice/cac:ProcurementProjectLot/cac:ProcurementProject/cbc:ProcurementTypeCode', 'value': 'works'}, {'xpath': 'PriorInformationNotice/cac:ProcurementProjectLot/cac:ProcurementProject/cbc:ProcurementTypeCode', 'value': 'supplies'}, {'xpath': 'PriorInformationNotice/cac:ProcurementProjectLot/cac:ProcurementProject/cbc:ProcurementTypeCode', 'value': 'supplies'}, {'xpath': 'PriorInformationNotice/cac:ProcurementProjectLot/cac:ProcurementProject/cbc:ProcurementTypeCode', 'value': 'supplies'}, {'xpath': 'PriorInformationNotice/cac:ProcurementProjectLot/cac:ProcurementProject/cbc:ProcurementTypeCode', 'value': 'supplies'}, {'xpath': 'PriorInformationNotice/cac:ProcurementProjectLot/cac:ProcurementProject/cbc:ProcurementTypeCode', 'value': 'supplies'}, {'xpath': 'PriorInformationNotice/cac:ProcurementProjectLot/cac:ProcurementProject/cbc:ProcurementTypeCode', 'value': 'supplies'}]}, {'test_data_suite_oid': '6809839e9090eed3decccd14', 'test_data_suite_id': 'sdk_examples_pin-1.3', 'test_data_oid': '6809839e9090eed3decccd1d', 'test_data_id': 'pin-only_24_maximal', 'xpaths': [{'xpath': 'PriorInformationNotice/cac:ProcurementProjectLot/cac:ProcurementProject/cbc:ProcurementTypeCode', 'value': 'services'}]}, {'test_data_suite_oid': '6809839e9090eed3decccd14', 'test_data_suite_id': 'sdk_examples_pin-1.3', 'test_data_oid': '6809839e9090eed3decccd1e', 'test_data_id': 'pin-only_fin-reg', 'xpaths': [{'xpath': 'PriorInformationNotice/cac:ProcurementProjectLot/cac:ProcurementProject/cbc:ProcurementTypeCode', 'value': 'services'}]}, {'test_data_suite_oid': '6809839e9090eed3decccd14', 'test_data_suite_id': 'sdk_examples_pin-1.3', 'test_data_oid': '6809839e9090eed3decccd1f', 'test_data_id': 'pin-only_81', 'xpaths': [{'xpath': 'PriorInformationNotice/cac:ProcurementProjectLot/cac:ProcurementProject/cbc:ProcurementTypeCode', 'value': 'services'}]}, {'test_data_suite_oid': '6809839e9090eed3decccd14', 'test_data_suite_id': 'sdk_examples_pin-1.3', 'test_data_oid': '6809839e9090eed3decccd21', 'test_data_id': 'pin-only_24', 'xpaths': [{'xpath': 'PriorInformationNotice/cac:ProcurementProjectLot/cac:ProcurementProject/cbc:ProcurementTypeCode', 'value': 'services'}]}], 'is_covered': True, 'xpath_conditions': [{'xpath_condition': '', 'meets_xpath_condition': True}], 'message': None}"
511,2025-04-24 00:48:48.746065+00:00,"{'sdk_element_id': 'BT-531-Part', 'sdk_element_title': 'Additional Nature (different from Main)', 'sdk_element_xpath': ""/*/cac:ProcurementProjectLot[cbc:ID/@schemeName='Part']/cac:ProcurementProject/cac:ProcurementAdditionalType/cbc:ProcurementTypeCode[@listName='contract-nature']"", 'test_data_xpaths': [{'test_data_suite_oid': '6809839e9090eed3decccd14', 'test_data_suite_id': 'sdk_examples_pin-1.3', 'test_data_oid': '6809839e9090eed3decccd1d', 'test_data_id': 'pin-only_24_maximal', 'xpaths': [{'xpath': 'PriorInformationNotice/cac:ProcurementProjectLot/cac:ProcurementProject/cac:ProcurementAdditionalType/cbc:ProcurementTypeCode', 'value': 'works'}]}], 'is_covered': True, 'xpath_conditions': [{'xpath_condition': '', 'meets_xpath_condition': True}], 'message': None}"
512,2025-04-24 00:48:48.746065+00:00,"{'sdk_element_id': 'BT-726-Part', 'sdk_element_title': 'Suitable For SMEs', 'sdk_element_xpath': ""/*/cac:ProcurementProjectLot[cbc:ID/@schemeName='Part']/cac:ProcurementProject/cbc:SMESuitableIndicator"", 'test_data_xpaths': [{'test_data_suite_oid': '6809839e9090eed3decccd14', 'test_data_suite_id': 'sdk_examples_pin-1.3', 'test_data_oid': '6809839e9090eed3decccd1d', 'test_data_id': 'pin-only_24_maximal', 'xpaths': [{'xpath': 'PriorInformationNotice/cac:ProcurementProjectLot/cac:ProcurementProject/cbc:SMESuitableIndicator', 'value': 'true'}]}], 'is_covered': True, 'xpath_conditions': [{'xpath_condition': '', 'meets_xpath_condition': True}], 'message': None}"
513,2025-04-24 00:48:48.746065+00:00,"{'sdk_element_id': 'ND-PartValueEstimate', 'sdk_element_title': None, 'sdk_element_xpath': ""/*/cac:ProcurementProjectLot[cbc:ID/@schemeName='Part']/cac:ProcurementProject/cac:RequestedTenderTotal"", 'test_data_xpaths': [{'test_data_suite_oid': '6809839e9090eed3decccd14', 'test_data_suite_id': 'sdk_examples_pin-1.3', 'test_data_oid': '6809839e9090eed3decccd1d', 'test_data_id': 'pin-only_24_maximal', 'xpaths': [{'xpath': 'PriorInformationNotice/cac:ProcurementProjectLot/cac:ProcurementProject/cac:RequestedTenderTotal', 'value': None}]}], 'is_covered': True, 'xpath_conditions': [{'xpath_condition': '', 'meets_xpath_condition': True}], 'message': None}"
514,2025-04-24 00:48:48.746065+00:00,"{'sdk_element_id': 'BT-27-Part', 'sdk_element_title': 'Estimated Value', 'sdk_element_xpath': ""/*/cac:ProcurementProjectLot[cbc:ID/@schemeName='Part']/cac:ProcurementProject/cac:RequestedTenderTotal/cbc:EstimatedOverallContractAmount"", 'test_data_xpaths': [{'test_data_suite_oid': '6809839e9090eed3decccd14', 'test_data_suite_id': 'sdk_examples_pin-1.3', 'test_data_oid': '6809839e9090eed3decccd1d', 'test_data_id': 'pin-only_24_maximal', 'xpaths': [{'xpath': 'PriorInformationNotice/cac:ProcurementProjectLot/cac:ProcurementProject/cac:RequestedTenderTotal/cbc:EstimatedOverallContractAmount', 'value': '9999999.99'}]}], 'is_covered': True, 'xpath_conditions': [{'xpath_condition': '', 'meets_xpath_condition': True}], 'message': None}"
515,2025-04-24 00:48:48.746065+00:00,"{'sdk_element_id': 'ND-PartMainClassification', 'sdk_element_title': None, 'sdk_element_xpath': ""/*/cac:ProcurementProjectLot[cbc:ID/@schemeName='Part']/cac:ProcurementProject/cac:MainCommodityClassification"", 'test_data_xpaths': [{'test_data_suite_oid': '6809839e9090eed3decccd14', 'test_data_suite_id': 'sdk_examples_pin-1.3', 'test_data_oid': '6809839e9090eed3decccd1b', 'test_data_id': 'pin-only_81_FRA', 'xpaths': [{'xpath': 'PriorInformationNotice/cac:ProcurementProjectLot/cac:ProcurementProject/cac:MainCommodityClassification', 'value': None}]}, {'test_data_suite_oid': '6809839e9090eed3decccd14', 'test_data_suite_id': 'sdk_examples_pin-1.3', 'test_data_oid': '6809839e9090eed3decccd1c', 'test_data_id': 'pin-only_24_lots', 'xpaths': [{'xpath': 'PriorInformationNotice/cac:ProcurementProjectLot/cac:ProcurementProject/cac:MainCommodityClassification', 'value': None}, {'xpath': 'PriorInformationNotice/cac:ProcurementProjectLot/cac:ProcurementProject/cac:MainCommodityClassification', 'value': None}, {'xpath': 'PriorInformationNotice/cac:ProcurementProjectLot/cac:ProcurementProject/cac:MainCommodityClassification', 'value': None}, {'xpath': 'PriorInformationNotice/cac:ProcurementProjectLot/cac:ProcurementProject/cac:MainCommodityClassification', 'value': None}, {'xpath': 'PriorInformationNotice/cac:ProcurementProjectLot/cac:ProcurementProject/cac:MainCommodityClassification', 'value': None}, {'xpath': 'PriorInformationNotice/cac:ProcurementProjectLot/cac:ProcurementProject/cac:MainCommodityClassification', 'value': None}, {'xpath': 'PriorInformationNotice/cac:ProcurementProjectLot/cac:ProcurementProject/cac:MainCommodityClassification', 'value': None}, {'xpath': 'PriorInformationNotice/cac:ProcurementProjectLot/cac:ProcurementProject/cac:MainCommodityClassification', 'value': None}, {'xpath': 'PriorInformationNotice/cac:ProcurementProjectLot/cac:ProcurementProject/cac:MainCommodityClassification', 'value': None}, {'xpath': 'PriorInformationNotice/cac:ProcurementProjectLot/cac:ProcurementProject/cac:MainCommodityClassification', 'value': None}]}, {'test_data_suite_oid': '6809839e9090eed3decccd14', 'test_data_suite_id': 'sdk_examples_pin-1.3', 'test_data_oid': '6809839e9090eed3decccd1d', 'test_data_id': 'pin-only_24_maximal', 'xpaths': [{'xpath': 'PriorInformationNotice/cac:ProcurementProjectLot/cac:ProcurementProject/cac:MainCommodityClassification', 'value': None}]}, {'test_data_suite_oid': '6809839e9090eed3decccd14', 'test_data_suite_id': 'sdk_examples_pin-1.3', 'test_data_oid': '6809839e9090eed3decccd1e', 'test_data_id': 'pin-only_fin-reg', 'xpaths': [{'xpath': 'PriorInformationNotice/cac:ProcurementProjectLot/cac:ProcurementProject/cac:MainCommodityClassification', 'value': None}]}, {'test_data_suite_oid': '6809839e9090eed3decccd14', 'test_data_suite_id': 'sdk_examples_pin-1.3', 'test_data_oid': '6809839e9090eed3decccd1f', 'test_data_id': 'pin-only_81', 'xpaths': [{'xpath': 'PriorInformationNotice/cac:ProcurementProjectLot/cac:ProcurementProject/cac:MainCommodityClassification', 'value': None}]}, {'test_data_suite_oid': '6809839e9090eed3decccd14', 'test_data_suite_id': 'sdk_examples_pin-1.3', 'test_data_oid': '6809839e9090eed3decccd21', 'test_data_id': 'pin-only_24', 'xpaths': [{'xpath': 'PriorInformationNotice/cac:ProcurementProjectLot/cac:ProcurementProject/cac:MainCommodityClassification', 'value': None}]}], 'is_covered': True, 'xpath_conditions': [{'xpath_condition': '', 'meets_xpath_condition': True}], 'message': None}"
516,2025-04-24 00:48:48.746065+00:00,"{'sdk_element_id': 'ND-PartMainClassificationCode', 'sdk_element_title': None, 'sdk_element_xpath': ""/*/cac:ProcurementProjectLot[cbc:ID/@schemeName='Part']/cac:ProcurementProject/cac:MainCommodityClassification/cbc:ItemClassificationCode"", 'test_data_xpaths': [{'test_data_suite_oid': '6809839e9090eed3decccd14', 'test_data_suite_id': 'sdk_examples_pin-1.3', 'test_data_oid': '6809839e9090eed3decccd1b', 'test_data_id': 'pin-only_81_FRA', 'xpaths': [{'xpath': 'PriorInformationNotice/cac:ProcurementProjectLot/cac:ProcurementProject/cac:MainCommodityClassification/cbc:ItemClassificationCode', 'value': '35520000'}]}, {'test_data_suite_oid': '6809839e9090eed3decccd14', 'test_data_suite_id': 'sdk_examples_pin-1.3', 'test_data_oid': '6809839e9090eed3decccd1c', 'test_data_id': 'pin-only_24_lots', 'xpaths': [{'xpath': 'PriorInformationNotice/cac:ProcurementProjectLot/cac:ProcurementProject/cac:MainCommodityClassification/cbc:ItemClassificationCode', 'value': '44111000'}, {'xpath': 'PriorInformationNotice/cac:ProcurementProjectLot/cac:ProcurementProject/cac:MainCommodityClassification/cbc:ItemClassificationCode', 'value': '31681410'}, {'xpath': 'PriorInformationNotice/cac:ProcurementProjectLot/cac:ProcurementProject/cac:MainCommodityClassification/cbc:ItemClassificationCode', 'value': '44115200'}, {'xpath': 'PriorInformationNotice/cac:ProcurementProjectLot/cac:ProcurementProject/cac:MainCommodityClassification/cbc:ItemClassificationCode', 'value': '45213221'}, {'xpath': 'PriorInformationNotice/cac:ProcurementProjectLot/cac:ProcurementProject/cac:MainCommodityClassification/cbc:ItemClassificationCode', 'value': '44110000'}, {'xpath': 'PriorInformationNotice/cac:ProcurementProjectLot/cac:ProcurementProject/cac:MainCommodityClassification/cbc:ItemClassificationCode', 'value': '44112500'}, {'xpath': 'PriorInformationNotice/cac:ProcurementProjectLot/cac:ProcurementProject/cac:MainCommodityClassification/cbc:ItemClassificationCode', 'value': '39141400'}, {'xpath': 'PriorInformationNotice/cac:ProcurementProjectLot/cac:ProcurementProject/cac:MainCommodityClassification/cbc:ItemClassificationCode', 'value': '39144000'}, {'xpath': 'PriorInformationNotice/cac:ProcurementProjectLot/cac:ProcurementProject/cac:MainCommodityClassification/cbc:ItemClassificationCode', 'value': '44221000'}, {'xpath': 'PriorInformationNotice/cac:ProcurementProjectLot/cac:ProcurementProject/cac:MainCommodityClassification/cbc:ItemClassificationCode', 'value': '33196000'}]}, {'test_data_suite_oid': '6809839e9090eed3decccd14', 'test_data_suite_id': 'sdk_examples_pin-1.3', 'test_data_oid': '6809839e9090eed3decccd1d', 'test_data_id': 'pin-only_24_maximal', 'xpaths': [{'xpath': 'PriorInformationNotice/cac:ProcurementProjectLot/cac:ProcurementProject/cac:MainCommodityClassification/cbc:ItemClassificationCode', 'value': '79622000'}]}, {'test_data_suite_oid': '6809839e9090eed3decccd14', 'test_data_suite_id': 'sdk_examples_pin-1.3', 'test_data_oid': '6809839e9090eed3decccd1e', 'test_data_id': 'pin-only_fin-reg', 'xpaths': [{'xpath': 'PriorInformationNotice/cac:ProcurementProjectLot/cac:ProcurementProject/cac:MainCommodityClassification/cbc:ItemClassificationCode', 'value': '50000000'}]}, {'test_data_suite_oid': '6809839e9090eed3decccd14', 'test_data_suite_id': 'sdk_examples_pin-1.3', 'test_data_oid': '6809839e9090eed3decccd1f', 'test_data_id': 'pin-only_81', 'xpaths': [{'xpath': 'PriorInformationNotice/cac:ProcurementProjectLot/cac:ProcurementProject/cac:MainCommodityClassification/cbc:ItemClassificationCode', 'value': '79530000'}]}, {'test_data_suite_oid': '6809839e9090eed3decccd14', 'test_data_suite_id': 'sdk_examples_pin-1.3', 'test_data_oid': '6809839e9090eed3decccd21', 'test_data_id': 'pin-only_24', 'xpaths': [{'xpath': 'PriorInformationNotice/cac:ProcurementProjectLot/cac:ProcurementProject/cac:MainCommodityClassification/cbc:ItemClassificationCode', 'value': '50000000'}]}], 'is_covered': True, 'xpath_conditions': [{'xpath_condition': '', 'meets_xpath_condition': True}, {'xpath_condition': ""cbc:ItemClassificationCode[@listName='cpv']"", 'meets_xpath_condition': False}], 'message': None}"
517,2025-04-24 00:48:48.746065+00:00,"{'sdk_element_id': 'BT-26(m)-Part', 'sdk_element_title': 'Classification Type (e.g. CPV)', 'sdk_element_xpath': ""/*/cac:ProcurementProjectLot[cbc:ID/@schemeName='Part']/cac:ProcurementProject/cac:MainCommodityClassification/cbc:ItemClassificationCode/@listName"", 'test_data_xpaths': [{'test_data_suite_oid': '6809839e9090eed3decccd14', 'test_data_suite_id': 'sdk_examples_pin-1.3', 'test_data_oid': '6809839e9090eed3decccd1b', 'test_data_id': 'pin-only_81_FRA', 'xpaths': [{'xpath': 'PriorInformationNotice/cac:ProcurementProjectLot/cac:ProcurementProject/cac:MainCommodityClassification/cbc:ItemClassificationCode/listName', 'value': 'cpv'}]}, {'test_data_suite_oid': '6809839e9090eed3decccd14', 'test_data_suite_id': 'sdk_examples_pin-1.3', 'test_data_oid': '6809839e9090eed3decccd1c', 'test_data_id': 'pin-only_24_lots', 'xpaths': [{'xpath': 'PriorInformationNotice/cac:ProcurementProjectLot/cac:ProcurementProject/cac:MainCommodityClassification/cbc:ItemClassificationCode/listName', 'value': 'cpv'}, {'xpath': 'PriorInformationNotice/cac:ProcurementProjectLot/cac:ProcurementProject/cac:MainCommodityClassification/cbc:ItemClassificationCode/listName', 'value': 'cpv'}, {'xpath': 'PriorInformationNotice/cac:ProcurementProjectLot/cac:ProcurementProject/cac:MainCommodityClassification/cbc:ItemClassificationCode/listName', 'value': 'cpv'}, {'xpath': 'PriorInformationNotice/cac:ProcurementProjectLot/cac:ProcurementProject/cac:MainCommodityClassification/cbc:ItemClassificationCode/listName', 'value': 'cpv'}, {'xpath': 'PriorInformationNotice/cac:ProcurementProjectLot/cac:ProcurementProject/cac:MainCommodityClassification/cbc:ItemClassificationCode/listName', 'value': 'cpv'}, {'xpath': 'PriorInformationNotice/cac:ProcurementProjectLot/cac:ProcurementProject/cac:MainCommodityClassification/cbc:ItemClassificationCode/listName', 'value': 'cpv'}, {'xpath': 'PriorInformationNotice/cac:ProcurementProjectLot/cac:ProcurementProject/cac:MainCommodityClassification/cbc:ItemClassificationCode/listName', 'value': 'cpv'}, {'xpath': 'PriorInformationNotice/cac:ProcurementProjectLot/cac:ProcurementProject/cac:MainCommodityClassification/cbc:ItemClassificationCode/listName', 'value': 'cpv'}, {'xpath': 'PriorInformationNotice/cac:ProcurementProjectLot/cac:ProcurementProject/cac:MainCommodityClassification/cbc:ItemClassificationCode/listName', 'value': 'cpv'}, {'xpath': 'PriorInformationNotice/cac:ProcurementProjectLot/cac:ProcurementProject/cac:MainCommodityClassification/cbc:ItemClassificationCode/listName', 'value': 'cpv'}]}, {'test_data_suite_oid': '6809839e9090eed3decccd14', 'test_data_suite_id': 'sdk_examples_pin-1.3', 'test_data_oid': '6809839e9090eed3decccd1d', 'test_data_id': 'pin-only_24_maximal', 'xpaths': [{'xpath': 'PriorInformationNotice/cac:ProcurementProjectLot/cac:ProcurementProject/cac:MainCommodityClassification/cbc:ItemClassificationCode/listName', 'value': 'cpv'}]}, {'test_data_suite_oid': '6809839e9090eed3decccd14', 'test_data_suite_id': 'sdk_examples_pin-1.3', 'test_data_oid': '6809839e9090eed3decccd1e', 'test_data_id': 'pin-only_fin-reg', 'xpaths': [{'xpath': 'PriorInformationNotice/cac:ProcurementProjectLot/cac:ProcurementProject/cac:MainCommodityClassification/cbc:ItemClassificationCode/listName', 'value': 'cpv'}]}, {'test_data_suite_oid': '6809839e9090eed3decccd14', 'test_data_suite_id': 'sdk_examples_pin-1.3', 'test_data_oid': '6809839e9090eed3decccd1f', 'test_data_id': 'pin-only_81', 'xpaths': [{'xpath': 'PriorInformationNotice/cac:ProcurementProjectLot/cac:ProcurementProject/cac:MainCommodityClassification/cbc:ItemClassificationCode/listName', 'value': 'cpv'}]}, {'test_data_suite_oid': '6809839e9090eed3decccd14', 'test_data_suite_id': 'sdk_examples_pin-1.3', 'test_data_oid': '6809839e9090eed3decccd21', 'test_data_id': 'pin-only_24', 'xpaths': [{'xpath': 'PriorInformationNotice/cac:ProcurementProjectLot/cac:ProcurementProject/cac:MainCommodityClassification/cbc:ItemClassificationCode/listName', 'value': 'cpv'}]}], 'is_covered': True, 'xpath_conditions': [{'xpath_condition': ""cbc:ItemClassificationCode[@listName='cpv']"", 'meets_xpath_condition': False}], 'message': None}"
518,2025-04-24 00:48:48.746065+00:00,"{'sdk_element_id': 'ND-PartAdditionalClassification', 'sdk_element_title': None, 'sdk_element_xpath': ""/*/cac:ProcurementProjectLot[cbc:ID/@schemeName='Part']/cac:ProcurementProject/cac:AdditionalCommodityClassification"", 'test_data_xpaths': [], 'is_covered': False, 'xpath_conditions': [{'xpath_condition': '', 'meets_xpath_condition': True}], 'message': None}"
519,2025-04-24 00:48:48.746065+00:00,"{'sdk_element_id': 'BT-26(a)-Part', 'sdk_element_title': 'Classification Type (e.g. CPV)', 'sdk_element_xpath': ""/*/cac:ProcurementProjectLot[cbc:ID/@schemeName='Part']/cac:ProcurementProject/cac:AdditionalCommodityClassification/cbc:ItemClassificationCode/@listName"", 'test_data_xpaths': [], 'is_covered': False, 'xpath_conditions': [{'xpath_condition': ""cbc:ItemClassificationCode[@listName='cpv']"", 'meets_xpath_condition': False}], 'message': None}"
520,2025-04-24 00:48:48.746065+00:00,"{'sdk_element_id': 'BT-263-Part', 'sdk_element_title': 'Additional Classification Code', 'sdk_element_xpath': ""/*/cac:ProcurementProjectLot[cbc:ID/@schemeName='Part']/cac:ProcurementProject/cac:AdditionalCommodityClassification/cbc:ItemClassificationCode"", 'test_data_xpaths': [], 'is_covered': False, 'xpath_conditions': [{'xpath_condition': ""cbc:ItemClassificationCode[@listName='cpv']"", 'meets_xpath_condition': False}], 'message': None}"
521,2025-04-24 00:48:48.746065+00:00,"{'sdk_element_id': 'ND-PartPlacePerformance', 'sdk_element_title': None, 'sdk_element_xpath': ""/*/cac:ProcurementProjectLot[cbc:ID/@schemeName='Part']/cac:ProcurementProject/cac:RealizedLocation"", 'test_data_xpaths': [{'test_data_suite_oid': '6809839e9090eed3decccd14', 'test_data_suite_id': 'sdk_examples_pin-1.3', 'test_data_oid': '6809839e9090eed3decccd1b', 'test_data_id': 'pin-only_81_FRA', 'xpaths': [{'xpath': 'PriorInformationNotice/cac:ProcurementProjectLot/cac:ProcurementProject/cac:RealizedLocation', 'value': None}]}, {'test_data_suite_oid': '6809839e9090eed3decccd14', 'test_data_suite_id': 'sdk_examples_pin-1.3', 'test_data_oid': '6809839e9090eed3decccd1c', 'test_data_id': 'pin-only_24_lots', 'xpaths': [{'xpath': 'PriorInformationNotice/cac:ProcurementProjectLot/cac:ProcurementProject/cac:RealizedLocation', 'value': None}, {'xpath': 'PriorInformationNotice/cac:ProcurementProjectLot/cac:ProcurementProject/cac:RealizedLocation', 'value': None}, {'xpath': 'PriorInformationNotice/cac:ProcurementProjectLot/cac:ProcurementProject/cac:RealizedLocation', 'value': None}, {'xpath': 'PriorInformationNotice/cac:ProcurementProjectLot/cac:ProcurementProject/cac:RealizedLocation', 'value': None}, {'xpath': 'PriorInformationNotice/cac:ProcurementProjectLot/cac:ProcurementProject/cac:RealizedLocation', 'value': None}, {'xpath': 'PriorInformationNotice/cac:ProcurementProjectLot/cac:ProcurementProject/cac:RealizedLocation', 'value': None}, {'xpath': 'PriorInformationNotice/cac:ProcurementProjectLot/cac:ProcurementProject/cac:RealizedLocation', 'value': None}, {'xpath': 'PriorInformationNotice/cac:ProcurementProjectLot/cac:ProcurementProject/cac:RealizedLocation', 'value': None}, {'xpath': 'PriorInformationNotice/cac:ProcurementProjectLot/cac:ProcurementProject/cac:RealizedLocation', 'value': None}, {'xpath': 'PriorInformationNotice/cac:ProcurementProjectLot/cac:ProcurementProject/cac:RealizedLocation', 'value': None}]}, {'test_data_suite_oid': '6809839e9090eed3decccd14', 'test_data_suite_id': 'sdk_examples_pin-1.3', 'test_data_oid': '6809839e9090eed3decccd1d', 'test_data_id': 'pin-only_24_maximal', 'xpaths': [{'xpath': 'PriorInformationNotice/cac:ProcurementProjectLot/cac:ProcurementProject/cac:RealizedLocation', 'value': None}, {'xpath': 'PriorInformationNotice/cac:ProcurementProjectLot/cac:ProcurementProject/cac:RealizedLocation', 'value': None}]}, {'test_data_suite_oid': '6809839e9090eed3decccd14', 'test_data_suite_id': 'sdk_examples_pin-1.3', 'test_data_oid': '6809839e9090eed3decccd1e', 'test_data_id': 'pin-only_fin-reg', 'xpaths': [{'xpath': 'PriorInformationNotice/cac:ProcurementProjectLot/cac:ProcurementProject/cac:RealizedLocation', 'value': None}]}, {'test_data_suite_oid': '6809839e9090eed3decccd14', 'test_data_suite_id': 'sdk_examples_pin-1.3', 'test_data_oid': '6809839e9090eed3decccd1f', 'test_data_id': 'pin-only_81', 'xpaths': [{'xpath': 'PriorInformationNotice/cac:ProcurementProjectLot/cac:ProcurementProject/cac:RealizedLocation', 'value': None}]}, {'test_data_suite_oid': '6809839e9090eed3decccd14', 'test_data_suite_id': 'sdk_examples_pin-1.3', 'test_data_oid': '6809839e9090eed3decccd21', 'test_data_id': 'pin-only_24', 'xpaths': [{'xpath': 'PriorInformationNotice/cac:ProcurementProjectLot/cac:ProcurementProject/cac:RealizedLocation', 'value': None}]}], 'is_covered': True, 'xpath_conditions': [{'xpath_condition': '', 'meets_xpath_condition': True}], 'message': None}"
522,2025-04-24 00:48:48.746065+00:00,"{'sdk_element_id': 'ND-PartPerformanceAddress', 'sdk_element_title': None, 'sdk_element_xpath': ""/*/cac:ProcurementProjectLot[cbc:ID/@schemeName='Part']/cac:ProcurementProject/cac:RealizedLocation/cac:Address"", 'test_data_xpaths': [{'test_data_suite_oid': '6809839e9090eed3decccd14', 'test_data_suite_id': 'sdk_examples_pin-1.3', 'test_data_oid': '6809839e9090eed3decccd1b', 'test_data_id': 'pin-only_81_FRA', 'xpaths': [{'xpath': 'PriorInformationNotice/cac:ProcurementProjectLot/cac:ProcurementProject/cac:RealizedLocation/cac:Address', 'value': None}]}, {'test_data_suite_oid': '6809839e9090eed3decccd14', 'test_data_suite_id': 'sdk_examples_pin-1.3', 'test_data_oid': '6809839e9090eed3decccd1c', 'test_data_id': 'pin-only_24_lots', 'xpaths': [{'xpath': 'PriorInformationNotice/cac:ProcurementProjectLot/cac:ProcurementProject/cac:RealizedLocation/cac:Address', 'value': None}, {'xpath': 'PriorInformationNotice/cac:ProcurementProjectLot/cac:ProcurementProject/cac:RealizedLocation/cac:Address', 'value': None}, {'xpath': 'PriorInformationNotice/cac:ProcurementProjectLot/cac:ProcurementProject/cac:RealizedLocation/cac:Address', 'value': None}, {'xpath': 'PriorInformationNotice/cac:ProcurementProjectLot/cac:ProcurementProject/cac:RealizedLocation/cac:Address', 'value': None}, {'xpath': 'PriorInformationNotice/cac:ProcurementProjectLot/cac:ProcurementProject/cac:RealizedLocation/cac:Address', 'value': None}, {'xpath': 'PriorInformationNotice/cac:ProcurementProjectLot/cac:ProcurementProject/cac:RealizedLocation/cac:Address', 'value': None}, {'xpath': 'PriorInformationNotice/cac:ProcurementProjectLot/cac:ProcurementProject/cac:RealizedLocation/cac:Address', 'value': None}, {'xpath': 'PriorInformationNotice/cac:ProcurementProjectLot/cac:ProcurementProject/cac:RealizedLocation/cac:Address', 'value': None}, {'xpath': 'PriorInformationNotice/cac:ProcurementProjectLot/cac:ProcurementProject/cac:RealizedLocation/cac:Address', 'value': None}, {'xpath': 'PriorInformationNotice/cac:ProcurementProjectLot/cac:ProcurementProject/cac:RealizedLocation/cac:Address', 'value': None}]}, {'test_data_suite_oid': '6809839e9090eed3decccd14', 'test_data_suite_id': 'sdk_examples_pin-1.3', 'test_data_oid': '6809839e9090eed3decccd1d', 'test_data_id': 'pin-only_24_maximal', 'xpaths': [{'xpath': 'PriorInformationNotice/cac:ProcurementProjectLot/cac:ProcurementProject/cac:RealizedLocation/cac:Address', 'value': None}, {'xpath': 'PriorInformationNotice/cac:ProcurementProjectLot/cac:ProcurementProject/cac:RealizedLocation/cac:Address', 'value': None}]}, {'test_data_suite_oid': '6809839e9090eed3decccd14', 'test_data_suite_id': 'sdk_examples_pin-1.3', 'test_data_oid': '6809839e9090eed3decccd1e', 'test_data_id': 'pin-only_fin-reg', 'xpaths': [{'xpath': 'PriorInformationNotice/cac:ProcurementProjectLot/cac:ProcurementProject/cac:RealizedLocation/cac:Address', 'value': None}]}, {'test_data_suite_oid': '6809839e9090eed3decccd14', 'test_data_suite_id': 'sdk_examples_pin-1.3', 'test_data_oid': '6809839e9090eed3decccd1f', 'test_data_id': 'pin-only_81', 'xpaths': [{'xpath': 'PriorInformationNotice/cac:ProcurementProjectLot/cac:ProcurementProject/cac:RealizedLocation/cac:Address', 'value': None}]}, {'test_data_suite_oid': '6809839e9090eed3decccd14', 'test_data_suite_id': 'sdk_examples_pin-1.3', 'test_data_oid': '6809839e9090eed3decccd21', 'test_data_id': 'pin-only_24', 'xpaths': [{'xpath': 'PriorInformationNotice/cac:ProcurementProjectLot/cac:ProcurementProject/cac:RealizedLocation/cac:Address', 'value': None}]}], 'is_covered': True, 'xpath_conditions': [{'xpath_condition': 'not(exists(cbc:Address/cbc:Region))', 'meets_xpath_condition': True}], 'message': None}"
523,2025-04-24 00:48:48.746065+00:00,"{'sdk_element_id': 'BT-5101(a)-Part', 'sdk_element_title': 'Place Performance Street', 'sdk_element_xpath': ""/*/cac:ProcurementProjectLot[cbc:ID/@schemeName='Part']/cac:ProcurementProject/cac:RealizedLocation/cac:Address/cbc:StreetName"", 'test_data_xpaths': [{'test_data_suite_oid': '6809839e9090eed3decccd14', 'test_data_suite_id': 'sdk_examples_pin-1.3', 'test_data_oid': '6809839e9090eed3decccd1d', 'test_data_id': 'pin-only_24_maximal', 'xpaths': [{'xpath': 'PriorInformationNotice/cac:ProcurementProjectLot/cac:ProcurementProject/cac:RealizedLocation/cac:Address/cbc:StreetName', 'value': 'Bruce Wayne House'}]}, {'test_data_suite_oid': '6809839e9090eed3decccd14', 'test_data_suite_id': 'sdk_examples_pin-1.3', 'test_data_oid': '6809839e9090eed3decccd1e', 'test_data_id': 'pin-only_fin-reg', 'xpaths': [{'xpath': 'PriorInformationNotice/cac:ProcurementProjectLot/cac:ProcurementProject/cac:RealizedLocation/cac:Address/cbc:StreetName', 'value': 'RealizedLocStreet1234'}]}, {'test_data_suite_oid': '6809839e9090eed3decccd14', 'test_data_suite_id': 'sdk_examples_pin-1.3', 'test_data_oid': '6809839e9090eed3decccd21', 'test_data_id': 'pin-only_24', 'xpaths': [{'xpath': 'PriorInformationNotice/cac:ProcurementProjectLot/cac:ProcurementProject/cac:RealizedLocation/cac:Address/cbc:StreetName', 'value': 'RealizedLocStreet1234'}]}], 'is_covered': True, 'xpath_conditions': [{'xpath_condition': '', 'meets_xpath_condition': True}], 'message': None}"
524,2025-04-24 00:48:48.746065+00:00,"{'sdk_element_id': 'BT-5101(b)-Part', 'sdk_element_title': 'Place Performance Streetline 1', 'sdk_element_xpath': ""/*/cac:ProcurementProjectLot[cbc:ID/@schemeName='Part']/cac:ProcurementProject/cac:RealizedLocation/cac:Address/cbc:AdditionalStreetName"", 'test_data_xpaths': [{'test_data_suite_oid': '6809839e9090eed3decccd14', 'test_data_suite_id': 'sdk_examples_pin-1.3', 'test_data_oid': '6809839e9090eed3decccd1d', 'test_data_id': 'pin-only_24_maximal', 'xpaths': [{'xpath': 'PriorInformationNotice/cac:ProcurementProjectLot/cac:ProcurementProject/cac:RealizedLocation/cac:Address/cbc:AdditionalStreetName', 'value': '2 Gotham Street'}]}, {'test_data_suite_oid': '6809839e9090eed3decccd14', 'test_data_suite_id': 'sdk_examples_pin-1.3', 'test_data_oid': '6809839e9090eed3decccd21', 'test_data_id': 'pin-only_24', 'xpaths': [{'xpath': 'PriorInformationNotice/cac:ProcurementProjectLot/cac:ProcurementProject/cac:RealizedLocation/cac:Address/cbc:AdditionalStreetName', 'value': 'RealizedLocAdditionalStreet1234'}]}], 'is_covered': True, 'xpath_conditions': [{'xpath_condition': '', 'meets_xpath_condition': True}], 'message': None}"
525,2025-04-24 00:48:48.746065+00:00,"{'sdk_element_id': 'BT-5101(c)-Part', 'sdk_element_title': 'Place Performance Streetline 2', 'sdk_element_xpath': ""/*/cac:ProcurementProjectLot[cbc:ID/@schemeName='Part']/cac:ProcurementProject/cac:RealizedLocation/cac:Address/cac:AddressLine/cbc:Line"", 'test_data_xpaths': [{'test_data_suite_oid': '6809839e9090eed3decccd14', 'test_data_suite_id': 'sdk_examples_pin-1.3', 'test_data_oid': '6809839e9090eed3decccd21', 'test_data_id': 'pin-only_24', 'xpaths': [{'xpath': 'PriorInformationNotice/cac:ProcurementProjectLot/cac:ProcurementProject/cac:RealizedLocation/cac:Address/cac:AddressLine/cbc:Line', 'value': 'RealizedLocAddressLine1234'}]}], 'is_covered': True, 'xpath_conditions': [{'xpath_condition': '', 'meets_xpath_condition': True}], 'message': None}"
526,2025-04-24 00:48:48.746065+00:00,"{'sdk_element_id': 'BT-5131-Part', 'sdk_element_title': 'Place Performance City', 'sdk_element_xpath': ""/*/cac:ProcurementProjectLot[cbc:ID/@schemeName='Part']/cac:ProcurementProject/cac:RealizedLocation/cac:Address/cbc:CityName"", 'test_data_xpaths': [{'test_data_suite_oid': '6809839e9090eed3decccd14', 'test_data_suite_id': 'sdk_examples_pin-1.3', 'test_data_oid': '6809839e9090eed3decccd1d', 'test_data_id': 'pin-only_24_maximal', 'xpaths': [{'xpath': 'PriorInformationNotice/cac:ProcurementProjectLot/cac:ProcurementProject/cac:RealizedLocation/cac:Address/cbc:CityName', 'value': 'London'}]}, {'test_data_suite_oid': '6809839e9090eed3decccd14', 'test_data_suite_id': 'sdk_examples_pin-1.3', 'test_data_oid': '6809839e9090eed3decccd1e', 'test_data_id': 'pin-only_fin-reg', 'xpaths': [{'xpath': 'PriorInformationNotice/cac:ProcurementProjectLot/cac:ProcurementProject/cac:RealizedLocation/cac:Address/cbc:CityName', 'value': 'RealizedLocCity1234'}]}, {'test_data_suite_oid': '6809839e9090eed3decccd14', 'test_data_suite_id': 'sdk_examples_pin-1.3', 'test_data_oid': '6809839e9090eed3decccd21', 'test_data_id': 'pin-only_24', 'xpaths': [{'xpath': 'PriorInformationNotice/cac:ProcurementProjectLot/cac:ProcurementProject/cac:RealizedLocation/cac:Address/cbc:CityName', 'value': 'RealizedLocCity1234'}]}], 'is_covered': True, 'xpath_conditions': [{'xpath_condition': '', 'meets_xpath_condition': True}], 'message': None}"
527,2025-04-24 00:48:48.746065+00:00,"{'sdk_element_id': 'BT-5121-Part', 'sdk_element_title': 'Place Performance Post Code', 'sdk_element_xpath': ""/*/cac:ProcurementProjectLot[cbc:ID/@schemeName='Part']/cac:ProcurementProject/cac:RealizedLocation/cac:Address/cbc:PostalZone"", 'test_data_xpaths': [{'test_data_suite_oid': '6809839e9090eed3decccd14', 'test_data_suite_id': 'sdk_examples_pin-1.3', 'test_data_oid': '6809839e9090eed3decccd1d', 'test_data_id': 'pin-only_24_maximal', 'xpaths': [{'xpath': 'PriorInformationNotice/cac:ProcurementProjectLot/cac:ProcurementProject/cac:RealizedLocation/cac:Address/cbc:PostalZone', 'value': 'N1 9FL'}]}, {'test_data_suite_oid': '6809839e9090eed3decccd14', 'test_data_suite_id': 'sdk_examples_pin-1.3', 'test_data_oid': '6809839e9090eed3decccd1e', 'test_data_id': 'pin-only_fin-reg', 'xpaths': [{'xpath': 'PriorInformationNotice/cac:ProcurementProjectLot/cac:ProcurementProject/cac:RealizedLocation/cac:Address/cbc:PostalZone', 'value': 'RealizedLocPostalZone1234'}]}, {'test_data_suite_oid': '6809839e9090eed3decccd14', 'test_data_suite_id': 'sdk_examples_pin-1.3', 'test_data_oid': '6809839e9090eed3decccd21', 'test_data_id': 'pin-only_24', 'xpaths': [{'xpath': 'PriorInformationNotice/cac:ProcurementProjectLot/cac:ProcurementProject/cac:RealizedLocation/cac:Address/cbc:PostalZone', 'value': 'RealizedLocPostalZone1234'}]}], 'is_covered': True, 'xpath_conditions': [{'xpath_condition': '', 'meets_xpath_condition': True}], 'message': None}"
528,2025-04-24 00:48:48.746065+00:00,"{'sdk_element_id': 'BT-5071-Part', 'sdk_element_title': 'Place Performance Country Subdivision', 'sdk_element_xpath': ""/*/cac:ProcurementProjectLot[cbc:ID/@schemeName='Part']/cac:ProcurementProject/cac:RealizedLocation/cac:Address/cbc:CountrySubentityCode"", 'test_data_xpaths': [{'test_data_suite_oid': '6809839e9090eed3decccd14', 'test_data_suite_id': 'sdk_examples_pin-1.3', 'test_data_oid': '6809839e9090eed3decccd1d', 'test_data_id': 'pin-only_24_maximal', 'xpaths': [{'xpath': 'PriorInformationNotice/cac:ProcurementProjectLot/cac:ProcurementProject/cac:RealizedLocation/cac:Address/cbc:CountrySubentityCode', 'value': 'UKI62'}]}, {'test_data_suite_oid': '6809839e9090eed3decccd14', 'test_data_suite_id': 'sdk_examples_pin-1.3', 'test_data_oid': '6809839e9090eed3decccd1e', 'test_data_id': 'pin-only_fin-reg', 'xpaths': [{'xpath': 'PriorInformationNotice/cac:ProcurementProjectLot/cac:ProcurementProject/cac:RealizedLocation/cac:Address/cbc:CountrySubentityCode', 'value': 'DE123'}]}, {'test_data_suite_oid': '6809839e9090eed3decccd14', 'test_data_suite_id': 'sdk_examples_pin-1.3', 'test_data_oid': '6809839e9090eed3decccd21', 'test_data_id': 'pin-only_24', 'xpaths': [{'xpath': 'PriorInformationNotice/cac:ProcurementProjectLot/cac:ProcurementProject/cac:RealizedLocation/cac:Address/cbc:CountrySubentityCode', 'value': 'DE123'}]}], 'is_covered': True, 'xpath_conditions': [{'xpath_condition': '', 'meets_xpath_condition': True}, {'xpath_condition': 'not(exists(cbc:Address/cbc:Region))', 'meets_xpath_condition': True}], 'message': None}"
529,2025-04-24 00:48:48.746065+00:00,"{'sdk_element_id': 'BT-5141-Part', 'sdk_element_title': 'Place Performance Country Code', 'sdk_element_xpath': ""/*/cac:ProcurementProjectLot[cbc:ID/@schemeName='Part']/cac:ProcurementProject/cac:RealizedLocation/cac:Address/cac:Country/cbc:IdentificationCode"", 'test_data_xpaths': [{'test_data_suite_oid': '6809839e9090eed3decccd14', 'test_data_suite_id': 'sdk_examples_pin-1.3', 'test_data_oid': '6809839e9090eed3decccd1b', 'test_data_id': 'pin-only_81_FRA', 'xpaths': [{'xpath': 'PriorInformationNotice/cac:ProcurementProjectLot/cac:ProcurementProject/cac:RealizedLocation/cac:Address/cac:Country/cbc:IdentificationCode', 'value': 'FRA'}]}, {'test_data_suite_oid': '6809839e9090eed3decccd14', 'test_data_suite_id': 'sdk_examples_pin-1.3', 'test_data_oid': '6809839e9090eed3decccd1c', 'test_data_id': 'pin-only_24_lots', 'xpaths': [{'xpath': 'PriorInformationNotice/cac:ProcurementProjectLot/cac:ProcurementProject/cac:RealizedLocation/cac:Address/cac:Country/cbc:IdentificationCode', 'value': 'GBR'}, {'xpath': 'PriorInformationNotice/cac:ProcurementProjectLot/cac:ProcurementProject/cac:RealizedLocation/cac:Address/cac:Country/cbc:IdentificationCode', 'value': 'GBR'}, {'xpath': 'PriorInformationNotice/cac:ProcurementProjectLot/cac:ProcurementProject/cac:RealizedLocation/cac:Address/cac:Country/cbc:IdentificationCode', 'value': 'GBR'}, {'xpath': 'PriorInformationNotice/cac:ProcurementProjectLot/cac:ProcurementProject/cac:RealizedLocation/cac:Address/cac:Country/cbc:IdentificationCode', 'value': 'GBR'}, {'xpath': 'PriorInformationNotice/cac:ProcurementProjectLot/cac:ProcurementProject/cac:RealizedLocation/cac:Address/cac:Country/cbc:IdentificationCode', 'value': 'GBR'}, {'xpath': 'PriorInformationNotice/cac:ProcurementProjectLot/cac:ProcurementProject/cac:RealizedLocation/cac:Address/cac:Country/cbc:IdentificationCode', 'value': 'GBR'}, {'xpath': 'PriorInformationNotice/cac:ProcurementProjectLot/cac:ProcurementProject/cac:RealizedLocation/cac:Address/cac:Country/cbc:IdentificationCode', 'value': 'GBR'}, {'xpath': 'PriorInformationNotice/cac:ProcurementProjectLot/cac:ProcurementProject/cac:RealizedLocation/cac:Address/cac:Country/cbc:IdentificationCode', 'value': 'GBR'}, {'xpath': 'PriorInformationNotice/cac:ProcurementProjectLot/cac:ProcurementProject/cac:RealizedLocation/cac:Address/cac:Country/cbc:IdentificationCode', 'value': 'GBR'}, {'xpath': 'PriorInformationNotice/cac:ProcurementProjectLot/cac:ProcurementProject/cac:RealizedLocation/cac:Address/cac:Country/cbc:IdentificationCode', 'value': 'GBR'}]}, {'test_data_suite_oid': '6809839e9090eed3decccd14', 'test_data_suite_id': 'sdk_examples_pin-1.3', 'test_data_oid': '6809839e9090eed3decccd1d', 'test_data_id': 'pin-only_24_maximal', 'xpaths': [{'xpath': 'PriorInformationNotice/cac:ProcurementProjectLot/cac:ProcurementProject/cac:RealizedLocation/cac:Address/cac:Country/cbc:IdentificationCode', 'value': 'GBR'}, {'xpath': 'PriorInformationNotice/cac:ProcurementProjectLot/cac:ProcurementProject/cac:RealizedLocation/cac:Address/cac:Country/cbc:IdentificationCode', 'value': 'GBR'}]}, {'test_data_suite_oid': '6809839e9090eed3decccd14', 'test_data_suite_id': 'sdk_examples_pin-1.3', 'test_data_oid': '6809839e9090eed3decccd1e', 'test_data_id': 'pin-only_fin-reg', 'xpaths': [{'xpath': 'PriorInformationNotice/cac:ProcurementProjectLot/cac:ProcurementProject/cac:RealizedLocation/cac:Address/cac:Country/cbc:IdentificationCode', 'value': 'DEU'}]}, {'test_data_suite_oid': '6809839e9090eed3decccd14', 'test_data_suite_id': 'sdk_examples_pin-1.3', 'test_data_oid': '6809839e9090eed3decccd1f', 'test_data_id': 'pin-only_81', 'xpaths': [{'xpath': 'PriorInformationNotice/cac:ProcurementProjectLot/cac:ProcurementProject/cac:RealizedLocation/cac:Address/cac:Country/cbc:IdentificationCode', 'value': 'GBR'}]}, {'test_data_suite_oid': '6809839e9090eed3decccd14', 'test_data_suite_id': 'sdk_examples_pin-1.3', 'test_data_oid': '6809839e9090eed3decccd21', 'test_data_id': 'pin-only_24', 'xpaths': [{'xpath': 'PriorInformationNotice/cac:ProcurementProjectLot/cac:ProcurementProject/cac:RealizedLocation/cac:Address/cac:Country/cbc:IdentificationCode', 'value': 'DEU'}]}], 'is_covered': True, 'xpath_conditions': [{'xpath_condition': '', 'meets_xpath_condition': True}, {'xpath_condition': 'not(exists(cbc:Address/cbc:Region))', 'meets_xpath_condition': True}], 'message': None}"
530,2025-04-24 00:48:48.746065+00:00,"{'sdk_element_id': 'BT-727-Part', 'sdk_element_title': 'Place Performance Services Other', 'sdk_element_xpath': ""/*/cac:ProcurementProjectLot[cbc:ID/@schemeName='Part']/cac:ProcurementProject/cac:RealizedLocation/cac:Address/cbc:Region"", 'test_data_xpaths': [{'test_data_suite_oid': '6809839e9090eed3decccd14', 'test_data_suite_id': 'sdk_examples_pin-1.3', 'test_data_oid': '6809839e9090eed3decccd1b', 'test_data_id': 'pin-only_81_FRA', 'xpaths': [{'xpath': 'PriorInformationNotice/cac:ProcurementProjectLot/cac:ProcurementProject/cac:RealizedLocation/cac:Address/cbc:Region', 'value': 'anyw-cou'}]}, {'test_data_suite_oid': '6809839e9090eed3decccd14', 'test_data_suite_id': 'sdk_examples_pin-1.3', 'test_data_oid': '6809839e9090eed3decccd1c', 'test_data_id': 'pin-only_24_lots', 'xpaths': [{'xpath': 'PriorInformationNotice/cac:ProcurementProjectLot/cac:ProcurementProject/cac:RealizedLocation/cac:Address/cbc:Region', 'value': 'anyw-cou'}, {'xpath': 'PriorInformationNotice/cac:ProcurementProjectLot/cac:ProcurementProject/cac:RealizedLocation/cac:Address/cbc:Region', 'value': 'anyw-cou'}, {'xpath': 'PriorInformationNotice/cac:ProcurementProjectLot/cac:ProcurementProject/cac:RealizedLocation/cac:Address/cbc:Region', 'value': 'anyw-cou'}, {'xpath': 'PriorInformationNotice/cac:ProcurementProjectLot/cac:ProcurementProject/cac:RealizedLocation/cac:Address/cbc:Region', 'value': 'anyw-cou'}, {'xpath': 'PriorInformationNotice/cac:ProcurementProjectLot/cac:ProcurementProject/cac:RealizedLocation/cac:Address/cbc:Region', 'value': 'anyw-cou'}, {'xpath': 'PriorInformationNotice/cac:ProcurementProjectLot/cac:ProcurementProject/cac:RealizedLocation/cac:Address/cbc:Region', 'value': 'anyw-cou'}, {'xpath': 'PriorInformationNotice/cac:ProcurementProjectLot/cac:ProcurementProject/cac:RealizedLocation/cac:Address/cbc:Region', 'value': 'anyw-cou'}, {'xpath': 'PriorInformationNotice/cac:ProcurementProjectLot/cac:ProcurementProject/cac:RealizedLocation/cac:Address/cbc:Region', 'value': 'anyw-cou'}, {'xpath': 'PriorInformationNotice/cac:ProcurementProjectLot/cac:ProcurementProject/cac:RealizedLocation/cac:Address/cbc:Region', 'value': 'anyw-cou'}, {'xpath': 'PriorInformationNotice/cac:ProcurementProjectLot/cac:ProcurementProject/cac:RealizedLocation/cac:Address/cbc:Region', 'value': 'anyw-cou'}]}, {'test_data_suite_oid': '6809839e9090eed3decccd14', 'test_data_suite_id': 'sdk_examples_pin-1.3', 'test_data_oid': '6809839e9090eed3decccd1d', 'test_data_id': 'pin-only_24_maximal', 'xpaths': [{'xpath': 'PriorInformationNotice/cac:ProcurementProjectLot/cac:ProcurementProject/cac:RealizedLocation/cac:Address/cbc:Region', 'value': 'anyw-cou'}]}, {'test_data_suite_oid': '6809839e9090eed3decccd14', 'test_data_suite_id': 'sdk_examples_pin-1.3', 'test_data_oid': '6809839e9090eed3decccd1f', 'test_data_id': 'pin-only_81', 'xpaths': [{'xpath': 'PriorInformationNotice/cac:ProcurementProjectLot/cac:ProcurementProject/cac:RealizedLocation/cac:Address/cbc:Region', 'value': 'anyw-cou'}]}], 'is_covered': True, 'xpath_conditions': [{'xpath_condition': '', 'meets_xpath_condition': True}], 'message': None}"
531,2025-04-24 00:48:48.746065+00:00,"{'sdk_element_id': 'BT-728-Part', 'sdk_element_title': 'Place Performance Additional Information', 'sdk_element_xpath': ""/*/cac:ProcurementProjectLot[cbc:ID/@schemeName='Part']/cac:ProcurementProject/cac:RealizedLocation/cbc:Description"", 'test_data_xpaths': [{'test_data_suite_oid': '6809839e9090eed3decccd14', 'test_data_suite_id': 'sdk_examples_pin-1.3', 'test_data_oid': '6809839e9090eed3decccd1d', 'test_data_id': 'pin-only_24_maximal', 'xpaths': [{'xpath': 'PriorInformationNotice/cac:ProcurementProjectLot/cac:ProcurementProject/cac:RealizedLocation/cbc:Description', 'value': 'The main location is ...'}, {'xpath': 'PriorInformationNotice/cac:ProcurementProjectLot/cac:ProcurementProject/cac:RealizedLocation/cbc:Description', 'value': 'Additional information ---'}]}, {'test_data_suite_oid': '6809839e9090eed3decccd14', 'test_data_suite_id': 'sdk_examples_pin-1.3', 'test_data_oid': '6809839e9090eed3decccd1e', 'test_data_id': 'pin-only_fin-reg', 'xpaths': [{'xpath': 'PriorInformationNotice/cac:ProcurementProjectLot/cac:ProcurementProject/cac:RealizedLocation/cbc:Description', 'value': 'RealizedLocDesc1234'}]}, {'test_data_suite_oid': '6809839e9090eed3decccd14', 'test_data_suite_id': 'sdk_examples_pin-1.3', 'test_data_oid': '6809839e9090eed3decccd21', 'test_data_id': 'pin-only_24', 'xpaths': [{'xpath': 'PriorInformationNotice/cac:ProcurementProjectLot/cac:ProcurementProject/cac:RealizedLocation/cbc:Description', 'value': 'RealizedLocDesc1234'}]}], 'is_covered': True, 'xpath_conditions': [{'xpath_condition': '', 'meets_xpath_condition': True}], 'message': None}"
532,2025-04-24 00:48:48.746065+00:00,"{'sdk_element_id': 'ND-PartDuration', 'sdk_element_title': None, 'sdk_element_xpath': ""/*/cac:ProcurementProjectLot[cbc:ID/@schemeName='Part']/cac:ProcurementProject/cac:PlannedPeriod"", 'test_data_xpaths': [{'test_data_suite_oid': '6809839e9090eed3decccd14', 'test_data_suite_id': 'sdk_examples_pin-1.3', 'test_data_oid': '6809839e9090eed3decccd1d', 'test_data_id': 'pin-only_24_maximal', 'xpaths': [{'xpath': 'PriorInformationNotice/cac:ProcurementProjectLot/cac:ProcurementProject/cac:PlannedPeriod', 'value': None}]}, {'test_data_suite_oid': '6809839e9090eed3decccd14', 'test_data_suite_id': 'sdk_examples_pin-1.3', 'test_data_oid': '6809839e9090eed3decccd1f', 'test_data_id': 'pin-only_81', 'xpaths': [{'xpath': 'PriorInformationNotice/cac:ProcurementProjectLot/cac:ProcurementProject/cac:PlannedPeriod', 'value': None}]}], 'is_covered': True, 'xpath_conditions': [{'xpath_condition': '', 'meets_xpath_condition': True}], 'message': None}"
533,2025-04-24 00:48:48.746065+00:00,"{'sdk_element_id': 'BT-536-Part', 'sdk_element_title': 'Duration Start Date', 'sdk_element_xpath': ""/*/cac:ProcurementProjectLot[cbc:ID/@schemeName='Part']/cac:ProcurementProject/cac:PlannedPeriod/cbc:StartDate"", 'test_data_xpaths': [{'test_data_suite_oid': '6809839e9090eed3decccd14', 'test_data_suite_id': 'sdk_examples_pin-1.3', 'test_data_oid': '6809839e9090eed3decccd1d', 'test_data_id': 'pin-only_24_maximal', 'xpaths': [{'xpath': 'PriorInformationNotice/cac:ProcurementProjectLot/cac:ProcurementProject/cac:PlannedPeriod/cbc:StartDate', 'value': '2024-03-01+01:00'}]}, {'test_data_suite_oid': '6809839e9090eed3decccd14', 'test_data_suite_id': 'sdk_examples_pin-1.3', 'test_data_oid': '6809839e9090eed3decccd1f', 'test_data_id': 'pin-only_81', 'xpaths': [{'xpath': 'PriorInformationNotice/cac:ProcurementProjectLot/cac:ProcurementProject/cac:PlannedPeriod/cbc:StartDate', 'value': '2021-04-23+02:00'}]}], 'is_covered': True, 'xpath_conditions': [{'xpath_condition': '', 'meets_xpath_condition': True}], 'message': None}"
534,2025-04-24 00:48:48.746065+00:00,"{'sdk_element_id': 'BT-537-Part', 'sdk_element_title': 'Duration End Date', 'sdk_element_xpath': ""/*/cac:ProcurementProjectLot[cbc:ID/@schemeName='Part']/cac:ProcurementProject/cac:PlannedPeriod/cbc:EndDate"", 'test_data_xpaths': [{'test_data_suite_oid': '6809839e9090eed3decccd14', 'test_data_suite_id': 'sdk_examples_pin-1.3', 'test_data_oid': '6809839e9090eed3decccd1d', 'test_data_id': 'pin-only_24_maximal', 'xpaths': [{'xpath': 'PriorInformationNotice/cac:ProcurementProjectLot/cac:ProcurementProject/cac:PlannedPeriod/cbc:EndDate', 'value': '2024-09-01+02:00'}]}], 'is_covered': True, 'xpath_conditions': [{'xpath_condition': '', 'meets_xpath_condition': True}], 'message': None}"
535,2025-04-24 00:48:48.746065+00:00,"{'sdk_element_id': 'BT-36-Part', 'sdk_element_title': 'Duration Period', 'sdk_element_xpath': ""/*/cac:ProcurementProjectLot[cbc:ID/@schemeName='Part']/cac:ProcurementProject/cac:PlannedPeriod/cbc:DurationMeasure"", 'test_data_xpaths': [{'test_data_suite_oid': '6809839e9090eed3decccd14', 'test_data_suite_id': 'sdk_examples_pin-1.3', 'test_data_oid': '6809839e9090eed3decccd1f', 'test_data_id': 'pin-only_81', 'xpaths': [{'xpath': 'PriorInformationNotice/cac:ProcurementProjectLot/cac:ProcurementProject/cac:PlannedPeriod/cbc:DurationMeasure', 'value': '4'}]}], 'is_covered': True, 'xpath_conditions': [{'xpath_condition': '', 'meets_xpath_condition': True}], 'message': None}"
536,2025-04-24 00:48:48.746065+00:00,"{'sdk_element_id': 'BT-538-Part', 'sdk_element_title': 'Duration Other', 'sdk_element_xpath': ""/*/cac:ProcurementProjectLot[cbc:ID/@schemeName='Part']/cac:ProcurementProject/cac:PlannedPeriod/cbc:DescriptionCode"", 'test_data_xpaths': [], 'is_covered': False, 'xpath_conditions': [{'xpath_condition': '', 'meets_xpath_condition': True}], 'message': None}"
537,2025-04-24 00:48:48.746065+00:00,"{'sdk_element_id': 'BT-115-Part', 'sdk_element_title': 'GPA Coverage', 'sdk_element_xpath': ""/*/cac:ProcurementProjectLot[cbc:ID/@schemeName='Part']/cac:TenderingProcess/cbc:GovernmentAgreementConstraintIndicator"", 'test_data_xpaths': [{'test_data_suite_oid': '6809839e9090eed3decccd14', 'test_data_suite_id': 'sdk_examples_pin-1.3', 'test_data_oid': '6809839e9090eed3decccd1c', 'test_data_id': 'pin-only_24_lots', 'xpaths': [{'xpath': 'PriorInformationNotice/cac:ProcurementProjectLot/cac:TenderingProcess/cbc:GovernmentAgreementConstraintIndicator', 'value': 'true'}, {'xpath': 'PriorInformationNotice/cac:ProcurementProjectLot/cac:TenderingProcess/cbc:GovernmentAgreementConstraintIndicator', 'value': 'true'}, {'xpath': 'PriorInformationNotice/cac:ProcurementProjectLot/cac:TenderingProcess/cbc:GovernmentAgreementConstraintIndicator', 'value': 'true'}, {'xpath': 'PriorInformationNotice/cac:ProcurementProjectLot/cac:TenderingProcess/cbc:GovernmentAgreementConstraintIndicator', 'value': 'true'}, {'xpath': 'PriorInformationNotice/cac:ProcurementProjectLot/cac:TenderingProcess/cbc:GovernmentAgreementConstraintIndicator', 'value': 'true'}, {'xpath': 'PriorInformationNotice/cac:ProcurementProjectLot/cac:TenderingProcess/cbc:GovernmentAgreementConstraintIndicator', 'value': 'true'}, {'xpath': 'PriorInformationNotice/cac:ProcurementProjectLot/cac:TenderingProcess/cbc:GovernmentAgreementConstraintIndicator', 'value': 'true'}, {'xpath': 'PriorInformationNotice/cac:ProcurementProjectLot/cac:TenderingProcess/cbc:GovernmentAgreementConstraintIndicator', 'value': 'true'}, {'xpath': 'PriorInformationNotice/cac:ProcurementProjectLot/cac:TenderingProcess/cbc:GovernmentAgreementConstraintIndicator', 'value': 'true'}, {'xpath': 'PriorInformationNotice/cac:ProcurementProjectLot/cac:TenderingProcess/cbc:GovernmentAgreementConstraintIndicator', 'value': 'true'}]}, {'test_data_suite_oid': '6809839e9090eed3decccd14', 'test_data_suite_id': 'sdk_examples_pin-1.3', 'test_data_oid': '6809839e9090eed3decccd1d', 'test_data_id': 'pin-only_24_maximal', 'xpaths': [{'xpath': 'PriorInformationNotice/cac:ProcurementProjectLot/cac:TenderingProcess/cbc:GovernmentAgreementConstraintIndicator', 'value': 'true'}]}], 'is_covered': True, 'xpath_conditions': [{'xpath_condition': '', 'meets_xpath_condition': True}], 'message': None}"
538,2025-04-24 00:48:48.746065+00:00,"{'sdk_element_id': 'ND-PartAdditionalNature', 'sdk_element_title': None, 'sdk_element_xpath': ""/*/cac:ProcurementProjectLot[cbc:ID/@schemeName='Part']/cac:ProcurementProject/cac:ProcurementAdditionalType"", 'test_data_xpaths': [{'test_data_suite_oid': '6809839e9090eed3decccd14', 'test_data_suite_id': 'sdk_examples_pin-1.3', 'test_data_oid': '6809839e9090eed3decccd1d', 'test_data_id': 'pin-only_24_maximal', 'xpaths': [{'xpath': 'PriorInformationNotice/cac:ProcurementProjectLot/cac:ProcurementProject/cac:ProcurementAdditionalType', 'value': None}]}], 'is_covered': True, 'xpath_conditions': [{'xpath_condition': '', 'meets_xpath_condition': True}], 'message': None}"
539,2025-04-24 00:48:48.746065+00:00,"{'sdk_element_id': 'BT-765-Part', 'sdk_element_title': 'Framework Agreement', 'sdk_element_xpath': ""/*/cac:ProcurementProjectLot[cbc:ID/@schemeName='Part']/cac:TenderingProcess/cac:ContractingSystem/cbc:ContractingSystemTypeCode[@listName='framework-agreement']"", 'test_data_xpaths': [{'test_data_suite_oid': '6809839e9090eed3decccd14', 'test_data_suite_id': 'sdk_examples_pin-1.3', 'test_data_oid': '6809839e9090eed3decccd1b', 'test_data_id': 'pin-only_81_FRA', 'xpaths': [{'xpath': 'PriorInformationNotice/cac:ProcurementProjectLot/cac:TenderingProcess/cac:ContractingSystem/cbc:ContractingSystemTypeCode', 'value': 'none'}]}, {'test_data_suite_oid': '6809839e9090eed3decccd14', 'test_data_suite_id': 'sdk_examples_pin-1.3', 'test_data_oid': '6809839e9090eed3decccd1d', 'test_data_id': 'pin-only_24_maximal', 'xpaths': [{'xpath': 'PriorInformationNotice/cac:ProcurementProjectLot/cac:TenderingProcess/cac:ContractingSystem/cbc:ContractingSystemTypeCode', 'value': 'fa-w-rc'}]}], 'is_covered': True, 'xpath_conditions': [{'xpath_condition': '', 'meets_xpath_condition': True}], 'message': None}"
540,2025-04-24 00:48:48.746065+00:00,"{'sdk_element_id': 'BT-766-Part', 'sdk_element_title': 'Dynamic Purchasing System', 'sdk_element_xpath': ""/*/cac:ProcurementProjectLot[cbc:ID/@schemeName='Part']/cac:TenderingProcess/cac:ContractingSystem/cbc:ContractingSystemTypeCode[@listName='dps-usage']"", 'test_data_xpaths': [], 'is_covered': False, 'xpath_conditions': [{'xpath_condition': '', 'meets_xpath_condition': True}], 'message': None}"
541,2025-04-24 00:48:48.746065+00:00,"{'sdk_element_id': 'ND-PartTenderingTerms', 'sdk_element_title': None, 'sdk_element_xpath': ""/*/cac:ProcurementProjectLot[cbc:ID/@schemeName='Part']/cac:TenderingTerms"", 'test_data_xpaths': [{'test_data_suite_oid': '6809839e9090eed3decccd14', 'test_data_suite_id': 'sdk_examples_pin-1.3', 'test_data_oid': '6809839e9090eed3decccd1b', 'test_data_id': 'pin-only_81_FRA', 'xpaths': [{'xpath': 'PriorInformationNotice/cac:ProcurementProjectLot/cac:TenderingTerms', 'value': None}]}, {'test_data_suite_oid': '6809839e9090eed3decccd14', 'test_data_suite_id': 'sdk_examples_pin-1.3', 'test_data_oid': '6809839e9090eed3decccd1c', 'test_data_id': 'pin-only_24_lots', 'xpaths': [{'xpath': 'PriorInformationNotice/cac:ProcurementProjectLot/cac:TenderingTerms', 'value': None}, {'xpath': 'PriorInformationNotice/cac:ProcurementProjectLot/cac:TenderingTerms', 'value': None}, {'xpath': 'PriorInformationNotice/cac:ProcurementProjectLot/cac:TenderingTerms', 'value': None}, {'xpath': 'PriorInformationNotice/cac:ProcurementProjectLot/cac:TenderingTerms', 'value': None}, {'xpath': 'PriorInformationNotice/cac:ProcurementProjectLot/cac:TenderingTerms', 'value': None}, {'xpath': 'PriorInformationNotice/cac:ProcurementProjectLot/cac:TenderingTerms', 'value': None}, {'xpath': 'PriorInformationNotice/cac:ProcurementProjectLot/cac:TenderingTerms', 'value': None}, {'xpath': 'PriorInformationNotice/cac:ProcurementProjectLot/cac:TenderingTerms', 'value': None}, {'xpath': 'PriorInformationNotice/cac:ProcurementProjectLot/cac:TenderingTerms', 'value': None}, {'xpath': 'PriorInformationNotice/cac:ProcurementProjectLot/cac:TenderingTerms', 'value': None}]}, {'test_data_suite_oid': '6809839e9090eed3decccd14', 'test_data_suite_id': 'sdk_examples_pin-1.3', 'test_data_oid': '6809839e9090eed3decccd1d', 'test_data_id': 'pin-only_24_maximal', 'xpaths': [{'xpath': 'PriorInformationNotice/cac:ProcurementProjectLot/cac:TenderingTerms', 'value': None}]}, {'test_data_suite_oid': '6809839e9090eed3decccd14', 'test_data_suite_id': 'sdk_examples_pin-1.3', 'test_data_oid': '6809839e9090eed3decccd1e', 'test_data_id': 'pin-only_fin-reg', 'xpaths': [{'xpath': 'PriorInformationNotice/cac:ProcurementProjectLot/cac:TenderingTerms', 'value': None}]}, {'test_data_suite_oid': '6809839e9090eed3decccd14', 'test_data_suite_id': 'sdk_examples_pin-1.3', 'test_data_oid': '6809839e9090eed3decccd1f', 'test_data_id': 'pin-only_81', 'xpaths': [{'xpath': 'PriorInformationNotice/cac:ProcurementProjectLot/cac:TenderingTerms', 'value': None}]}, {'test_data_suite_oid': '6809839e9090eed3decccd14', 'test_data_suite_id': 'sdk_examples_pin-1.3', 'test_data_oid': '6809839e9090eed3decccd21', 'test_data_id': 'pin-only_24', 'xpaths': [{'xpath': 'PriorInformationNotice/cac:ProcurementProjectLot/cac:TenderingTerms', 'value': None}]}], 'is_covered': True, 'xpath_conditions': [{'xpath_condition': '', 'meets_xpath_condition': True}], 'message': None}"
542,2025-04-24 00:48:48.746065+00:00,"{'sdk_element_id': 'ND-PartDocumentsReference', 'sdk_element_title': None, 'sdk_element_xpath': ""/*/cac:ProcurementProjectLot[cbc:ID/@schemeName='Part']/cac:TenderingTerms/cac:CallForTendersDocumentReference[not(cbc:DocumentType/text()='restricted-document')]"", 'test_data_xpaths': [{'test_data_suite_oid': '6809839e9090eed3decccd14', 'test_data_suite_id': 'sdk_examples_pin-1.3', 'test_data_oid': '6809839e9090eed3decccd1d', 'test_data_id': 'pin-only_24_maximal', 'xpaths': [{'xpath': 'PriorInformationNotice/cac:ProcurementProjectLot/cac:TenderingTerms/cac:CallForTendersDocumentReference', 'value': None}, {'xpath': 'PriorInformationNotice/cac:ProcurementProjectLot/cac:TenderingTerms/cac:CallForTendersDocumentReference', 'value': None}, {'xpath': 'PriorInformationNotice/cac:ProcurementProjectLot/cac:TenderingTerms/cac:CallForTendersDocumentReference', 'value': None}]}], 'is_covered': True, 'xpath_conditions': [{'xpath_condition': '', 'meets_xpath_condition': True}], 'message': None}"
543,2025-04-24 00:48:48.746065+00:00,"{'sdk_element_id': 'ND-PartFiscalLegislation', 'sdk_element_title': None, 'sdk_element_xpath': ""/*/cac:ProcurementProjectLot[cbc:ID/@schemeName='Part']/cac:TenderingTerms/cac:FiscalLegislationDocumentReference"", 'test_data_xpaths': [{'test_data_suite_oid': '6809839e9090eed3decccd14', 'test_data_suite_id': 'sdk_examples_pin-1.3', 'test_data_oid': '6809839e9090eed3decccd1b', 'test_data_id': 'pin-only_81_FRA', 'xpaths': [{'xpath': 'PriorInformationNotice/cac:ProcurementProjectLot/cac:TenderingTerms/cac:FiscalLegislationDocumentReference', 'value': None}]}, {'test_data_suite_oid': '6809839e9090eed3decccd14', 'test_data_suite_id': 'sdk_examples_pin-1.3', 'test_data_oid': '6809839e9090eed3decccd1d', 'test_data_id': 'pin-only_24_maximal', 'xpaths': [{'xpath': 'PriorInformationNotice/cac:ProcurementProjectLot/cac:TenderingTerms/cac:FiscalLegislationDocumentReference', 'value': None}]}, {'test_data_suite_oid': '6809839e9090eed3decccd14', 'test_data_suite_id': 'sdk_examples_pin-1.3', 'test_data_oid': '6809839e9090eed3decccd1f', 'test_data_id': 'pin-only_81', 'xpaths': [{'xpath': 'PriorInformationNotice/cac:ProcurementProjectLot/cac:TenderingTerms/cac:FiscalLegislationDocumentReference', 'value': None}]}], 'is_covered': True, 'xpath_conditions': [{'xpath_condition': '', 'meets_xpath_condition': True}], 'message': None}"
544,2025-04-24 00:48:48.746065+00:00,"{'sdk_element_id': 'OPT-301-Part-FiscalLegis', 'sdk_element_title': 'Fiscal Legislation Organization Technical Identifier Reference', 'sdk_element_xpath': ""/*/cac:ProcurementProjectLot[cbc:ID/@schemeName='Part']/cac:TenderingTerms/cac:FiscalLegislationDocumentReference/cac:IssuerParty/cac:PartyIdentification/cbc:ID"", 'test_data_xpaths': [{'test_data_suite_oid': '6809839e9090eed3decccd14', 'test_data_suite_id': 'sdk_examples_pin-1.3', 'test_data_oid': '6809839e9090eed3decccd1b', 'test_data_id': 'pin-only_81_FRA', 'xpaths': [{'xpath': 'PriorInformationNotice/cac:ProcurementProjectLot/cac:TenderingTerms/cac:FiscalLegislationDocumentReference/cac:IssuerParty/cac:PartyIdentification/cbc:ID', 'value': 'ORG-0001'}]}, {'test_data_suite_oid': '6809839e9090eed3decccd14', 'test_data_suite_id': 'sdk_examples_pin-1.3', 'test_data_oid': '6809839e9090eed3decccd1d', 'test_data_id': 'pin-only_24_maximal', 'xpaths': [{'xpath': 'PriorInformationNotice/cac:ProcurementProjectLot/cac:TenderingTerms/cac:FiscalLegislationDocumentReference/cac:IssuerParty/cac:PartyIdentification/cbc:ID', 'value': 'ORG-0010'}]}, {'test_data_suite_oid': '6809839e9090eed3decccd14', 'test_data_suite_id': 'sdk_examples_pin-1.3', 'test_data_oid': '6809839e9090eed3decccd1f', 'test_data_id': 'pin-only_81', 'xpaths': [{'xpath': 'PriorInformationNotice/cac:ProcurementProjectLot/cac:TenderingTerms/cac:FiscalLegislationDocumentReference/cac:IssuerParty/cac:PartyIdentification/cbc:ID', 'value': 'ORG-0001'}]}], 'is_covered': True, 'xpath_conditions': [{'xpath_condition': ""cac:IssuerParty/cac:PartyIdentification/cbc:ID/@schemeName='touchpoint' or exists(cac:IssuerParty/cac:PartyIdentification/cbc:ID[starts-with(text(), 'TPO-')])"", 'meets_xpath_condition': False}], 'message': None}"
545,2025-04-24 00:48:48.746065+00:00,"{'sdk_element_id': 'OPT-110-Part-FiscalLegis', 'sdk_element_title': 'URL to Fiscal Legislation', 'sdk_element_xpath': ""/*/cac:ProcurementProjectLot[cbc:ID/@schemeName='Part']/cac:TenderingTerms/cac:FiscalLegislationDocumentReference/cac:Attachment/cac:ExternalReference/cbc:URI"", 'test_data_xpaths': [], 'is_covered': False, 'xpath_conditions': [{'xpath_condition': '', 'meets_xpath_condition': True}], 'message': None}"
546,2025-04-24 00:48:48.746065+00:00,"{'sdk_element_id': 'OPT-111-Part-FiscalLegis', 'sdk_element_title': 'Fiscal Legislation Document ID', 'sdk_element_xpath': ""/*/cac:ProcurementProjectLot[cbc:ID/@schemeName='Part']/cac:TenderingTerms/cac:FiscalLegislationDocumentReference/cbc:ID"", 'test_data_xpaths': [{'test_data_suite_oid': '6809839e9090eed3decccd14', 'test_data_suite_id': 'sdk_examples_pin-1.3', 'test_data_oid': '6809839e9090eed3decccd1b', 'test_data_id': 'pin-only_81_FRA', 'xpaths': [{'xpath': 'PriorInformationNotice/cac:ProcurementProjectLot/cac:TenderingTerms/cac:FiscalLegislationDocumentReference/cbc:ID', 'value': 'ID1'}]}, {'test_data_suite_oid': '6809839e9090eed3decccd14', 'test_data_suite_id': 'sdk_examples_pin-1.3', 'test_data_oid': '6809839e9090eed3decccd1d', 'test_data_id': 'pin-only_24_maximal', 'xpaths': [{'xpath': 'PriorInformationNotice/cac:ProcurementProjectLot/cac:TenderingTerms/cac:FiscalLegislationDocumentReference/cbc:ID', 'value': 'FiscalDocID1'}]}, {'test_data_suite_oid': '6809839e9090eed3decccd14', 'test_data_suite_id': 'sdk_examples_pin-1.3', 'test_data_oid': '6809839e9090eed3decccd1f', 'test_data_id': 'pin-only_81', 'xpaths': [{'xpath': 'PriorInformationNotice/cac:ProcurementProjectLot/cac:TenderingTerms/cac:FiscalLegislationDocumentReference/cbc:ID', 'value': 'ID1'}]}], 'is_covered': True, 'xpath_conditions': [{'xpath_condition': '', 'meets_xpath_condition': True}], 'message': None}"
547,2025-04-24 00:48:48.746065+00:00,"{'sdk_element_id': 'ND-PartEnvironmentalLegislation', 'sdk_element_title': None, 'sdk_element_xpath': ""/*/cac:ProcurementProjectLot[cbc:ID/@schemeName='Part']/cac:TenderingTerms/cac:EnvironmentalLegislationDocumentReference"", 'test_data_xpaths': [{'test_data_suite_oid': '6809839e9090eed3decccd14', 'test_data_suite_id': 'sdk_examples_pin-1.3', 'test_data_oid': '6809839e9090eed3decccd1b', 'test_data_id': 'pin-only_81_FRA', 'xpaths': [{'xpath': 'PriorInformationNotice/cac:ProcurementProjectLot/cac:TenderingTerms/cac:EnvironmentalLegislationDocumentReference', 'value': None}]}, {'test_data_suite_oid': '6809839e9090eed3decccd14', 'test_data_suite_id': 'sdk_examples_pin-1.3', 'test_data_oid': '6809839e9090eed3decccd1d', 'test_data_id': 'pin-only_24_maximal', 'xpaths': [{'xpath': 'PriorInformationNotice/cac:ProcurementProjectLot/cac:TenderingTerms/cac:EnvironmentalLegislationDocumentReference', 'value': None}]}, {'test_data_suite_oid': '6809839e9090eed3decccd14', 'test_data_suite_id': 'sdk_examples_pin-1.3', 'test_data_oid': '6809839e9090eed3decccd1f', 'test_data_id': 'pin-only_81', 'xpaths': [{'xpath': 'PriorInformationNotice/cac:ProcurementProjectLot/cac:TenderingTerms/cac:EnvironmentalLegislationDocumentReference', 'value': None}]}], 'is_covered': True, 'xpath_conditions': [{'xpath_condition': '', 'meets_xpath_condition': True}], 'message': None}"
548,2025-04-24 00:48:48.746065+00:00,"{'sdk_element_id': 'OPT-301-Part-EnvironLegis', 'sdk_element_title': 'Environmental Legislation Organization Technical Identifier Reference', 'sdk_element_xpath': ""/*/cac:ProcurementProjectLot[cbc:ID/@schemeName='Part']/cac:TenderingTerms/cac:EnvironmentalLegislationDocumentReference/cac:IssuerParty/cac:PartyIdentification/cbc:ID"", 'test_data_xpaths': [{'test_data_suite_oid': '6809839e9090eed3decccd14', 'test_data_suite_id': 'sdk_examples_pin-1.3', 'test_data_oid': '6809839e9090eed3decccd1b', 'test_data_id': 'pin-only_81_FRA', 'xpaths': [{'xpath': 'PriorInformationNotice/cac:ProcurementProjectLot/cac:TenderingTerms/cac:EnvironmentalLegislationDocumentReference/cac:IssuerParty/cac:PartyIdentification/cbc:ID', 'value': 'ORG-0001'}]}, {'test_data_suite_oid': '6809839e9090eed3decccd14', 'test_data_suite_id': 'sdk_examples_pin-1.3', 'test_data_oid': '6809839e9090eed3decccd1d', 'test_data_id': 'pin-only_24_maximal', 'xpaths': [{'xpath': 'PriorInformationNotice/cac:ProcurementProjectLot/cac:TenderingTerms/cac:EnvironmentalLegislationDocumentReference/cac:IssuerParty/cac:PartyIdentification/cbc:ID', 'value': 'ORG-0011'}]}, {'test_data_suite_oid': '6809839e9090eed3decccd14', 'test_data_suite_id': 'sdk_examples_pin-1.3', 'test_data_oid': '6809839e9090eed3decccd1f', 'test_data_id': 'pin-only_81', 'xpaths': [{'xpath': 'PriorInformationNotice/cac:ProcurementProjectLot/cac:TenderingTerms/cac:EnvironmentalLegislationDocumentReference/cac:IssuerParty/cac:PartyIdentification/cbc:ID', 'value': 'ORG-0001'}]}], 'is_covered': True, 'xpath_conditions': [{'xpath_condition': ""cac:IssuerParty/cac:PartyIdentification/cbc:ID/@schemeName='touchpoint' or exists(cac:IssuerParty/cac:PartyIdentification/cbc:ID[starts-with(text(), 'TPO-')])"", 'meets_xpath_condition': False}], 'message': None}"
549,2025-04-24 00:48:48.746065+00:00,"{'sdk_element_id': 'OPT-120-Part-EnvironLegis', 'sdk_element_title': 'URL to Environmental Legislation', 'sdk_element_xpath': ""/*/cac:ProcurementProjectLot[cbc:ID/@schemeName='Part']/cac:TenderingTerms/cac:EnvironmentalLegislationDocumentReference/cac:Attachment/cac:ExternalReference/cbc:URI"", 'test_data_xpaths': [], 'is_covered': False, 'xpath_conditions': [{'xpath_condition': '', 'meets_xpath_condition': True}], 'message': None}"
550,2025-04-24 00:48:48.746065+00:00,"{'sdk_element_id': 'OPT-112-Part-EnvironLegis', 'sdk_element_title': 'Environmental Legislation Document ID', 'sdk_element_xpath': ""/*/cac:ProcurementProjectLot[cbc:ID/@schemeName='Part']/cac:TenderingTerms/cac:EnvironmentalLegislationDocumentReference/cbc:ID"", 'test_data_xpaths': [{'test_data_suite_oid': '6809839e9090eed3decccd14', 'test_data_suite_id': 'sdk_examples_pin-1.3', 'test_data_oid': '6809839e9090eed3decccd1b', 'test_data_id': 'pin-only_81_FRA', 'xpaths': [{'xpath': 'PriorInformationNotice/cac:ProcurementProjectLot/cac:TenderingTerms/cac:EnvironmentalLegislationDocumentReference/cbc:ID', 'value': 'ID2'}]}, {'test_data_suite_oid': '6809839e9090eed3decccd14', 'test_data_suite_id': 'sdk_examples_pin-1.3', 'test_data_oid': '6809839e9090eed3decccd1d', 'test_data_id': 'pin-only_24_maximal', 'xpaths': [{'xpath': 'PriorInformationNotice/cac:ProcurementProjectLot/cac:TenderingTerms/cac:EnvironmentalLegislationDocumentReference/cbc:ID', 'value': 'EnvDocID1'}]}, {'test_data_suite_oid': '6809839e9090eed3decccd14', 'test_data_suite_id': 'sdk_examples_pin-1.3', 'test_data_oid': '6809839e9090eed3decccd1f', 'test_data_id': 'pin-only_81', 'xpaths': [{'xpath': 'PriorInformationNotice/cac:ProcurementProjectLot/cac:TenderingTerms/cac:EnvironmentalLegislationDocumentReference/cbc:ID', 'value': 'ID2'}]}], 'is_covered': True, 'xpath_conditions': [{'xpath_condition': '', 'meets_xpath_condition': True}], 'message': None}"
551,2025-04-24 00:48:48.746065+00:00,"{'sdk_element_id': 'ND-PartEmploymentLegislation', 'sdk_element_title': None, 'sdk_element_xpath': ""/*/cac:ProcurementProjectLot[cbc:ID/@schemeName='Part']/cac:TenderingTerms/cac:EmploymentLegislationDocumentReference"", 'test_data_xpaths': [{'test_data_suite_oid': '6809839e9090eed3decccd14', 'test_data_suite_id': 'sdk_examples_pin-1.3', 'test_data_oid': '6809839e9090eed3decccd1b', 'test_data_id': 'pin-only_81_FRA', 'xpaths': [{'xpath': 'PriorInformationNotice/cac:ProcurementProjectLot/cac:TenderingTerms/cac:EmploymentLegislationDocumentReference', 'value': None}]}, {'test_data_suite_oid': '6809839e9090eed3decccd14', 'test_data_suite_id': 'sdk_examples_pin-1.3', 'test_data_oid': '6809839e9090eed3decccd1d', 'test_data_id': 'pin-only_24_maximal', 'xpaths': [{'xpath': 'PriorInformationNotice/cac:ProcurementProjectLot/cac:TenderingTerms/cac:EmploymentLegislationDocumentReference', 'value': None}]}, {'test_data_suite_oid': '6809839e9090eed3decccd14', 'test_data_suite_id': 'sdk_examples_pin-1.3', 'test_data_oid': '6809839e9090eed3decccd1f', 'test_data_id': 'pin-only_81', 'xpaths': [{'xpath': 'PriorInformationNotice/cac:ProcurementProjectLot/cac:TenderingTerms/cac:EmploymentLegislationDocumentReference', 'value': None}]}], 'is_covered': True, 'xpath_conditions': [{'xpath_condition': '', 'meets_xpath_condition': True}], 'message': None}"
552,2025-04-24 00:48:48.746065+00:00,"{'sdk_element_id': 'OPT-301-Part-EmployLegis', 'sdk_element_title': 'Employment Legislation Organization Technical Identifier Reference', 'sdk_element_xpath': ""/*/cac:ProcurementProjectLot[cbc:ID/@schemeName='Part']/cac:TenderingTerms/cac:EmploymentLegislationDocumentReference/cac:IssuerParty/cac:PartyIdentification/cbc:ID"", 'test_data_xpaths': [{'test_data_suite_oid': '6809839e9090eed3decccd14', 'test_data_suite_id': 'sdk_examples_pin-1.3', 'test_data_oid': '6809839e9090eed3decccd1b', 'test_data_id': 'pin-only_81_FRA', 'xpaths': [{'xpath': 'PriorInformationNotice/cac:ProcurementProjectLot/cac:TenderingTerms/cac:EmploymentLegislationDocumentReference/cac:IssuerParty/cac:PartyIdentification/cbc:ID', 'value': 'ORG-0001'}]}, {'test_data_suite_oid': '6809839e9090eed3decccd14', 'test_data_suite_id': 'sdk_examples_pin-1.3', 'test_data_oid': '6809839e9090eed3decccd1d', 'test_data_id': 'pin-only_24_maximal', 'xpaths': [{'xpath': 'PriorInformationNotice/cac:ProcurementProjectLot/cac:TenderingTerms/cac:EmploymentLegislationDocumentReference/cac:IssuerParty/cac:PartyIdentification/cbc:ID', 'value': 'ORG-0012'}]}, {'test_data_suite_oid': '6809839e9090eed3decccd14', 'test_data_suite_id': 'sdk_examples_pin-1.3', 'test_data_oid': '6809839e9090eed3decccd1f', 'test_data_id': 'pin-only_81', 'xpaths': [{'xpath': 'PriorInformationNotice/cac:ProcurementProjectLot/cac:TenderingTerms/cac:EmploymentLegislationDocumentReference/cac:IssuerParty/cac:PartyIdentification/cbc:ID', 'value': 'ORG-0001'}]}], 'is_covered': True, 'xpath_conditions': [{'xpath_condition': ""cac:IssuerParty/cac:PartyIdentification/cbc:ID/@schemeName='touchpoint' or exists(cac:IssuerParty/cac:PartyIdentification/cbc:ID[starts-with(text(), 'TPO-')])"", 'meets_xpath_condition': False}], 'message': None}"
553,2025-04-24 00:48:48.746065+00:00,"{'sdk_element_id': 'OPT-130-Part-EmployLegis', 'sdk_element_title': 'URL to Employment Legislation', 'sdk_element_xpath': ""/*/cac:ProcurementProjectLot[cbc:ID/@schemeName='Part']/cac:TenderingTerms/cac:EmploymentLegislationDocumentReference/cac:Attachment/cac:ExternalReference/cbc:URI"", 'test_data_xpaths': [], 'is_covered': False, 'xpath_conditions': [{'xpath_condition': '', 'meets_xpath_condition': True}], 'message': None}"
554,2025-04-24 00:48:48.746065+00:00,"{'sdk_element_id': 'OPT-113-Part-EmployLegis', 'sdk_element_title': 'Employment Legislation Document ID', 'sdk_element_xpath': ""/*/cac:ProcurementProjectLot[cbc:ID/@schemeName='Part']/cac:TenderingTerms/cac:EmploymentLegislationDocumentReference/cbc:ID"", 'test_data_xpaths': [{'test_data_suite_oid': '6809839e9090eed3decccd14', 'test_data_suite_id': 'sdk_examples_pin-1.3', 'test_data_oid': '6809839e9090eed3decccd1b', 'test_data_id': 'pin-only_81_FRA', 'xpaths': [{'xpath': 'PriorInformationNotice/cac:ProcurementProjectLot/cac:TenderingTerms/cac:EmploymentLegislationDocumentReference/cbc:ID', 'value': 'ID3'}]}, {'test_data_suite_oid': '6809839e9090eed3decccd14', 'test_data_suite_id': 'sdk_examples_pin-1.3', 'test_data_oid': '6809839e9090eed3decccd1d', 'test_data_id': 'pin-only_24_maximal', 'xpaths': [{'xpath': 'PriorInformationNotice/cac:ProcurementProjectLot/cac:TenderingTerms/cac:EmploymentLegislationDocumentReference/cbc:ID', 'value': 'EmplDocID1'}]}, {'test_data_suite_oid': '6809839e9090eed3decccd14', 'test_data_suite_id': 'sdk_examples_pin-1.3', 'test_data_oid': '6809839e9090eed3decccd1f', 'test_data_id': 'pin-only_81', 'xpaths': [{'xpath': 'PriorInformationNotice/cac:ProcurementProjectLot/cac:TenderingTerms/cac:EmploymentLegislationDocumentReference/cbc:ID', 'value': 'ID3'}]}], 'is_covered': True, 'xpath_conditions': [{'xpath_condition': '', 'meets_xpath_condition': True}], 'message': None}"
555,2025-04-24 00:48:48.746065+00:00,"{'sdk_element_id': 'OPT-301-Part-TenderReceipt', 'sdk_element_title': 'Tender Recipient Technical Identifier Reference', 'sdk_element_xpath': ""/*/cac:ProcurementProjectLot[cbc:ID/@schemeName='Part']/cac:TenderingTerms/cac:TenderRecipientParty/cac:PartyIdentification/cbc:ID"", 'test_data_xpaths': [{'test_data_suite_oid': '6809839e9090eed3decccd14', 'test_data_suite_id': 'sdk_examples_pin-1.3', 'test_data_oid': '6809839e9090eed3decccd1c', 'test_data_id': 'pin-only_24_lots', 'xpaths': [{'xpath': 'PriorInformationNotice/cac:ProcurementProjectLot/cac:TenderingTerms/cac:TenderRecipientParty/cac:PartyIdentification/cbc:ID', 'value': 'ORG-0001'}, {'xpath': 'PriorInformationNotice/cac:ProcurementProjectLot/cac:TenderingTerms/cac:TenderRecipientParty/cac:PartyIdentification/cbc:ID', 'value': 'ORG-0001'}, {'xpath': 'PriorInformationNotice/cac:ProcurementProjectLot/cac:TenderingTerms/cac:TenderRecipientParty/cac:PartyIdentification/cbc:ID', 'value': 'ORG-0001'}, {'xpath': 'PriorInformationNotice/cac:ProcurementProjectLot/cac:TenderingTerms/cac:TenderRecipientParty/cac:PartyIdentification/cbc:ID', 'value': 'ORG-0001'}, {'xpath': 'PriorInformationNotice/cac:ProcurementProjectLot/cac:TenderingTerms/cac:TenderRecipientParty/cac:PartyIdentification/cbc:ID', 'value': 'ORG-0001'}, {'xpath': 'PriorInformationNotice/cac:ProcurementProjectLot/cac:TenderingTerms/cac:TenderRecipientParty/cac:PartyIdentification/cbc:ID', 'value': 'ORG-0001'}, {'xpath': 'PriorInformationNotice/cac:ProcurementProjectLot/cac:TenderingTerms/cac:TenderRecipientParty/cac:PartyIdentification/cbc:ID', 'value': 'ORG-0001'}, {'xpath': 'PriorInformationNotice/cac:ProcurementProjectLot/cac:TenderingTerms/cac:TenderRecipientParty/cac:PartyIdentification/cbc:ID', 'value': 'ORG-0001'}, {'xpath': 'PriorInformationNotice/cac:ProcurementProjectLot/cac:TenderingTerms/cac:TenderRecipientParty/cac:PartyIdentification/cbc:ID', 'value': 'ORG-0001'}, {'xpath': 'PriorInformationNotice/cac:ProcurementProjectLot/cac:TenderingTerms/cac:TenderRecipientParty/cac:PartyIdentification/cbc:ID', 'value': 'ORG-0001'}]}, {'test_data_suite_oid': '6809839e9090eed3decccd14', 'test_data_suite_id': 'sdk_examples_pin-1.3', 'test_data_oid': '6809839e9090eed3decccd1d', 'test_data_id': 'pin-only_24_maximal', 'xpaths': [{'xpath': 'PriorInformationNotice/cac:ProcurementProjectLot/cac:TenderingTerms/cac:TenderRecipientParty/cac:PartyIdentification/cbc:ID', 'value': 'ORG-0004'}]}, {'test_data_suite_oid': '6809839e9090eed3decccd14', 'test_data_suite_id': 'sdk_examples_pin-1.3', 'test_data_oid': '6809839e9090eed3decccd1e', 'test_data_id': 'pin-only_fin-reg', 'xpaths': [{'xpath': 'PriorInformationNotice/cac:ProcurementProjectLot/cac:TenderingTerms/cac:TenderRecipientParty/cac:PartyIdentification/cbc:ID', 'value': 'ORG-0001'}]}, {'test_data_suite_oid': '6809839e9090eed3decccd14', 'test_data_suite_id': 'sdk_examples_pin-1.3', 'test_data_oid': '6809839e9090eed3decccd21', 'test_data_id': 'pin-only_24', 'xpaths': [{'xpath': 'PriorInformationNotice/cac:ProcurementProjectLot/cac:TenderingTerms/cac:TenderRecipientParty/cac:PartyIdentification/cbc:ID', 'value': 'ORG-0001'}]}], 'is_covered': True, 'xpath_conditions': [{'xpath_condition': ""cac:PartyIdentification/cbc:ID/@schemeName='organization' or exists(cac:PartyIdentification/cbc:ID[starts-with(text(), 'ORG-')])"", 'meets_xpath_condition': False}, {'xpath_condition': ""cac:PartyIdentification/cbc:ID/@schemeName='touchpoint' or exists(cac:PartyIdentification/cbc:ID[starts-with(text(), 'TPO-')])"", 'meets_xpath_condition': False}], 'message': None}"
556,2025-04-24 00:48:48.746065+00:00,"{'sdk_element_id': 'OPT-301-Part-TenderEval', 'sdk_element_title': 'Tender Evaluator Technical Identifier Reference', 'sdk_element_xpath': ""/*/cac:ProcurementProjectLot[cbc:ID/@schemeName='Part']/cac:TenderingTerms/cac:TenderEvaluationParty/cac:PartyIdentification/cbc:ID"", 'test_data_xpaths': [{'test_data_suite_oid': '6809839e9090eed3decccd14', 'test_data_suite_id': 'sdk_examples_pin-1.3', 'test_data_oid': '6809839e9090eed3decccd1d', 'test_data_id': 'pin-only_24_maximal', 'xpaths': [{'xpath': 'PriorInformationNotice/cac:ProcurementProjectLot/cac:TenderingTerms/cac:TenderEvaluationParty/cac:PartyIdentification/cbc:ID', 'value': 'ORG-0005'}]}], 'is_covered': True, 'xpath_conditions': [{'xpath_condition': '', 'meets_xpath_condition': True}, {'xpath_condition': ""cac:TenderEvaluationParty/cac:PartyIdentification/cbc:ID/@schemeName='touchpoint' or exists(cac:TenderEvaluationParty/cac:PartyIdentification/cbc:ID[starts-with(text(), 'TPO-')])"", 'meets_xpath_condition': False}], 'message': None}"
557,2025-04-24 00:48:48.746065+00:00,"{'sdk_element_id': 'BT-300-Part', 'sdk_element_title': 'Additional Information', 'sdk_element_xpath': ""/*/cac:ProcurementProjectLot[cbc:ID/@schemeName='Part']/cac:ProcurementProject/cbc:Note"", 'test_data_xpaths': [{'test_data_suite_oid': '6809839e9090eed3decccd14', 'test_data_suite_id': 'sdk_examples_pin-1.3', 'test_data_oid': '6809839e9090eed3decccd1d', 'test_data_id': 'pin-only_24_maximal', 'xpaths': [{'xpath': 'PriorInformationNotice/cac:ProcurementProjectLot/cac:ProcurementProject/cbc:Note', 'value': 'Additional information for PAR-0000 ProcurementProject ---'}]}], 'is_covered': True, 'xpath_conditions': [{'xpath_condition': '', 'meets_xpath_condition': True}], 'message': None}"
558,2025-04-24 00:48:48.746065+00:00,"{'sdk_element_id': 'ND-PartReservedParticipation', 'sdk_element_title': None, 'sdk_element_xpath': ""/*/cac:ProcurementProjectLot[cbc:ID/@schemeName='Part']/cac:TenderingTerms/cac:TendererQualificationRequest[not(cbc:CompanyLegalFormCode)][not(cac:SpecificTendererRequirement/cbc:TendererRequirementTypeCode[@listName='missing-info-submission'])]"", 'test_data_xpaths': [{'test_data_suite_oid': '6809839e9090eed3decccd14', 'test_data_suite_id': 'sdk_examples_pin-1.3', 'test_data_oid': '6809839e9090eed3decccd1d', 'test_data_id': 'pin-only_24_maximal', 'xpaths': [{'xpath': 'PriorInformationNotice/cac:ProcurementProjectLot/cac:TenderingTerms/cac:TendererQualificationRequest', 'value': None}]}], 'is_covered': True, 'xpath_conditions': [{'xpath_condition': '', 'meets_xpath_condition': True}], 'message': None}"
559,2025-04-24 00:48:48.746065+00:00,"{'sdk_element_id': 'ND-PartReservedProcurement', 'sdk_element_title': None, 'sdk_element_xpath': ""/*/cac:ProcurementProjectLot[cbc:ID/@schemeName='Part']/cac:TenderingTerms/cac:TendererQualificationRequest[not(cbc:CompanyLegalFormCode)][not(cac:SpecificTendererRequirement/cbc:TendererRequirementTypeCode[@listName='missing-info-submission'])]/cac:SpecificTendererRequirement[cbc:TendererRequirementTypeCode/@listName='reserved-procurement']"", 'test_data_xpaths': [{'test_data_suite_oid': '6809839e9090eed3decccd14', 'test_data_suite_id': 'sdk_examples_pin-1.3', 'test_data_oid': '6809839e9090eed3decccd1d', 'test_data_id': 'pin-only_24_maximal', 'xpaths': [{'xpath': 'PriorInformationNotice/cac:ProcurementProjectLot/cac:TenderingTerms/cac:TendererQualificationRequest/cac:SpecificTendererRequirement', 'value': None}]}], 'is_covered': True, 'xpath_conditions': [{'xpath_condition': '', 'meets_xpath_condition': True}], 'message': None}"
560,2025-04-24 00:48:48.746065+00:00,"{'sdk_element_id': 'BT-71-Part', 'sdk_element_title': 'Reserved Participation', 'sdk_element_xpath': ""/*/cac:ProcurementProjectLot[cbc:ID/@schemeName='Part']/cac:TenderingTerms/cac:TendererQualificationRequest[not(cbc:CompanyLegalFormCode)][not(cac:SpecificTendererRequirement/cbc:TendererRequirementTypeCode[@listName='missing-info-submission'])]/cac:SpecificTendererRequirement[cbc:TendererRequirementTypeCode/@listName='reserved-procurement']/cbc:TendererRequirementTypeCode[@listName='reserved-procurement']"", 'test_data_xpaths': [{'test_data_suite_oid': '6809839e9090eed3decccd14', 'test_data_suite_id': 'sdk_examples_pin-1.3', 'test_data_oid': '6809839e9090eed3decccd1d', 'test_data_id': 'pin-only_24_maximal', 'xpaths': [{'xpath': 'PriorInformationNotice/cac:ProcurementProjectLot/cac:TenderingTerms/cac:TendererQualificationRequest/cac:SpecificTendererRequirement/cbc:TendererRequirementTypeCode', 'value': 'res-pub-ser'}]}], 'is_covered': True, 'xpath_conditions': [{'xpath_condition': '', 'meets_xpath_condition': True}], 'message': None}"
561,2025-04-24 00:48:48.746065+00:00,"{'sdk_element_id': 'BT-736-Part', 'sdk_element_title': 'Reserved Execution', 'sdk_element_xpath': ""/*/cac:ProcurementProjectLot[cbc:ID/@schemeName='Part']/cac:TenderingTerms/cac:ContractExecutionRequirement/cbc:ExecutionRequirementCode[@listName='reserved-execution']"", 'test_data_xpaths': [{'test_data_suite_oid': '6809839e9090eed3decccd14', 'test_data_suite_id': 'sdk_examples_pin-1.3', 'test_data_oid': '6809839e9090eed3decccd1d', 'test_data_id': 'pin-only_24_maximal', 'xpaths': [{'xpath': 'PriorInformationNotice/cac:ProcurementProjectLot/cac:TenderingTerms/cac:ContractExecutionRequirement/cbc:ExecutionRequirementCode', 'value': 'yes'}]}], 'is_covered': True, 'xpath_conditions': [{'xpath_condition': '', 'meets_xpath_condition': True}], 'message': None}"
562,2025-04-24 00:48:48.746065+00:00,"{'sdk_element_id': 'ND-PartInfoRequestPeriod', 'sdk_element_title': None, 'sdk_element_xpath': ""/*/cac:ProcurementProjectLot[cbc:ID/@schemeName='Part']/cac:TenderingProcess/cac:AdditionalInformationRequestPeriod"", 'test_data_xpaths': [{'test_data_suite_oid': '6809839e9090eed3decccd14', 'test_data_suite_id': 'sdk_examples_pin-1.3', 'test_data_oid': '6809839e9090eed3decccd1d', 'test_data_id': 'pin-only_24_maximal', 'xpaths': [{'xpath': 'PriorInformationNotice/cac:ProcurementProjectLot/cac:TenderingProcess/cac:AdditionalInformationRequestPeriod', 'value': None}]}], 'is_covered': True, 'xpath_conditions': [{'xpath_condition': '', 'meets_xpath_condition': True}], 'message': None}"
563,2025-04-24 00:48:48.746065+00:00,"{'sdk_element_id': 'BT-13(d)-Part', 'sdk_element_title': 'Additional Information Deadline', 'sdk_element_xpath': ""/*/cac:ProcurementProjectLot[cbc:ID/@schemeName='Part']/cac:TenderingProcess/cac:AdditionalInformationRequestPeriod/cbc:EndDate"", 'test_data_xpaths': [{'test_data_suite_oid': '6809839e9090eed3decccd14', 'test_data_suite_id': 'sdk_examples_pin-1.3', 'test_data_oid': '6809839e9090eed3decccd1d', 'test_data_id': 'pin-only_24_maximal', 'xpaths': [{'xpath': 'PriorInformationNotice/cac:ProcurementProjectLot/cac:TenderingProcess/cac:AdditionalInformationRequestPeriod/cbc:EndDate', 'value': '2023-05-23+01:00'}]}], 'is_covered': True, 'xpath_conditions': [{'xpath_condition': '', 'meets_xpath_condition': True}], 'message': None}"
564,2025-04-24 00:48:48.746065+00:00,"{'sdk_element_id': 'BT-13(t)-Part', 'sdk_element_title': 'Additional Information Deadline', 'sdk_element_xpath': ""/*/cac:ProcurementProjectLot[cbc:ID/@schemeName='Part']/cac:TenderingProcess/cac:AdditionalInformationRequestPeriod/cbc:EndTime"", 'test_data_xpaths': [{'test_data_suite_oid': '6809839e9090eed3decccd14', 'test_data_suite_id': 'sdk_examples_pin-1.3', 'test_data_oid': '6809839e9090eed3decccd1d', 'test_data_id': 'pin-only_24_maximal', 'xpaths': [{'xpath': 'PriorInformationNotice/cac:ProcurementProjectLot/cac:TenderingProcess/cac:AdditionalInformationRequestPeriod/cbc:EndTime', 'value': '20:59:32+01:00'}]}], 'is_covered': True, 'xpath_conditions': [{'xpath_condition': '', 'meets_xpath_condition': True}], 'message': None}"
565,2025-04-24 00:48:48.746065+00:00,"{'sdk_element_id': 'ND-PartProcurementDocument', 'sdk_element_title': None, 'sdk_element_xpath': ""/*/cac:ProcurementProjectLot[cbc:ID/@schemeName='Part']/cac:TenderingTerms/cac:CallForTendersDocumentReference"", 'test_data_xpaths': [{'test_data_suite_oid': '6809839e9090eed3decccd14', 'test_data_suite_id': 'sdk_examples_pin-1.3', 'test_data_oid': '6809839e9090eed3decccd1d', 'test_data_id': 'pin-only_24_maximal', 'xpaths': [{'xpath': 'PriorInformationNotice/cac:ProcurementProjectLot/cac:TenderingTerms/cac:CallForTendersDocumentReference', 'value': None}, {'xpath': 'PriorInformationNotice/cac:ProcurementProjectLot/cac:TenderingTerms/cac:CallForTendersDocumentReference', 'value': None}, {'xpath': 'PriorInformationNotice/cac:ProcurementProjectLot/cac:TenderingTerms/cac:CallForTendersDocumentReference', 'value': None}, {'xpath': 'PriorInformationNotice/cac:ProcurementProjectLot/cac:TenderingTerms/cac:CallForTendersDocumentReference', 'value': None}]}], 'is_covered': True, 'xpath_conditions': [{'xpath_condition': '', 'meets_xpath_condition': True}], 'message': None}"
566,2025-04-24 00:48:48.746065+00:00,"{'sdk_element_id': 'OPT-050-Part', 'sdk_element_title': 'Document Status', 'sdk_element_xpath': ""/*/cac:ProcurementProjectLot[cbc:ID/@schemeName='Part']/cac:TenderingTerms/cac:CallForTendersDocumentReference/cbc:DocumentStatusCode"", 'test_data_xpaths': [{'test_data_suite_oid': '6809839e9090eed3decccd14', 'test_data_suite_id': 'sdk_examples_pin-1.3', 'test_data_oid': '6809839e9090eed3decccd1d', 'test_data_id': 'pin-only_24_maximal', 'xpaths': [{'xpath': 'PriorInformationNotice/cac:ProcurementProjectLot/cac:TenderingTerms/cac:CallForTendersDocumentReference/cbc:DocumentStatusCode', 'value': 'official'}, {'xpath': 'PriorInformationNotice/cac:ProcurementProjectLot/cac:TenderingTerms/cac:CallForTendersDocumentReference/cbc:DocumentStatusCode', 'value': 'official'}, {'xpath': 'PriorInformationNotice/cac:ProcurementProjectLot/cac:TenderingTerms/cac:CallForTendersDocumentReference/cbc:DocumentStatusCode', 'value': 'non-official'}]}], 'is_covered': True, 'xpath_conditions': [{'xpath_condition': '', 'meets_xpath_condition': True}], 'message': None}"
567,2025-04-24 00:48:48.746065+00:00,"{'sdk_element_id': 'ND-PartRestrictedDocuments', 'sdk_element_title': None, 'sdk_element_xpath': ""/*/cac:ProcurementProjectLot[cbc:ID/@schemeName='Part']/cac:TenderingTerms/cac:CallForTendersDocumentReference[cbc:DocumentType/text()='restricted-document']"", 'test_data_xpaths': [{'test_data_suite_oid': '6809839e9090eed3decccd14', 'test_data_suite_id': 'sdk_examples_pin-1.3', 'test_data_oid': '6809839e9090eed3decccd1d', 'test_data_id': 'pin-only_24_maximal', 'xpaths': [{'xpath': 'PriorInformationNotice/cac:ProcurementProjectLot/cac:TenderingTerms/cac:CallForTendersDocumentReference', 'value': None}]}], 'is_covered': True, 'xpath_conditions': [{'xpath_condition': '', 'meets_xpath_condition': True}], 'message': None}"
568,2025-04-24 00:48:48.746065+00:00,"{'sdk_element_id': 'BT-708-Part', 'sdk_element_title': 'Documents Official Language', 'sdk_element_xpath': ""/*/cac:ProcurementProjectLot[cbc:ID/@schemeName='Part']/cac:TenderingTerms/cac:CallForTendersDocumentReference/cbc:LanguageID[not(../cbc:DocumentStatusCode/text()='non-official')]"", 'test_data_xpaths': [{'test_data_suite_oid': '6809839e9090eed3decccd14', 'test_data_suite_id': 'sdk_examples_pin-1.3', 'test_data_oid': '6809839e9090eed3decccd1d', 'test_data_id': 'pin-only_24_maximal', 'xpaths': [{'xpath': 'PriorInformationNotice/cac:ProcurementProjectLot/cac:TenderingTerms/cac:CallForTendersDocumentReference/cbc:LanguageID', 'value': 'ENG'}, {'xpath': 'PriorInformationNotice/cac:ProcurementProjectLot/cac:TenderingTerms/cac:CallForTendersDocumentReference/cbc:LanguageID', 'value': 'FRA'}]}], 'is_covered': True, 'xpath_conditions': [{'xpath_condition': '', 'meets_xpath_condition': True}], 'message': None}"
569,2025-04-24 00:48:48.746065+00:00,"{'sdk_element_id': 'BT-737-Part', 'sdk_element_title': 'Documents Unofficial Language', 'sdk_element_xpath': ""/*/cac:ProcurementProjectLot[cbc:ID/@schemeName='Part']/cac:TenderingTerms/cac:CallForTendersDocumentReference/cbc:LanguageID[../cbc:DocumentStatusCode/text()='non-official']"", 'test_data_xpaths': [{'test_data_suite_oid': '6809839e9090eed3decccd14', 'test_data_suite_id': 'sdk_examples_pin-1.3', 'test_data_oid': '6809839e9090eed3decccd1d', 'test_data_id': 'pin-only_24_maximal', 'xpaths': [{'xpath': 'PriorInformationNotice/cac:ProcurementProjectLot/cac:TenderingTerms/cac:CallForTendersDocumentReference/cbc:LanguageID', 'value': 'CAT'}]}], 'is_covered': True, 'xpath_conditions': [{'xpath_condition': '', 'meets_xpath_condition': True}], 'message': None}"
570,2025-04-24 00:48:48.746065+00:00,"{'sdk_element_id': 'BT-14-Part', 'sdk_element_title': 'Documents Restricted', 'sdk_element_xpath': ""/*/cac:ProcurementProjectLot[cbc:ID/@schemeName='Part']/cac:TenderingTerms/cac:CallForTendersDocumentReference/cbc:DocumentType"", 'test_data_xpaths': [{'test_data_suite_oid': '6809839e9090eed3decccd14', 'test_data_suite_id': 'sdk_examples_pin-1.3', 'test_data_oid': '6809839e9090eed3decccd1d', 'test_data_id': 'pin-only_24_maximal', 'xpaths': [{'xpath': 'PriorInformationNotice/cac:ProcurementProjectLot/cac:TenderingTerms/cac:CallForTendersDocumentReference/cbc:DocumentType', 'value': 'non-restricted-document'}, {'xpath': 'PriorInformationNotice/cac:ProcurementProjectLot/cac:TenderingTerms/cac:CallForTendersDocumentReference/cbc:DocumentType', 'value': 'non-restricted-document'}, {'xpath': 'PriorInformationNotice/cac:ProcurementProjectLot/cac:TenderingTerms/cac:CallForTendersDocumentReference/cbc:DocumentType', 'value': 'non-restricted-document'}, {'xpath': 'PriorInformationNotice/cac:ProcurementProjectLot/cac:TenderingTerms/cac:CallForTendersDocumentReference/cbc:DocumentType', 'value': 'restricted-document'}]}], 'is_covered': True, 'xpath_conditions': [{'xpath_condition': ""cbc:DocumentType/text()='restricted-document'"", 'meets_xpath_condition': True}, {'xpath_condition': ""cbc:DocumentType/text()='non-restricted-document'"", 'meets_xpath_condition': True}], 'message': None}"
571,2025-04-24 00:48:48.746065+00:00,"{'sdk_element_id': 'BT-707-Part', 'sdk_element_title': 'Documents Restricted Justification', 'sdk_element_xpath': ""/*/cac:ProcurementProjectLot[cbc:ID/@schemeName='Part']/cac:TenderingTerms/cac:CallForTendersDocumentReference[cbc:DocumentType/text()='restricted-document']/cbc:DocumentTypeCode"", 'test_data_xpaths': [], 'is_covered': False, 'xpath_conditions': [{'xpath_condition': '', 'meets_xpath_condition': True}], 'message': None}"
572,2025-04-24 00:48:48.746065+00:00,"{'sdk_element_id': 'BT-15-Part', 'sdk_element_title': 'Documents URL', 'sdk_element_xpath': ""/*/cac:ProcurementProjectLot[cbc:ID/@schemeName='Part']/cac:TenderingTerms/cac:CallForTendersDocumentReference[not(cbc:DocumentType/text()='restricted-document')]/cac:Attachment/cac:ExternalReference/cbc:URI"", 'test_data_xpaths': [{'test_data_suite_oid': '6809839e9090eed3decccd14', 'test_data_suite_id': 'sdk_examples_pin-1.3', 'test_data_oid': '6809839e9090eed3decccd1d', 'test_data_id': 'pin-only_24_maximal', 'xpaths': [{'xpath': 'PriorInformationNotice/cac:ProcurementProjectLot/cac:TenderingTerms/cac:CallForTendersDocumentReference/cac:Attachment/cac:ExternalReference/cbc:URI', 'value': 'http://nonrestricteddocuments.com'}, {'xpath': 'PriorInformationNotice/cac:ProcurementProjectLot/cac:TenderingTerms/cac:CallForTendersDocumentReference/cac:Attachment/cac:ExternalReference/cbc:URI', 'value': 'http://nonrestricteddocuments.com'}, {'xpath': 'PriorInformationNotice/cac:ProcurementProjectLot/cac:TenderingTerms/cac:CallForTendersDocumentReference/cac:Attachment/cac:ExternalReference/cbc:URI', 'value': 'https://nonrestricteddocuments.com'}]}], 'is_covered': True, 'xpath_conditions': [{'xpath_condition': '', 'meets_xpath_condition': True}], 'message': None}"
573,2025-04-24 00:48:48.746065+00:00,"{'sdk_element_id': 'BT-615-Part', 'sdk_element_title': 'Documents Restricted URL', 'sdk_element_xpath': ""/*/cac:ProcurementProjectLot[cbc:ID/@schemeName='Part']/cac:TenderingTerms/cac:CallForTendersDocumentReference[cbc:DocumentType/text()='restricted-document']/cac:Attachment/cac:ExternalReference/cbc:URI"", 'test_data_xpaths': [{'test_data_suite_oid': '6809839e9090eed3decccd14', 'test_data_suite_id': 'sdk_examples_pin-1.3', 'test_data_oid': '6809839e9090eed3decccd1d', 'test_data_id': 'pin-only_24_maximal', 'xpaths': [{'xpath': 'PriorInformationNotice/cac:ProcurementProjectLot/cac:TenderingTerms/cac:CallForTendersDocumentReference/cac:Attachment/cac:ExternalReference/cbc:URI', 'value': 'https://restricted.com'}]}], 'is_covered': True, 'xpath_conditions': [{'xpath_condition': '', 'meets_xpath_condition': True}], 'message': None}"
574,2025-04-24 00:48:48.746065+00:00,"{'sdk_element_id': 'OPT-140-Part', 'sdk_element_title': 'Procurement Documents ID', 'sdk_element_xpath': ""/*/cac:ProcurementProjectLot[cbc:ID/@schemeName='Part']/cac:TenderingTerms/cac:CallForTendersDocumentReference/cbc:ID"", 'test_data_xpaths': [{'test_data_suite_oid': '6809839e9090eed3decccd14', 'test_data_suite_id': 'sdk_examples_pin-1.3', 'test_data_oid': '6809839e9090eed3decccd1d', 'test_data_id': 'pin-only_24_maximal', 'xpaths': [{'xpath': 'PriorInformationNotice/cac:ProcurementProjectLot/cac:TenderingTerms/cac:CallForTendersDocumentReference/cbc:ID', 'value': 'Doc1'}, {'xpath': 'PriorInformationNotice/cac:ProcurementProjectLot/cac:TenderingTerms/cac:CallForTendersDocumentReference/cbc:ID', 'value': 'Doc1'}, {'xpath': 'PriorInformationNotice/cac:ProcurementProjectLot/cac:TenderingTerms/cac:CallForTendersDocumentReference/cbc:ID', 'value': 'Doc1'}, {'xpath': 'PriorInformationNotice/cac:ProcurementProjectLot/cac:TenderingTerms/cac:CallForTendersDocumentReference/cbc:ID', 'value': 'Doc2'}]}], 'is_covered': True, 'xpath_conditions': [{'xpath_condition': '', 'meets_xpath_condition': True}], 'message': None}"
575,2025-04-24 00:48:48.746065+00:00,"{'sdk_element_id': 'ND-PartTenderingProcessExtension', 'sdk_element_title': None, 'sdk_element_xpath': ""/*/cac:ProcurementProjectLot[cbc:ID/@schemeName='Part']/cac:TenderingProcess/ext:UBLExtensions/ext:UBLExtension/ext:ExtensionContent/efext:EformsExtension"", 'test_data_xpaths': [{'test_data_suite_oid': '6809839e9090eed3decccd14', 'test_data_suite_id': 'sdk_examples_pin-1.3', 'test_data_oid': '6809839e9090eed3decccd1d', 'test_data_id': 'pin-only_24_maximal', 'xpaths': [{'xpath': 'PriorInformationNotice/cac:ProcurementProjectLot/cac:TenderingProcess/ext:UBLExtensions/ext:UBLExtension/ext:ExtensionContent/efext:EformsExtension', 'value': None}]}], 'is_covered': True, 'xpath_conditions': [{'xpath_condition': '', 'meets_xpath_condition': True}], 'message': None}"
576,2025-04-24 00:48:48.746065+00:00,"{'sdk_element_id': 'BT-632-Part', 'sdk_element_title': 'Tool Name', 'sdk_element_xpath': ""/*/cac:ProcurementProjectLot[cbc:ID/@schemeName='Part']/cac:TenderingProcess/ext:UBLExtensions/ext:UBLExtension/ext:ExtensionContent/efext:EformsExtension/efbc:AccessToolName"", 'test_data_xpaths': [{'test_data_suite_oid': '6809839e9090eed3decccd14', 'test_data_suite_id': 'sdk_examples_pin-1.3', 'test_data_oid': '6809839e9090eed3decccd1d', 'test_data_id': 'pin-only_24_maximal', 'xpaths': [{'xpath': 'PriorInformationNotice/cac:ProcurementProjectLot/cac:TenderingProcess/ext:UBLExtensions/ext:UBLExtension/ext:ExtensionContent/efext:EformsExtension/efbc:AccessToolName', 'value': 'Access tool ---'}]}], 'is_covered': True, 'xpath_conditions': [{'xpath_condition': '', 'meets_xpath_condition': True}], 'message': None}"
577,2025-04-24 00:48:48.746065+00:00,"{'sdk_element_id': 'BT-124-Part', 'sdk_element_title': 'Tool Atypical URL', 'sdk_element_xpath': ""/*/cac:ProcurementProjectLot[cbc:ID/@schemeName='Part']/cac:TenderingProcess/cbc:AccessToolsURI"", 'test_data_xpaths': [{'test_data_suite_oid': '6809839e9090eed3decccd14', 'test_data_suite_id': 'sdk_examples_pin-1.3', 'test_data_oid': '6809839e9090eed3decccd1c', 'test_data_id': 'pin-only_24_lots', 'xpaths': [{'xpath': 'PriorInformationNotice/cac:ProcurementProjectLot/cac:TenderingProcess/cbc:AccessToolsURI', 'value': 'https://fusion21.delta-esourcing.com/respond/44JDE788CH'}, {'xpath': 'PriorInformationNotice/cac:ProcurementProjectLot/cac:TenderingProcess/cbc:AccessToolsURI', 'value': 'https://fusion21.delta-esourcing.com/respond/44JDE788CH'}, {'xpath': 'PriorInformationNotice/cac:ProcurementProjectLot/cac:TenderingProcess/cbc:AccessToolsURI', 'value': 'https://fusion21.delta-esourcing.com/respond/44JDE788CH'}, {'xpath': 'PriorInformationNotice/cac:ProcurementProjectLot/cac:TenderingProcess/cbc:AccessToolsURI', 'value': 'https://fusion21.delta-esourcing.com/respond/44JDE788CH'}, {'xpath': 'PriorInformationNotice/cac:ProcurementProjectLot/cac:TenderingProcess/cbc:AccessToolsURI', 'value': 'https://fusion21.delta-esourcing.com/respond/44JDE788CH'}, {'xpath': 'PriorInformationNotice/cac:ProcurementProjectLot/cac:TenderingProcess/cbc:AccessToolsURI', 'value': 'https://fusion21.delta-esourcing.com/respond/44JDE788CH'}, {'xpath': 'PriorInformationNotice/cac:ProcurementProjectLot/cac:TenderingProcess/cbc:AccessToolsURI', 'value': 'https://fusion21.delta-esourcing.com/respond/44JDE788CH'}, {'xpath': 'PriorInformationNotice/cac:ProcurementProjectLot/cac:TenderingProcess/cbc:AccessToolsURI', 'value': 'https://fusion21.delta-esourcing.com/respond/44JDE788CH'}, {'xpath': 'PriorInformationNotice/cac:ProcurementProjectLot/cac:TenderingProcess/cbc:AccessToolsURI', 'value': 'https://fusion21.delta-esourcing.com/respond/44JDE788CH'}, {'xpath': 'PriorInformationNotice/cac:ProcurementProjectLot/cac:TenderingProcess/cbc:AccessToolsURI', 'value': 'https://fusion21.delta-esourcing.com/respond/44JDE788CH'}]}, {'test_data_suite_oid': '6809839e9090eed3decccd14', 'test_data_suite_id': 'sdk_examples_pin-1.3', 'test_data_oid': '6809839e9090eed3decccd1d', 'test_data_id': 'pin-only_24_maximal', 'xpaths': [{'xpath': 'PriorInformationNotice/cac:ProcurementProjectLot/cac:TenderingProcess/cbc:AccessToolsURI', 'value': 'https://test-tool.com'}]}], 'is_covered': True, 'xpath_conditions': [{'xpath_condition': '', 'meets_xpath_condition': True}], 'message': None}"
578,2025-04-24 00:48:48.746065+00:00,"{'sdk_element_id': 'OPT-301-Part-AddInfo', 'sdk_element_title': 'Additional Info Provider Technical Identifier Reference', 'sdk_element_xpath': ""/*/cac:ProcurementProjectLot[cbc:ID/@schemeName='Part']/cac:TenderingTerms/cac:AdditionalInformationParty/cac:PartyIdentification/cbc:ID"", 'test_data_xpaths': [{'test_data_suite_oid': '6809839e9090eed3decccd14', 'test_data_suite_id': 'sdk_examples_pin-1.3', 'test_data_oid': '6809839e9090eed3decccd1b', 'test_data_id': 'pin-only_81_FRA', 'xpaths': [{'xpath': 'PriorInformationNotice/cac:ProcurementProjectLot/cac:TenderingTerms/cac:AdditionalInformationParty/cac:PartyIdentification/cbc:ID', 'value': 'ORG-0001'}]}, {'test_data_suite_oid': '6809839e9090eed3decccd14', 'test_data_suite_id': 'sdk_examples_pin-1.3', 'test_data_oid': '6809839e9090eed3decccd1c', 'test_data_id': 'pin-only_24_lots', 'xpaths': [{'xpath': 'PriorInformationNotice/cac:ProcurementProjectLot/cac:TenderingTerms/cac:AdditionalInformationParty/cac:PartyIdentification/cbc:ID', 'value': 'ORG-0001'}, {'xpath': 'PriorInformationNotice/cac:ProcurementProjectLot/cac:TenderingTerms/cac:AdditionalInformationParty/cac:PartyIdentification/cbc:ID', 'value': 'ORG-0001'}, {'xpath': 'PriorInformationNotice/cac:ProcurementProjectLot/cac:TenderingTerms/cac:AdditionalInformationParty/cac:PartyIdentification/cbc:ID', 'value': 'ORG-0001'}, {'xpath': 'PriorInformationNotice/cac:ProcurementProjectLot/cac:TenderingTerms/cac:AdditionalInformationParty/cac:PartyIdentification/cbc:ID', 'value': 'ORG-0001'}, {'xpath': 'PriorInformationNotice/cac:ProcurementProjectLot/cac:TenderingTerms/cac:AdditionalInformationParty/cac:PartyIdentification/cbc:ID', 'value': 'ORG-0001'}, {'xpath': 'PriorInformationNotice/cac:ProcurementProjectLot/cac:TenderingTerms/cac:AdditionalInformationParty/cac:PartyIdentification/cbc:ID', 'value': 'ORG-0001'}, {'xpath': 'PriorInformationNotice/cac:ProcurementProjectLot/cac:TenderingTerms/cac:AdditionalInformationParty/cac:PartyIdentification/cbc:ID', 'value': 'ORG-0001'}, {'xpath': 'PriorInformationNotice/cac:ProcurementProjectLot/cac:TenderingTerms/cac:AdditionalInformationParty/cac:PartyIdentification/cbc:ID', 'value': 'ORG-0001'}, {'xpath': 'PriorInformationNotice/cac:ProcurementProjectLot/cac:TenderingTerms/cac:AdditionalInformationParty/cac:PartyIdentification/cbc:ID', 'value': 'ORG-0001'}, {'xpath': 'PriorInformationNotice/cac:ProcurementProjectLot/cac:TenderingTerms/cac:AdditionalInformationParty/cac:PartyIdentification/cbc:ID', 'value': 'ORG-0001'}]}, {'test_data_suite_oid': '6809839e9090eed3decccd14', 'test_data_suite_id': 'sdk_examples_pin-1.3', 'test_data_oid': '6809839e9090eed3decccd1d', 'test_data_id': 'pin-only_24_maximal', 'xpaths': [{'xpath': 'PriorInformationNotice/cac:ProcurementProjectLot/cac:TenderingTerms/cac:AdditionalInformationParty/cac:PartyIdentification/cbc:ID', 'value': 'ORG-0002'}]}, {'test_data_suite_oid': '6809839e9090eed3decccd14', 'test_data_suite_id': 'sdk_examples_pin-1.3', 'test_data_oid': '6809839e9090eed3decccd1e', 'test_data_id': 'pin-only_fin-reg', 'xpaths': [{'xpath': 'PriorInformationNotice/cac:ProcurementProjectLot/cac:TenderingTerms/cac:AdditionalInformationParty/cac:PartyIdentification/cbc:ID', 'value': 'ORG-0001'}]}, {'test_data_suite_oid': '6809839e9090eed3decccd14', 'test_data_suite_id': 'sdk_examples_pin-1.3', 'test_data_oid': '6809839e9090eed3decccd21', 'test_data_id': 'pin-only_24', 'xpaths': [{'xpath': 'PriorInformationNotice/cac:ProcurementProjectLot/cac:TenderingTerms/cac:AdditionalInformationParty/cac:PartyIdentification/cbc:ID', 'value': 'ORG-0001'}]}], 'is_covered': True, 'xpath_conditions': [{'xpath_condition': '', 'meets_xpath_condition': True}, {'xpath_condition': ""cac:AdditionalInformationParty/cac:PartyIdentification/cbc:ID/@schemeName='touchpoint' or exists(cac:AdditionalInformationParty/cac:PartyIdentification/cbc:ID[starts-with(text(), 'TPO-')])"", 'meets_xpath_condition': False}], 'message': None}"
579,2025-04-24 00:48:48.746065+00:00,"{'sdk_element_id': 'OPT-301-Part-DocProvider', 'sdk_element_title': 'Document Provider Technical Identifier Reference', 'sdk_element_xpath': ""/*/cac:ProcurementProjectLot[cbc:ID/@schemeName='Part']/cac:TenderingTerms/cac:DocumentProviderParty/cac:PartyIdentification/cbc:ID"", 'test_data_xpaths': [{'test_data_suite_oid': '6809839e9090eed3decccd14', 'test_data_suite_id': 'sdk_examples_pin-1.3', 'test_data_oid': '6809839e9090eed3decccd1d', 'test_data_id': 'pin-only_24_maximal', 'xpaths': [{'xpath': 'PriorInformationNotice/cac:ProcurementProjectLot/cac:TenderingTerms/cac:DocumentProviderParty/cac:PartyIdentification/cbc:ID', 'value': 'ORG-0003'}]}], 'is_covered': True, 'xpath_conditions': [{'xpath_condition': '', 'meets_xpath_condition': True}, {'xpath_condition': ""cac:DocumentProviderParty/cac:PartyIdentification/cbc:ID/@schemeName='touchpoint' or exists(cac:DocumentProviderParty/cac:PartyIdentification/cbc:ID[starts-with(text(), 'TPO-')])"", 'meets_xpath_condition': False}], 'message': None}"
580,2025-04-24 00:48:48.746065+00:00,"{'sdk_element_id': 'ND-PartReviewTerms', 'sdk_element_title': None, 'sdk_element_xpath': ""/*/cac:ProcurementProjectLot[cbc:ID/@schemeName='Part']/cac:TenderingTerms/cac:AppealTerms"", 'test_data_xpaths': [{'test_data_suite_oid': '6809839e9090eed3decccd14', 'test_data_suite_id': 'sdk_examples_pin-1.3', 'test_data_oid': '6809839e9090eed3decccd1b', 'test_data_id': 'pin-only_81_FRA', 'xpaths': [{'xpath': 'PriorInformationNotice/cac:ProcurementProjectLot/cac:TenderingTerms/cac:AppealTerms', 'value': None}]}, {'test_data_suite_oid': '6809839e9090eed3decccd14', 'test_data_suite_id': 'sdk_examples_pin-1.3', 'test_data_oid': '6809839e9090eed3decccd1c', 'test_data_id': 'pin-only_24_lots', 'xpaths': [{'xpath': 'PriorInformationNotice/cac:ProcurementProjectLot/cac:TenderingTerms/cac:AppealTerms', 'value': None}, {'xpath': 'PriorInformationNotice/cac:ProcurementProjectLot/cac:TenderingTerms/cac:AppealTerms', 'value': None}, {'xpath': 'PriorInformationNotice/cac:ProcurementProjectLot/cac:TenderingTerms/cac:AppealTerms', 'value': None}, {'xpath': 'PriorInformationNotice/cac:ProcurementProjectLot/cac:TenderingTerms/cac:AppealTerms', 'value': None}, {'xpath': 'PriorInformationNotice/cac:ProcurementProjectLot/cac:TenderingTerms/cac:AppealTerms', 'value': None}, {'xpath': 'PriorInformationNotice/cac:ProcurementProjectLot/cac:TenderingTerms/cac:AppealTerms', 'value': None}, {'xpath': 'PriorInformationNotice/cac:ProcurementProjectLot/cac:TenderingTerms/cac:AppealTerms', 'value': None}, {'xpath': 'PriorInformationNotice/cac:ProcurementProjectLot/cac:TenderingTerms/cac:AppealTerms', 'value': None}, {'xpath': 'PriorInformationNotice/cac:ProcurementProjectLot/cac:TenderingTerms/cac:AppealTerms', 'value': None}, {'xpath': 'PriorInformationNotice/cac:ProcurementProjectLot/cac:TenderingTerms/cac:AppealTerms', 'value': None}]}, {'test_data_suite_oid': '6809839e9090eed3decccd14', 'test_data_suite_id': 'sdk_examples_pin-1.3', 'test_data_oid': '6809839e9090eed3decccd1d', 'test_data_id': 'pin-only_24_maximal', 'xpaths': [{'xpath': 'PriorInformationNotice/cac:ProcurementProjectLot/cac:TenderingTerms/cac:AppealTerms', 'value': None}]}, {'test_data_suite_oid': '6809839e9090eed3decccd14', 'test_data_suite_id': 'sdk_examples_pin-1.3', 'test_data_oid': '6809839e9090eed3decccd1e', 'test_data_id': 'pin-only_fin-reg', 'xpaths': [{'xpath': 'PriorInformationNotice/cac:ProcurementProjectLot/cac:TenderingTerms/cac:AppealTerms', 'value': None}]}, {'test_data_suite_oid': '6809839e9090eed3decccd14', 'test_data_suite_id': 'sdk_examples_pin-1.3', 'test_data_oid': '6809839e9090eed3decccd21', 'test_data_id': 'pin-only_24', 'xpaths': [{'xpath': 'PriorInformationNotice/cac:ProcurementProjectLot/cac:TenderingTerms/cac:AppealTerms', 'value': None}]}], 'is_covered': True, 'xpath_conditions': [{'xpath_condition': '', 'meets_xpath_condition': True}], 'message': None}"
581,2025-04-24 00:48:48.746065+00:00,"{'sdk_element_id': 'OPT-301-Part-ReviewOrg', 'sdk_element_title': 'Review Organization Technical Identifier Reference', 'sdk_element_xpath': ""/*/cac:ProcurementProjectLot[cbc:ID/@schemeName='Part']/cac:TenderingTerms/cac:AppealTerms/cac:AppealReceiverParty/cac:PartyIdentification/cbc:ID"", 'test_data_xpaths': [{'test_data_suite_oid': '6809839e9090eed3decccd14', 'test_data_suite_id': 'sdk_examples_pin-1.3', 'test_data_oid': '6809839e9090eed3decccd1b', 'test_data_id': 'pin-only_81_FRA', 'xpaths': [{'xpath': 'PriorInformationNotice/cac:ProcurementProjectLot/cac:TenderingTerms/cac:AppealTerms/cac:AppealReceiverParty/cac:PartyIdentification/cbc:ID', 'value': 'ORG-0001'}]}, {'test_data_suite_oid': '6809839e9090eed3decccd14', 'test_data_suite_id': 'sdk_examples_pin-1.3', 'test_data_oid': '6809839e9090eed3decccd1c', 'test_data_id': 'pin-only_24_lots', 'xpaths': [{'xpath': 'PriorInformationNotice/cac:ProcurementProjectLot/cac:TenderingTerms/cac:AppealTerms/cac:AppealReceiverParty/cac:PartyIdentification/cbc:ID', 'value': 'ORG-0002'}, {'xpath': 'PriorInformationNotice/cac:ProcurementProjectLot/cac:TenderingTerms/cac:AppealTerms/cac:AppealReceiverParty/cac:PartyIdentification/cbc:ID', 'value': 'ORG-0002'}, {'xpath': 'PriorInformationNotice/cac:ProcurementProjectLot/cac:TenderingTerms/cac:AppealTerms/cac:AppealReceiverParty/cac:PartyIdentification/cbc:ID', 'value': 'ORG-0002'}, {'xpath': 'PriorInformationNotice/cac:ProcurementProjectLot/cac:TenderingTerms/cac:AppealTerms/cac:AppealReceiverParty/cac:PartyIdentification/cbc:ID', 'value': 'ORG-0002'}, {'xpath': 'PriorInformationNotice/cac:ProcurementProjectLot/cac:TenderingTerms/cac:AppealTerms/cac:AppealReceiverParty/cac:PartyIdentification/cbc:ID', 'value': 'ORG-0002'}, {'xpath': 'PriorInformationNotice/cac:ProcurementProjectLot/cac:TenderingTerms/cac:AppealTerms/cac:AppealReceiverParty/cac:PartyIdentification/cbc:ID', 'value': 'ORG-0002'}, {'xpath': 'PriorInformationNotice/cac:ProcurementProjectLot/cac:TenderingTerms/cac:AppealTerms/cac:AppealReceiverParty/cac:PartyIdentification/cbc:ID', 'value': 'ORG-0002'}, {'xpath': 'PriorInformationNotice/cac:ProcurementProjectLot/cac:TenderingTerms/cac:AppealTerms/cac:AppealReceiverParty/cac:PartyIdentification/cbc:ID', 'value': 'ORG-0002'}, {'xpath': 'PriorInformationNotice/cac:ProcurementProjectLot/cac:TenderingTerms/cac:AppealTerms/cac:AppealReceiverParty/cac:PartyIdentification/cbc:ID', 'value': 'ORG-0002'}, {'xpath': 'PriorInformationNotice/cac:ProcurementProjectLot/cac:TenderingTerms/cac:AppealTerms/cac:AppealReceiverParty/cac:PartyIdentification/cbc:ID', 'value': 'ORG-0002'}]}, {'test_data_suite_oid': '6809839e9090eed3decccd14', 'test_data_suite_id': 'sdk_examples_pin-1.3', 'test_data_oid': '6809839e9090eed3decccd1d', 'test_data_id': 'pin-only_24_maximal', 'xpaths': [{'xpath': 'PriorInformationNotice/cac:ProcurementProjectLot/cac:TenderingTerms/cac:AppealTerms/cac:AppealReceiverParty/cac:PartyIdentification/cbc:ID', 'value': 'ORG-0007'}]}, {'test_data_suite_oid': '6809839e9090eed3decccd14', 'test_data_suite_id': 'sdk_examples_pin-1.3', 'test_data_oid': '6809839e9090eed3decccd1e', 'test_data_id': 'pin-only_fin-reg', 'xpaths': [{'xpath': 'PriorInformationNotice/cac:ProcurementProjectLot/cac:TenderingTerms/cac:AppealTerms/cac:AppealReceiverParty/cac:PartyIdentification/cbc:ID', 'value': 'ORG-0002'}]}, {'test_data_suite_oid': '6809839e9090eed3decccd14', 'test_data_suite_id': 'sdk_examples_pin-1.3', 'test_data_oid': '6809839e9090eed3decccd21', 'test_data_id': 'pin-only_24', 'xpaths': [{'xpath': 'PriorInformationNotice/cac:ProcurementProjectLot/cac:TenderingTerms/cac:AppealTerms/cac:AppealReceiverParty/cac:PartyIdentification/cbc:ID', 'value': 'ORG-0002'}]}], 'is_covered': True, 'xpath_conditions': [{'xpath_condition': '', 'meets_xpath_condition': True}, {'xpath_condition': ""cac:AppealReceiverParty/cac:PartyIdentification/cbc:ID/@schemeName='touchpoint' or exists(cac:AppealReceiverParty/cac:PartyIdentification/cbc:ID[starts-with(text(), 'TPO-')])"", 'meets_xpath_condition': False}], 'message': None}"
582,2025-04-24 00:48:48.746065+00:00,"{'sdk_element_id': 'OPT-301-Part-ReviewInfo', 'sdk_element_title': 'Review Info Provider Technical Identifier Reference', 'sdk_element_xpath': ""/*/cac:ProcurementProjectLot[cbc:ID/@schemeName='Part']/cac:TenderingTerms/cac:AppealTerms/cac:AppealInformationParty/cac:PartyIdentification/cbc:ID"", 'test_data_xpaths': [{'test_data_suite_oid': '6809839e9090eed3decccd14', 'test_data_suite_id': 'sdk_examples_pin-1.3', 'test_data_oid': '6809839e9090eed3decccd1c', 'test_data_id': 'pin-only_24_lots', 'xpaths': [{'xpath': 'PriorInformationNotice/cac:ProcurementProjectLot/cac:TenderingTerms/cac:AppealTerms/cac:AppealInformationParty/cac:PartyIdentification/cbc:ID', 'value': 'ORG-0001'}, {'xpath': 'PriorInformationNotice/cac:ProcurementProjectLot/cac:TenderingTerms/cac:AppealTerms/cac:AppealInformationParty/cac:PartyIdentification/cbc:ID', 'value': 'ORG-0001'}, {'xpath': 'PriorInformationNotice/cac:ProcurementProjectLot/cac:TenderingTerms/cac:AppealTerms/cac:AppealInformationParty/cac:PartyIdentification/cbc:ID', 'value': 'ORG-0001'}, {'xpath': 'PriorInformationNotice/cac:ProcurementProjectLot/cac:TenderingTerms/cac:AppealTerms/cac:AppealInformationParty/cac:PartyIdentification/cbc:ID', 'value': 'ORG-0001'}, {'xpath': 'PriorInformationNotice/cac:ProcurementProjectLot/cac:TenderingTerms/cac:AppealTerms/cac:AppealInformationParty/cac:PartyIdentification/cbc:ID', 'value': 'ORG-0001'}, {'xpath': 'PriorInformationNotice/cac:ProcurementProjectLot/cac:TenderingTerms/cac:AppealTerms/cac:AppealInformationParty/cac:PartyIdentification/cbc:ID', 'value': 'ORG-0001'}, {'xpath': 'PriorInformationNotice/cac:ProcurementProjectLot/cac:TenderingTerms/cac:AppealTerms/cac:AppealInformationParty/cac:PartyIdentification/cbc:ID', 'value': 'ORG-0001'}, {'xpath': 'PriorInformationNotice/cac:ProcurementProjectLot/cac:TenderingTerms/cac:AppealTerms/cac:AppealInformationParty/cac:PartyIdentification/cbc:ID', 'value': 'ORG-0001'}, {'xpath': 'PriorInformationNotice/cac:ProcurementProjectLot/cac:TenderingTerms/cac:AppealTerms/cac:AppealInformationParty/cac:PartyIdentification/cbc:ID', 'value': 'ORG-0001'}, {'xpath': 'PriorInformationNotice/cac:ProcurementProjectLot/cac:TenderingTerms/cac:AppealTerms/cac:AppealInformationParty/cac:PartyIdentification/cbc:ID', 'value': 'ORG-0001'}]}, {'test_data_suite_oid': '6809839e9090eed3decccd14', 'test_data_suite_id': 'sdk_examples_pin-1.3', 'test_data_oid': '6809839e9090eed3decccd1d', 'test_data_id': 'pin-only_24_maximal', 'xpaths': [{'xpath': 'PriorInformationNotice/cac:ProcurementProjectLot/cac:TenderingTerms/cac:AppealTerms/cac:AppealInformationParty/cac:PartyIdentification/cbc:ID', 'value': 'ORG-0006'}]}, {'test_data_suite_oid': '6809839e9090eed3decccd14', 'test_data_suite_id': 'sdk_examples_pin-1.3', 'test_data_oid': '6809839e9090eed3decccd1e', 'test_data_id': 'pin-only_fin-reg', 'xpaths': [{'xpath': 'PriorInformationNotice/cac:ProcurementProjectLot/cac:TenderingTerms/cac:AppealTerms/cac:AppealInformationParty/cac:PartyIdentification/cbc:ID', 'value': 'ORG-0001'}]}, {'test_data_suite_oid': '6809839e9090eed3decccd14', 'test_data_suite_id': 'sdk_examples_pin-1.3', 'test_data_oid': '6809839e9090eed3decccd21', 'test_data_id': 'pin-only_24', 'xpaths': [{'xpath': 'PriorInformationNotice/cac:ProcurementProjectLot/cac:TenderingTerms/cac:AppealTerms/cac:AppealInformationParty/cac:PartyIdentification/cbc:ID', 'value': 'ORG-0001'}]}], 'is_covered': True, 'xpath_conditions': [{'xpath_condition': '', 'meets_xpath_condition': True}, {'xpath_condition': ""cac:AppealInformationParty/cac:PartyIdentification/cbc:ID/@schemeName='touchpoint' or exists(cac:AppealInformationParty/cac:PartyIdentification/cbc:ID[starts-with(text(), 'TPO-')])"", 'meets_xpath_condition': False}], 'message': None}"
583,2025-04-24 00:48:48.746065+00:00,"{'sdk_element_id': 'OPT-301-Part-Mediator', 'sdk_element_title': 'Mediator Technical Identifier Reference', 'sdk_element_xpath': ""/*/cac:ProcurementProjectLot[cbc:ID/@schemeName='Part']/cac:TenderingTerms/cac:AppealTerms/cac:MediationParty/cac:PartyIdentification/cbc:ID"", 'test_data_xpaths': [{'test_data_suite_oid': '6809839e9090eed3decccd14', 'test_data_suite_id': 'sdk_examples_pin-1.3', 'test_data_oid': '6809839e9090eed3decccd1b', 'test_data_id': 'pin-only_81_FRA', 'xpaths': [{'xpath': 'PriorInformationNotice/cac:ProcurementProjectLot/cac:TenderingTerms/cac:AppealTerms/cac:MediationParty/cac:PartyIdentification/cbc:ID', 'value': 'ORG-0001'}]}, {'test_data_suite_oid': '6809839e9090eed3decccd14', 'test_data_suite_id': 'sdk_examples_pin-1.3', 'test_data_oid': '6809839e9090eed3decccd1c', 'test_data_id': 'pin-only_24_lots', 'xpaths': [{'xpath': 'PriorInformationNotice/cac:ProcurementProjectLot/cac:TenderingTerms/cac:AppealTerms/cac:MediationParty/cac:PartyIdentification/cbc:ID', 'value': 'ORG-0002'}, {'xpath': 'PriorInformationNotice/cac:ProcurementProjectLot/cac:TenderingTerms/cac:AppealTerms/cac:MediationParty/cac:PartyIdentification/cbc:ID', 'value': 'ORG-0002'}, {'xpath': 'PriorInformationNotice/cac:ProcurementProjectLot/cac:TenderingTerms/cac:AppealTerms/cac:MediationParty/cac:PartyIdentification/cbc:ID', 'value': 'ORG-0002'}, {'xpath': 'PriorInformationNotice/cac:ProcurementProjectLot/cac:TenderingTerms/cac:AppealTerms/cac:MediationParty/cac:PartyIdentification/cbc:ID', 'value': 'ORG-0002'}, {'xpath': 'PriorInformationNotice/cac:ProcurementProjectLot/cac:TenderingTerms/cac:AppealTerms/cac:MediationParty/cac:PartyIdentification/cbc:ID', 'value': 'ORG-0002'}, {'xpath': 'PriorInformationNotice/cac:ProcurementProjectLot/cac:TenderingTerms/cac:AppealTerms/cac:MediationParty/cac:PartyIdentification/cbc:ID', 'value': 'ORG-0002'}, {'xpath': 'PriorInformationNotice/cac:ProcurementProjectLot/cac:TenderingTerms/cac:AppealTerms/cac:MediationParty/cac:PartyIdentification/cbc:ID', 'value': 'ORG-0002'}, {'xpath': 'PriorInformationNotice/cac:ProcurementProjectLot/cac:TenderingTerms/cac:AppealTerms/cac:MediationParty/cac:PartyIdentification/cbc:ID', 'value': 'ORG-0002'}, {'xpath': 'PriorInformationNotice/cac:ProcurementProjectLot/cac:TenderingTerms/cac:AppealTerms/cac:MediationParty/cac:PartyIdentification/cbc:ID', 'value': 'ORG-0002'}, {'xpath': 'PriorInformationNotice/cac:ProcurementProjectLot/cac:TenderingTerms/cac:AppealTerms/cac:MediationParty/cac:PartyIdentification/cbc:ID', 'value': 'ORG-0002'}]}, {'test_data_suite_oid': '6809839e9090eed3decccd14', 'test_data_suite_id': 'sdk_examples_pin-1.3', 'test_data_oid': '6809839e9090eed3decccd1d', 'test_data_id': 'pin-only_24_maximal', 'xpaths': [{'xpath': 'PriorInformationNotice/cac:ProcurementProjectLot/cac:TenderingTerms/cac:AppealTerms/cac:MediationParty/cac:PartyIdentification/cbc:ID', 'value': 'ORG-0008'}]}, {'test_data_suite_oid': '6809839e9090eed3decccd14', 'test_data_suite_id': 'sdk_examples_pin-1.3', 'test_data_oid': '6809839e9090eed3decccd1e', 'test_data_id': 'pin-only_fin-reg', 'xpaths': [{'xpath': 'PriorInformationNotice/cac:ProcurementProjectLot/cac:TenderingTerms/cac:AppealTerms/cac:MediationParty/cac:PartyIdentification/cbc:ID', 'value': 'ORG-0002'}]}, {'test_data_suite_oid': '6809839e9090eed3decccd14', 'test_data_suite_id': 'sdk_examples_pin-1.3', 'test_data_oid': '6809839e9090eed3decccd21', 'test_data_id': 'pin-only_24', 'xpaths': [{'xpath': 'PriorInformationNotice/cac:ProcurementProjectLot/cac:TenderingTerms/cac:AppealTerms/cac:MediationParty/cac:PartyIdentification/cbc:ID', 'value': 'ORG-0002'}]}], 'is_covered': True, 'xpath_conditions': [{'xpath_condition': '', 'meets_xpath_condition': True}, {'xpath_condition': ""cac:MediationParty/cac:PartyIdentification/cbc:ID/@schemeName='touchpoint' or exists(cac:MediationParty/cac:PartyIdentification/cbc:ID[starts-with(text(), 'TPO-')])"", 'meets_xpath_condition': False}], 'message': None}"
584,2025-04-24 00:48:48.746065+00:00,"{'sdk_element_id': 'ND-ContractModification', 'sdk_element_title': None, 'sdk_element_xpath': '/*/ext:UBLExtensions/ext:UBLExtension/ext:ExtensionContent/efext:EformsExtension/efac:ContractModification', 'test_data_xpaths': [], 'is_covered': False, 'xpath_conditions': [{'xpath_condition': '', 'meets_xpath_condition': True}], 'message': None}"
585,2025-04-24 00:48:48.746065+00:00,"{'sdk_element_id': 'BT-1501(n)-Contract', 'sdk_element_title': 'Modification Previous Notice Identifier', 'sdk_element_xpath': '/*/ext:UBLExtensions/ext:UBLExtension/ext:ExtensionContent/efext:EformsExtension/efac:ContractModification/efbc:ChangedNoticeIdentifier', 'test_data_xpaths': [], 'is_covered': False, 'xpath_conditions': [{'xpath_condition': '', 'meets_xpath_condition': True}], 'message': None}"
586,2025-04-24 00:48:48.746065+00:00,"{'sdk_element_id': 'ND-ModificationReason', 'sdk_element_title': None, 'sdk_element_xpath': '/*/ext:UBLExtensions/ext:UBLExtension/ext:ExtensionContent/efext:EformsExtension/efac:ContractModification/efac:ChangeReason', 'test_data_xpaths': [], 'is_covered': False, 'xpath_conditions': [{'xpath_condition': 'exists(cbc:ReasonCode) or exists(efbc:ReasonDescription)', 'meets_xpath_condition': False}], 'message': None}"
587,2025-04-24 00:48:48.746065+00:00,"{'sdk_element_id': 'BT-200-Contract', 'sdk_element_title': 'Modification Reason Code', 'sdk_element_xpath': '/*/ext:UBLExtensions/ext:UBLExtension/ext:ExtensionContent/efext:EformsExtension/efac:ContractModification/efac:ChangeReason/cbc:ReasonCode', 'test_data_xpaths': [], 'is_covered': False, 'xpath_conditions': [{'xpath_condition': '', 'meets_xpath_condition': True}], 'message': None}"
588,2025-04-24 00:48:48.746065+00:00,"{'sdk_element_id': 'BT-201-Contract', 'sdk_element_title': 'Modification Reason Description', 'sdk_element_xpath': '/*/ext:UBLExtensions/ext:UBLExtension/ext:ExtensionContent/efext:EformsExtension/efac:ContractModification/efac:ChangeReason/efbc:ReasonDescription', 'test_data_xpaths': [], 'is_covered': False, 'xpath_conditions': [{'xpath_condition': '', 'meets_xpath_condition': True}], 'message': None}"
589,2025-04-24 00:48:48.746065+00:00,"{'sdk_element_id': 'BT-1501(s)-Contract', 'sdk_element_title': 'Modification Previous Notice Section Identifier', 'sdk_element_xpath': '/*/ext:UBLExtensions/ext:UBLExtension/ext:ExtensionContent/efext:EformsExtension/efac:ContractModification/efac:Change/efbc:ChangedSectionIdentifier', 'test_data_xpaths': [], 'is_covered': False, 'xpath_conditions': [{'xpath_condition': ""starts-with(efbc:ChangedSectionIdentifier/text(), 'CON')"", 'meets_xpath_condition': False}, {'xpath_condition': '', 'meets_xpath_condition': True}], 'message': None}"
590,2025-04-24 00:48:48.746065+00:00,"{'sdk_element_id': 'BT-202-Contract', 'sdk_element_title': 'Modification Description', 'sdk_element_xpath': '/*/ext:UBLExtensions/ext:UBLExtension/ext:ExtensionContent/efext:EformsExtension/efac:ContractModification/efac:Change/efbc:ChangeDescription', 'test_data_xpaths': [], 'is_covered': False, 'xpath_conditions': [{'xpath_condition': '', 'meets_xpath_condition': True}], 'message': None}"
591,2025-04-24 00:48:48.746065+00:00,"{'sdk_element_id': 'OPT-070-Lot', 'sdk_element_title': 'Reserved Execution justification', 'sdk_element_xpath': ""/*/cac:ProcurementProjectLot[cbc:ID/@schemeName='Lot']/cac:TenderingTerms/cac:ContractExecutionRequirement[cbc:ExecutionRequirementCode/@listName='reserved-execution']/cbc:Description"", 'test_data_xpaths': [], 'is_covered': False, 'xpath_conditions': [{'xpath_condition': '', 'meets_xpath_condition': True}], 'message': None}"
592,2025-04-24 00:48:48.746065+00:00,"{'sdk_element_id': 'OPP-040-Procedure', 'sdk_element_title': 'Main Nature - Sub Type', 'sdk_element_xpath': ""/*/cac:ProcurementProject/cac:ProcurementAdditionalType/cbc:ProcurementTypeCode[@listName='transport-service']"", 'test_data_xpaths': [{'test_data_suite_oid': '6809839e9090eed3decccd14', 'test_data_suite_id': 'sdk_examples_pin-1.3', 'test_data_oid': '6809839e9090eed3decccd15', 'test_data_id': 't01_PRT', 'xpaths': [{'xpath': 'PriorInformationNotice/cac:ProcurementProject/cac:ProcurementAdditionalType/cbc:ProcurementTypeCode', 'value': 'other'}]}], 'is_covered': True, 'xpath_conditions': [{'xpath_condition': '', 'meets_xpath_condition': True}], 'message': None}"
593,2025-04-24 00:48:48.746065+00:00,"{'sdk_element_id': 'ND-QualityTarget', 'sdk_element_title': None, 'sdk_element_xpath': ""/*/cac:ProcurementProjectLot[cbc:ID/@schemeName='Lot']/cac:TenderingTerms/cac:ContractExecutionRequirement[cbc:ExecutionRequirementCode/@listName='customer-service']"", 'test_data_xpaths': [], 'is_covered': False, 'xpath_conditions': [{'xpath_condition': '', 'meets_xpath_condition': True}], 'message': None}"
594,2025-04-24 00:48:48.746065+00:00,"{'sdk_element_id': 'OPT-071-Lot', 'sdk_element_title': 'Quality Target Code', 'sdk_element_xpath': ""/*/cac:ProcurementProjectLot[cbc:ID/@schemeName='Lot']/cac:TenderingTerms/cac:ContractExecutionRequirement[cbc:ExecutionRequirementCode/@listName='customer-service']/cbc:ExecutionRequirementCode"", 'test_data_xpaths': [], 'is_covered': False, 'xpath_conditions': [{'xpath_condition': '', 'meets_xpath_condition': True}], 'message': None}"
595,2025-04-24 00:48:48.746065+00:00,"{'sdk_element_id': 'OPT-072-Lot', 'sdk_element_title': 'Quality Target Description', 'sdk_element_xpath': ""/*/cac:ProcurementProjectLot[cbc:ID/@schemeName='Lot']/cac:TenderingTerms/cac:ContractExecutionRequirement[cbc:ExecutionRequirementCode/@listName='customer-service']/cbc:Description"", 'test_data_xpaths': [], 'is_covered': False, 'xpath_conditions': [{'xpath_condition': '', 'meets_xpath_condition': True}], 'message': None}"
596,2025-04-24 00:48:48.746065+00:00,"{'sdk_element_id': 'ND-ExtendedDurationJustification', 'sdk_element_title': None, 'sdk_element_xpath': '/*/ext:UBLExtensions/ext:UBLExtension/ext:ExtensionContent/efext:EformsExtension/efac:NoticeResult/efac:SettledContract/efac:DurationJustification', 'test_data_xpaths': [], 'is_covered': False, 'xpath_conditions': [{'xpath_condition': '', 'meets_xpath_condition': True}], 'message': None}"
597,2025-04-24 00:48:48.746065+00:00,"{'sdk_element_id': 'OPP-020-Contract', 'sdk_element_title': 'Assets related contract extension indicator', 'sdk_element_xpath': '/*/ext:UBLExtensions/ext:UBLExtension/ext:ExtensionContent/efext:EformsExtension/efac:NoticeResult/efac:SettledContract/efac:DurationJustification/efbc:ExtendedDurationIndicator', 'test_data_xpaths': [], 'is_covered': False, 'xpath_conditions': [{'xpath_condition': '', 'meets_xpath_condition': True}], 'message': None}"
598,2025-04-24 00:48:48.746065+00:00,"{'sdk_element_id': 'ND-AssetList', 'sdk_element_title': None, 'sdk_element_xpath': '/*/ext:UBLExtensions/ext:UBLExtension/ext:ExtensionContent/efext:EformsExtension/efac:NoticeResult/efac:SettledContract/efac:DurationJustification/efac:AssetsList', 'test_data_xpaths': [], 'is_covered': False, 'xpath_conditions': [{'xpath_condition': '', 'meets_xpath_condition': True}], 'message': None}"
599,2025-04-24 00:48:48.746065+00:00,"{'sdk_element_id': 'ND-Asset', 'sdk_element_title': None, 'sdk_element_xpath': '/*/ext:UBLExtensions/ext:UBLExtension/ext:ExtensionContent/efext:EformsExtension/efac:NoticeResult/efac:SettledContract/efac:DurationJustification/efac:AssetsList/efac:Asset', 'test_data_xpaths': [], 'is_covered': False, 'xpath_conditions': [{'xpath_condition': '', 'meets_xpath_condition': True}], 'message': None}"
600,2025-04-24 00:48:48.746065+00:00,"{'sdk_element_id': 'OPP-021-Contract', 'sdk_element_title': 'Used asset', 'sdk_element_xpath': '/*/ext:UBLExtensions/ext:UBLExtension/ext:ExtensionContent/efext:EformsExtension/efac:NoticeResult/efac:SettledContract/efac:DurationJustification/efac:AssetsList/efac:Asset/efbc:AssetDescription', 'test_data_xpaths': [], 'is_covered': False, 'xpath_conditions': [{'xpath_condition': '', 'meets_xpath_condition': True}], 'message': None}"
601,2025-04-24 00:48:48.746065+00:00,"{'sdk_element_id': 'OPP-022-Contract', 'sdk_element_title': 'Significance (%)', 'sdk_element_xpath': '/*/ext:UBLExtensions/ext:UBLExtension/ext:ExtensionContent/efext:EformsExtension/efac:NoticeResult/efac:SettledContract/efac:DurationJustification/efac:AssetsList/efac:Asset/efbc:AssetSignificance', 'test_data_xpaths': [], 'is_covered': False, 'xpath_conditions': [{'xpath_condition': '', 'meets_xpath_condition': True}], 'message': None}"
602,2025-04-24 00:48:48.746065+00:00,"{'sdk_element_id': 'OPP-023-Contract', 'sdk_element_title': 'Predominance (%)', 'sdk_element_xpath': '/*/ext:UBLExtensions/ext:UBLExtension/ext:ExtensionContent/efext:EformsExtension/efac:NoticeResult/efac:SettledContract/efac:DurationJustification/efac:AssetsList/efac:Asset/efbc:AssetPredominance', 'test_data_xpaths': [], 'is_covered': False, 'xpath_conditions': [{'xpath_condition': '', 'meets_xpath_condition': True}], 'message': None}"
603,2025-04-24 00:48:48.746065+00:00,"{'sdk_element_id': 'OPP-080-Tender', 'sdk_element_title': 'Kilometers Public Transport', 'sdk_element_xpath': '/*/ext:UBLExtensions/ext:UBLExtension/ext:ExtensionContent/efext:EformsExtension/efac:NoticeResult/efac:LotTender/efbc:PublicTransportationCumulatedDistance', 'test_data_xpaths': [], 'is_covered': False, 'xpath_conditions': [{'xpath_condition': '', 'meets_xpath_condition': True}], 'message': None}"
604,2025-04-24 00:48:48.746065+00:00,"{'sdk_element_id': 'ND-RevenueAllocation', 'sdk_element_title': None, 'sdk_element_xpath': ""/*/ext:UBLExtensions/ext:UBLExtension/ext:ExtensionContent/efext:EformsExtension/efac:NoticeResult/efac:LotTender/efac:ContractTerm[efbc:TermCode/text()='all-rev-tic']"", 'test_data_xpaths': [], 'is_covered': False, 'xpath_conditions': [{'xpath_condition': '', 'meets_xpath_condition': True}], 'message': None}"
605,2025-04-24 00:48:48.746065+00:00,"{'sdk_element_id': 'OPP-032-Tender', 'sdk_element_title': 'Revenues Allocation', 'sdk_element_xpath': ""/*/ext:UBLExtensions/ext:UBLExtension/ext:ExtensionContent/efext:EformsExtension/efac:NoticeResult/efac:LotTender/efac:ContractTerm[efbc:TermCode/text()='all-rev-tic']/efbc:TermPercent"", 'test_data_xpaths': [], 'is_covered': False, 'xpath_conditions': [{'xpath_condition': '', 'meets_xpath_condition': True}], 'message': None}"
606,2025-04-24 00:48:48.746065+00:00,"{'sdk_element_id': 'ND-OtherContractExecutionConditions', 'sdk_element_title': None, 'sdk_element_xpath': ""/*/ext:UBLExtensions/ext:UBLExtension/ext:ExtensionContent/efext:EformsExtension/efac:NoticeResult/efac:LotTender/efac:ContractTerm[not(efbc:TermCode/text()='all-rev-tic')][efbc:TermCode/@listName='contract-detail']"", 'test_data_xpaths': [], 'is_covered': False, 'xpath_conditions': [{'xpath_condition': '', 'meets_xpath_condition': True}], 'message': None}"
607,2025-04-24 00:48:48.746065+00:00,"{'sdk_element_id': 'OPP-030-Tender', 'sdk_element_title': 'Contract conditions Code', 'sdk_element_xpath': ""/*/ext:UBLExtensions/ext:UBLExtension/ext:ExtensionContent/efext:EformsExtension/efac:NoticeResult/efac:LotTender/efac:ContractTerm[not(efbc:TermCode/text()='all-rev-tic')][efbc:TermCode/@listName='contract-detail']/efbc:TermCode"", 'test_data_xpaths': [], 'is_covered': False, 'xpath_conditions': [{'xpath_condition': '', 'meets_xpath_condition': True}], 'message': None}"
608,2025-04-24 00:48:48.746065+00:00,"{'sdk_element_id': 'OPP-031-Tender', 'sdk_element_title': 'Contract Conditions Description (other than revenue allocation)', 'sdk_element_xpath': ""/*/ext:UBLExtensions/ext:UBLExtension/ext:ExtensionContent/efext:EformsExtension/efac:NoticeResult/efac:LotTender/efac:ContractTerm[not(efbc:TermCode/text()='all-rev-tic')][efbc:TermCode/@listName='contract-detail']/efbc:TermDescription"", 'test_data_xpaths': [], 'is_covered': False, 'xpath_conditions': [{'xpath_condition': '', 'meets_xpath_condition': True}], 'message': None}"
609,2025-04-24 00:48:48.746065+00:00,"{'sdk_element_id': 'ND-RewardsPenalties', 'sdk_element_title': None, 'sdk_element_xpath': ""/*/ext:UBLExtensions/ext:UBLExtension/ext:ExtensionContent/efext:EformsExtension/efac:NoticeResult/efac:LotTender/efac:ContractTerm[efbc:TermCode/@listName='rewards-penalties']"", 'test_data_xpaths': [], 'is_covered': False, 'xpath_conditions': [{'xpath_condition': '', 'meets_xpath_condition': True}], 'message': None}"
610,2025-04-24 00:48:48.746065+00:00,"{'sdk_element_id': 'OPP-033-Tender', 'sdk_element_title': 'Penalties and Rewards Code', 'sdk_element_xpath': ""/*/ext:UBLExtensions/ext:UBLExtension/ext:ExtensionContent/efext:EformsExtension/efac:NoticeResult/efac:LotTender/efac:ContractTerm[efbc:TermCode/@listName='rewards-penalties']/efbc:TermCode"", 'test_data_xpaths': [], 'is_covered': False, 'xpath_conditions': [{'xpath_condition': '', 'meets_xpath_condition': True}], 'message': None}"
611,2025-04-24 00:48:48.746065+00:00,"{'sdk_element_id': 'OPP-034-Tender', 'sdk_element_title': 'Penalties and Rewards Description', 'sdk_element_xpath': ""/*/ext:UBLExtensions/ext:UBLExtension/ext:ExtensionContent/efext:EformsExtension/efac:NoticeResult/efac:LotTender/efac:ContractTerm[efbc:TermCode/@listName='rewards-penalties']/efbc:TermDescription"", 'test_data_xpaths': [], 'is_covered': False, 'xpath_conditions': [{'xpath_condition': '', 'meets_xpath_condition': True}], 'message': None}"
612,2025-04-24 00:48:48.746065+00:00,"{'sdk_element_id': 'BT-1118-NoticeResult-Currency', 'sdk_element_title': 'Notice Framework Approximate Value Currency', 'sdk_element_xpath': '/*/ext:UBLExtensions/ext:UBLExtension/ext:ExtensionContent/efext:EformsExtension/efac:NoticeResult/efbc:OverallApproximateFrameworkContractsAmount/@currencyID', 'test_data_xpaths': [], 'is_covered': False, 'xpath_conditions': [{'xpath_condition': ""not( exists(efac:FieldsPrivacy[efbc:FieldIdentifierCode/text()='not-app-val']) and efbc:OverallApproximateFrameworkContractsAmount/text() = '-1' )"", 'meets_xpath_condition': True}], 'message': None}"
613,2025-04-24 00:48:48.746065+00:00,"{'sdk_element_id': 'BT-118-NoticeResult-Currency', 'sdk_element_title': 'Notice Framework Maximum Value Currency', 'sdk_element_xpath': '/*/ext:UBLExtensions/ext:UBLExtension/ext:ExtensionContent/efext:EformsExtension/efac:NoticeResult/efbc:OverallMaximumFrameworkContractsAmount/@currencyID', 'test_data_xpaths': [], 'is_covered': False, 'xpath_conditions': [{'xpath_condition': ""not( exists(efac:FieldsPrivacy[efbc:FieldIdentifierCode/text()='not-max-val']) and efbc:OverallMaximumFrameworkContractsAmount/text() = '-1' )"", 'meets_xpath_condition': True}], 'message': None}"
614,2025-04-24 00:48:48.746065+00:00,"{'sdk_element_id': 'BT-156-NoticeResult-Currency', 'sdk_element_title': 'Group Framework Maximum Value Currency', 'sdk_element_xpath': '/*/ext:UBLExtensions/ext:UBLExtension/ext:ExtensionContent/efext:EformsExtension/efac:NoticeResult/efac:GroupFramework/efbc:GroupFrameworkMaximumValueAmount/@currencyID', 'test_data_xpaths': [], 'is_covered': False, 'xpath_conditions': [{'xpath_condition': ""not( exists(efac:FieldsPrivacy[efbc:FieldIdentifierCode/text()='gro-max-val']) and efbc:GroupFrameworkMaximumValueAmount/text() = '-1' )"", 'meets_xpath_condition': True}], 'message': None}"
615,2025-04-24 00:48:48.746065+00:00,"{'sdk_element_id': 'BT-1561-NoticeResult-Currency', 'sdk_element_title': 'Group Framework Re-estimated Value Currency', 'sdk_element_xpath': '/*/ext:UBLExtensions/ext:UBLExtension/ext:ExtensionContent/efext:EformsExtension/efac:NoticeResult/efac:GroupFramework/efbc:GroupFrameworkReestimatedValueAmount/@currencyID', 'test_data_xpaths': [], 'is_covered': False, 'xpath_conditions': [{'xpath_condition': ""not( exists(efac:FieldsPrivacy[efbc:FieldIdentifierCode/text()='not-ree-val']) and efbc:GroupFrameworkReestimatedValueAmount/text() = '-1' )"", 'meets_xpath_condition': True}], 'message': None}"
616,2025-04-24 00:48:48.746065+00:00,"{'sdk_element_id': 'BT-157-LotsGroup-Currency', 'sdk_element_title': 'Group Framework Maximum Value Currency', 'sdk_element_xpath': ""/*/cac:ProcurementProjectLot[cbc:ID/@schemeName='LotsGroup']/cac:TenderingProcess/cac:FrameworkAgreement/cbc:EstimatedMaximumValueAmount/@currencyID"", 'test_data_xpaths': [], 'is_covered': False, 'xpath_conditions': [{'xpath_condition': '', 'meets_xpath_condition': True}], 'message': None}"
617,2025-04-24 00:48:48.746065+00:00,"{'sdk_element_id': 'BT-160-Tender-Currency', 'sdk_element_title': 'Concession Revenue Buyer Currency', 'sdk_element_xpath': '/*/ext:UBLExtensions/ext:UBLExtension/ext:ExtensionContent/efext:EformsExtension/efac:NoticeResult/efac:LotTender/efac:ConcessionRevenue/efbc:RevenueBuyerAmount/@currencyID', 'test_data_xpaths': [], 'is_covered': False, 'xpath_conditions': [{'xpath_condition': ""not( exists(efac:FieldsPrivacy[efbc:FieldIdentifierCode/text()='con-rev-buy']) and efbc:RevenueBuyerAmount/text() = '-1' )"", 'meets_xpath_condition': True}], 'message': None}"
618,2025-04-24 00:48:48.746065+00:00,"{'sdk_element_id': 'BT-161-NoticeResult-Currency', 'sdk_element_title': 'Notice Value Currency', 'sdk_element_xpath': '/*/ext:UBLExtensions/ext:UBLExtension/ext:ExtensionContent/efext:EformsExtension/efac:NoticeResult/cbc:TotalAmount/@currencyID', 'test_data_xpaths': [], 'is_covered': False, 'xpath_conditions': [{'xpath_condition': ""not( exists(efac:FieldsPrivacy[efbc:FieldIdentifierCode/text()='not-val']) and cbc:TotalAmount/text() = '-1' )"", 'meets_xpath_condition': True}], 'message': None}"
619,2025-04-24 00:48:48.746065+00:00,"{'sdk_element_id': 'BT-162-Tender-Currency', 'sdk_element_title': 'Concession Revenue User Currency', 'sdk_element_xpath': '/*/ext:UBLExtensions/ext:UBLExtension/ext:ExtensionContent/efext:EformsExtension/efac:NoticeResult/efac:LotTender/efac:ConcessionRevenue/efbc:RevenueUserAmount/@currencyID', 'test_data_xpaths': [], 'is_covered': False, 'xpath_conditions': [{'xpath_condition': ""not( exists(efac:FieldsPrivacy[efbc:FieldIdentifierCode/text()='con-rev-use']) and efbc:RevenueUserAmount/text() = '-1' )"", 'meets_xpath_condition': True}], 'message': None}"
620,2025-04-24 00:48:48.746065+00:00,"{'sdk_element_id': 'BT-19-Lot-List', 'sdk_element_title': 'Submission Nonelectronic Justification Listname', 'sdk_element_xpath': ""/*/cac:ProcurementProjectLot[cbc:ID/@schemeName='Lot']/cac:TenderingProcess/cac:ProcessJustification[cbc:ProcessReasonCode/@listName='no-esubmission-justification']/cbc:ProcessReasonCode/@listName"", 'test_data_xpaths': [], 'is_covered': False, 'xpath_conditions': [{'xpath_condition': '', 'meets_xpath_condition': True}], 'message': None}"
621,2025-04-24 00:48:48.746065+00:00,"{'sdk_element_id': 'BT-27-Lot-Currency', 'sdk_element_title': 'Estimated Value Currency', 'sdk_element_xpath': ""/*/cac:ProcurementProjectLot[cbc:ID/@schemeName='Lot']/cac:ProcurementProject/cac:RequestedTenderTotal/cbc:EstimatedOverallContractAmount/@currencyID"", 'test_data_xpaths': [], 'is_covered': False, 'xpath_conditions': [{'xpath_condition': '', 'meets_xpath_condition': True}], 'message': None}"
622,2025-04-24 00:48:48.746065+00:00,"{'sdk_element_id': 'BT-27-LotsGroup-Currency', 'sdk_element_title': 'Estimated Value Currency', 'sdk_element_xpath': ""/*/cac:ProcurementProjectLot[cbc:ID/@schemeName='LotsGroup']/cac:ProcurementProject/cac:RequestedTenderTotal/cbc:EstimatedOverallContractAmount/@currencyID"", 'test_data_xpaths': [], 'is_covered': False, 'xpath_conditions': [{'xpath_condition': '', 'meets_xpath_condition': True}], 'message': None}"
623,2025-04-24 00:48:48.746065+00:00,"{'sdk_element_id': 'BT-27-Part-Currency', 'sdk_element_title': 'Estimated Value Currency', 'sdk_element_xpath': ""/*/cac:ProcurementProjectLot[cbc:ID/@schemeName='Part']/cac:ProcurementProject/cac:RequestedTenderTotal/cbc:EstimatedOverallContractAmount/@currencyID"", 'test_data_xpaths': [{'test_data_suite_oid': '6809839e9090eed3decccd14', 'test_data_suite_id': 'sdk_examples_pin-1.3', 'test_data_oid': '6809839e9090eed3decccd1d', 'test_data_id': 'pin-only_24_maximal', 'xpaths': [{'xpath': 'PriorInformationNotice/cac:ProcurementProjectLot/cac:ProcurementProject/cac:RequestedTenderTotal/cbc:EstimatedOverallContractAmount/currencyID', 'value': 'EUR'}]}], 'is_covered': True, 'xpath_conditions': [{'xpath_condition': '', 'meets_xpath_condition': True}], 'message': None}"
624,2025-04-24 00:48:48.746065+00:00,"{'sdk_element_id': 'BT-27-Procedure-Currency', 'sdk_element_title': 'Estimated Value Currency', 'sdk_element_xpath': '/*/cac:ProcurementProject/cac:RequestedTenderTotal/cbc:EstimatedOverallContractAmount/@currencyID', 'test_data_xpaths': [{'test_data_suite_oid': '6809839e9090eed3decccd14', 'test_data_suite_id': 'sdk_examples_pin-1.3', 'test_data_oid': '6809839e9090eed3decccd1c', 'test_data_id': 'pin-only_24_lots', 'xpaths': [{'xpath': 'PriorInformationNotice/cac:ProcurementProject/cac:RequestedTenderTotal/cbc:EstimatedOverallContractAmount/currencyID', 'value': 'EUR'}]}, {'test_data_suite_oid': '6809839e9090eed3decccd14', 'test_data_suite_id': 'sdk_examples_pin-1.3', 'test_data_oid': '6809839e9090eed3decccd1d', 'test_data_id': 'pin-only_24_maximal', 'xpaths': [{'xpath': 'PriorInformationNotice/cac:ProcurementProject/cac:RequestedTenderTotal/cbc:EstimatedOverallContractAmount/currencyID', 'value': 'EUR'}]}, {'test_data_suite_oid': '6809839e9090eed3decccd14', 'test_data_suite_id': 'sdk_examples_pin-1.3', 'test_data_oid': '6809839e9090eed3decccd1e', 'test_data_id': 'pin-only_fin-reg', 'xpaths': [{'xpath': 'PriorInformationNotice/cac:ProcurementProject/cac:RequestedTenderTotal/cbc:EstimatedOverallContractAmount/currencyID', 'value': 'EUR'}]}, {'test_data_suite_oid': '6809839e9090eed3decccd14', 'test_data_suite_id': 'sdk_examples_pin-1.3', 'test_data_oid': '6809839e9090eed3decccd21', 'test_data_id': 'pin-only_24', 'xpaths': [{'xpath': 'PriorInformationNotice/cac:ProcurementProject/cac:RequestedTenderTotal/cbc:EstimatedOverallContractAmount/currencyID', 'value': 'EUR'}]}], 'is_covered': True, 'xpath_conditions': [{'xpath_condition': '', 'meets_xpath_condition': True}], 'message': None}"
625,2025-04-24 00:48:48.746065+00:00,"{'sdk_element_id': 'BT-271-Lot-Currency', 'sdk_element_title': 'Framework Maximum Value Currency', 'sdk_element_xpath': ""/*/cac:ProcurementProjectLot[cbc:ID/@schemeName='Lot']/cac:ProcurementProject/cac:RequestedTenderTotal/ext:UBLExtensions/ext:UBLExtension/ext:ExtensionContent/efext:EformsExtension/efbc:FrameworkMaximumAmount/@currencyID"", 'test_data_xpaths': [], 'is_covered': False, 'xpath_conditions': [{'xpath_condition': '', 'meets_xpath_condition': True}], 'message': None}"
626,2025-04-24 00:48:48.746065+00:00,"{'sdk_element_id': 'BT-271-LotsGroup-Currency', 'sdk_element_title': 'Framework Maximum Value Currency', 'sdk_element_xpath': ""/*/cac:ProcurementProjectLot[cbc:ID/@schemeName='LotsGroup']/cac:ProcurementProject/cac:RequestedTenderTotal/ext:UBLExtensions/ext:UBLExtension/ext:ExtensionContent/efext:EformsExtension/efbc:FrameworkMaximumAmount/@currencyID"", 'test_data_xpaths': [], 'is_covered': False, 'xpath_conditions': [{'xpath_condition': '', 'meets_xpath_condition': True}], 'message': None}"
627,2025-04-24 00:48:48.746065+00:00,"{'sdk_element_id': 'BT-271-Procedure-Currency', 'sdk_element_title': 'Framework Maximum Value Currency', 'sdk_element_xpath': '/*/cac:ProcurementProject/cac:RequestedTenderTotal/ext:UBLExtensions/ext:UBLExtension/ext:ExtensionContent/efext:EformsExtension/efbc:FrameworkMaximumAmount/@currencyID', 'test_data_xpaths': [], 'is_covered': False, 'xpath_conditions': [{'xpath_condition': '', 'meets_xpath_condition': True}], 'message': None}"
628,2025-04-24 00:48:48.746065+00:00,"{'sdk_element_id': 'BT-553-Tender-Currency', 'sdk_element_title': 'Subcontracting Value Currency', 'sdk_element_xpath': ""/*/ext:UBLExtensions/ext:UBLExtension/ext:ExtensionContent/efext:EformsExtension/efac:NoticeResult/efac:LotTender/efac:SubcontractingTerm[efbc:TermCode/@listName='applicability']/efbc:TermAmount/@currencyID"", 'test_data_xpaths': [], 'is_covered': False, 'xpath_conditions': [{'xpath_condition': ""not( exists(efac:FieldsPrivacy[efbc:FieldIdentifierCode/text()='sub-val']) and efbc:TermAmount/text() = '-1' )"", 'meets_xpath_condition': True}], 'message': None}"
629,2025-04-24 00:48:48.746065+00:00,"{'sdk_element_id': 'BT-644-Lot-Currency', 'sdk_element_title': 'Prize Value Currency', 'sdk_element_xpath': ""/*/cac:ProcurementProjectLot[cbc:ID/@schemeName='Lot']/cac:TenderingTerms/cac:AwardingTerms/cac:Prize/cbc:ValueAmount/@currencyID"", 'test_data_xpaths': [], 'is_covered': False, 'xpath_conditions': [{'xpath_condition': '', 'meets_xpath_condition': True}], 'message': None}"
630,2025-04-24 00:48:48.746065+00:00,"{'sdk_element_id': 'BT-660-LotResult-Currency', 'sdk_element_title': 'Framework Re-estimated Value Currency', 'sdk_element_xpath': '/*/ext:UBLExtensions/ext:UBLExtension/ext:ExtensionContent/efext:EformsExtension/efac:NoticeResult/efac:LotResult/efac:FrameworkAgreementValues/efbc:ReestimatedValueAmount/@currencyID', 'test_data_xpaths': [], 'is_covered': False, 'xpath_conditions': [{'xpath_condition': ""not( exists(efac:FieldsPrivacy[efbc:FieldIdentifierCode/text()='ree-val']) and efbc:ReestimatedValueAmount/text() = '-1' )"", 'meets_xpath_condition': True}], 'message': None}"
631,2025-04-24 00:48:48.746065+00:00,"{'sdk_element_id': 'BT-67(a)-Procedure-List', 'sdk_element_title': 'Exclusion Grounds Listname', 'sdk_element_xpath': ""/*/cac:TenderingTerms/cac:TendererQualificationRequest/cac:SpecificTendererRequirement/cbc:TendererRequirementTypeCode[@listName='exclusion-ground']/@listName"", 'test_data_xpaths': [{'test_data_suite_oid': '6809839e9090eed3decccd14', 'test_data_suite_id': 'sdk_examples_pin-1.3', 'test_data_oid': '6809839e9090eed3decccd19', 'test_data_id': 'CEI', 'xpaths': [{'xpath': 'PriorInformationNotice/cac:TenderingTerms/cac:TendererQualificationRequest/cac:SpecificTendererRequirement/cbc:TendererRequirementTypeCode/listName', 'value': 'exclusion-ground'}]}], 'is_covered': True, 'xpath_conditions': [{'xpath_condition': '', 'meets_xpath_condition': True}], 'message': None}"
632,2025-04-24 00:48:48.746065+00:00,"{'sdk_element_id': 'BT-67(b)-Procedure-Language', 'sdk_element_title': 'Exclusion Grounds Language', 'sdk_element_xpath': '/*/cac:TenderingTerms/cac:TendererQualificationRequest/cac:SpecificTendererRequirement/cbc:Description/@languageID', 'test_data_xpaths': [{'test_data_suite_oid': '6809839e9090eed3decccd14', 'test_data_suite_id': 'sdk_examples_pin-1.3', 'test_data_oid': '6809839e9090eed3decccd19', 'test_data_id': 'CEI', 'xpaths': [{'xpath': 'PriorInformationNotice/cac:TenderingTerms/cac:TendererQualificationRequest/cac:SpecificTendererRequirement/cbc:Description/languageID', 'value': 'ENG'}]}], 'is_covered': True, 'xpath_conditions': [{'xpath_condition': '', 'meets_xpath_condition': True}], 'message': None}"
633,2025-04-24 00:48:48.746065+00:00,"{'sdk_element_id': 'BT-709-LotResult-Currency', 'sdk_element_title': 'Framework Maximum Value Currency', 'sdk_element_xpath': '/*/ext:UBLExtensions/ext:UBLExtension/ext:ExtensionContent/efext:EformsExtension/efac:NoticeResult/efac:LotResult/efac:FrameworkAgreementValues/cbc:MaximumValueAmount/@currencyID', 'test_data_xpaths': [], 'is_covered': False, 'xpath_conditions': [{'xpath_condition': ""not( exists(efac:FieldsPrivacy[efbc:FieldIdentifierCode/text()='max-val']) and cbc:MaximumValueAmount/text() = '-1' )"", 'meets_xpath_condition': True}], 'message': None}"
634,2025-04-24 00:48:48.746065+00:00,"{'sdk_element_id': 'BT-71-Lot-List', 'sdk_element_title': 'Reserved Participation Listname', 'sdk_element_xpath': ""/*/cac:ProcurementProjectLot[cbc:ID/@schemeName='Lot']/cac:TenderingTerms/cac:TendererQualificationRequest[not(cbc:CompanyLegalFormCode)][not(cac:SpecificTendererRequirement/cbc:TendererRequirementTypeCode[@listName='missing-info-submission'])]/cac:SpecificTendererRequirement[cbc:TendererRequirementTypeCode/@listName='reserved-procurement']/cbc:TendererRequirementTypeCode/@listName"", 'test_data_xpaths': [{'test_data_suite_oid': '6809839e9090eed3decccd14', 'test_data_suite_id': 'sdk_examples_pin-1.3', 'test_data_oid': '6809839e9090eed3decccd18', 'test_data_id': 'qu-sy_25', 'xpaths': [{'xpath': 'PriorInformationNotice/cac:ProcurementProjectLot/cac:TenderingTerms/cac:TendererQualificationRequest/cac:SpecificTendererRequirement/cbc:TendererRequirementTypeCode/listName', 'value': 'reserved-procurement'}]}, {'test_data_suite_oid': '6809839e9090eed3decccd14', 'test_data_suite_id': 'sdk_examples_pin-1.3', 'test_data_oid': '6809839e9090eed3decccd1a', 'test_data_id': 'pin-cfc_25', 'xpaths': [{'xpath': 'PriorInformationNotice/cac:ProcurementProjectLot/cac:TenderingTerms/cac:TendererQualificationRequest/cac:SpecificTendererRequirement/cbc:TendererRequirementTypeCode/listName', 'value': 'reserved-procurement'}, {'xpath': 'PriorInformationNotice/cac:ProcurementProjectLot/cac:TenderingTerms/cac:TendererQualificationRequest/cac:SpecificTendererRequirement/cbc:TendererRequirementTypeCode/listName', 'value': 'reserved-procurement'}]}], 'is_covered': True, 'xpath_conditions': [{'xpath_condition': '', 'meets_xpath_condition': True}], 'message': None}"
635,2025-04-24 00:48:48.746065+00:00,"{'sdk_element_id': 'BT-71-Part-List', 'sdk_element_title': 'Reserved Participation Listname', 'sdk_element_xpath': ""/*/cac:ProcurementProjectLot[cbc:ID/@schemeName='Part']/cac:TenderingTerms/cac:TendererQualificationRequest[not(cbc:CompanyLegalFormCode)][not(cac:SpecificTendererRequirement/cbc:TendererRequirementTypeCode[@listName='missing-info-submission'])]/cac:SpecificTendererRequirement[cbc:TendererRequirementTypeCode/@listName='reserved-procurement']/cbc:TendererRequirementTypeCode/@listName"", 'test_data_xpaths': [{'test_data_suite_oid': '6809839e9090eed3decccd14', 'test_data_suite_id': 'sdk_examples_pin-1.3', 'test_data_oid': '6809839e9090eed3decccd1d', 'test_data_id': 'pin-only_24_maximal', 'xpaths': [{'xpath': 'PriorInformationNotice/cac:ProcurementProjectLot/cac:TenderingTerms/cac:TendererQualificationRequest/cac:SpecificTendererRequirement/cbc:TendererRequirementTypeCode/listName', 'value': 'reserved-procurement'}]}], 'is_covered': True, 'xpath_conditions': [{'xpath_condition': '', 'meets_xpath_condition': True}], 'message': None}"
636,2025-04-24 00:48:48.746065+00:00,"{'sdk_element_id': 'BT-710-LotResult-Currency', 'sdk_element_title': 'Tender Value Lowest Currency', 'sdk_element_xpath': '/*/ext:UBLExtensions/ext:UBLExtension/ext:ExtensionContent/efext:EformsExtension/efac:NoticeResult/efac:LotResult/cbc:LowerTenderAmount/@currencyID', 'test_data_xpaths': [], 'is_covered': False, 'xpath_conditions': [{'xpath_condition': ""not( exists(efac:FieldsPrivacy[efbc:FieldIdentifierCode/text()='ten-val-low']) and cbc:LowerTenderAmount/text() = '-1' )"", 'meets_xpath_condition': True}], 'message': None}"
637,2025-04-24 00:48:48.746065+00:00,"{'sdk_element_id': 'BT-711-LotResult-Currency', 'sdk_element_title': 'Tender Value Highest Currency', 'sdk_element_xpath': '/*/ext:UBLExtensions/ext:UBLExtension/ext:ExtensionContent/efext:EformsExtension/efac:NoticeResult/efac:LotResult/cbc:HigherTenderAmount/@currencyID', 'test_data_xpaths': [], 'is_covered': False, 'xpath_conditions': [{'xpath_condition': ""not( exists(efac:FieldsPrivacy[efbc:FieldIdentifierCode/text()='ten-val-hig']) and cbc:HigherTenderAmount/text() = '-1' )"", 'meets_xpath_condition': True}], 'message': None}"
638,2025-04-24 00:48:48.746065+00:00,"{'sdk_element_id': 'BT-717-Lot-List', 'sdk_element_title': 'Clean Vehicles Directive Listname', 'sdk_element_xpath': ""/*/cac:ProcurementProjectLot[cbc:ID/@schemeName='Lot']/cac:TenderingTerms/ext:UBLExtensions/ext:UBLExtension/ext:ExtensionContent/efext:EformsExtension/efac:StrategicProcurement/efbc:ApplicableLegalBasis/@listName"", 'test_data_xpaths': [], 'is_covered': False, 'xpath_conditions': [{'xpath_condition': '', 'meets_xpath_condition': True}], 'message': None}"
639,2025-04-24 00:48:48.746065+00:00,"{'sdk_element_id': 'BT-720-Tender-Currency', 'sdk_element_title': 'Tender Value Currency', 'sdk_element_xpath': '/*/ext:UBLExtensions/ext:UBLExtension/ext:ExtensionContent/efext:EformsExtension/efac:NoticeResult/efac:LotTender/cac:LegalMonetaryTotal/cbc:PayableAmount/@currencyID', 'test_data_xpaths': [], 'is_covered': False, 'xpath_conditions': [{'xpath_condition': ""not( exists(efac:FieldsPrivacy[efbc:FieldIdentifierCode/text()='win-ten-val']) and cac:LegalMonetaryTotal/cbc:PayableAmount/text() = '-1' )"", 'meets_xpath_condition': True}], 'message': None}"
640,2025-04-24 00:48:48.746065+00:00,"{'sdk_element_id': 'BT-723-LotResult-List', 'sdk_element_title': 'Vehicle Category Listname', 'sdk_element_xpath': '/*/ext:UBLExtensions/ext:UBLExtension/ext:ExtensionContent/efext:EformsExtension/efac:NoticeResult/efac:LotResult/efac:StrategicProcurement/efac:StrategicProcurementInformation/efac:ProcurementDetails/efbc:AssetCategoryCode/@listName', 'test_data_xpaths': [], 'is_covered': False, 'xpath_conditions': [{'xpath_condition': '', 'meets_xpath_condition': True}], 'message': None}"
641,2025-04-24 00:48:48.746065+00:00,"{'sdk_element_id': 'BT-735-Lot-List', 'sdk_element_title': 'CVD Contract Type Listname', 'sdk_element_xpath': ""/*/cac:ProcurementProjectLot[cbc:ID/@schemeName='Lot']/cac:TenderingTerms/ext:UBLExtensions/ext:UBLExtension/ext:ExtensionContent/efext:EformsExtension/efac:StrategicProcurement/efac:StrategicProcurementInformation/efbc:ProcurementCategoryCode/@listName"", 'test_data_xpaths': [], 'is_covered': False, 'xpath_conditions': [{'xpath_condition': '', 'meets_xpath_condition': True}], 'message': None}"
642,2025-04-24 00:48:48.746065+00:00,"{'sdk_element_id': 'BT-735-LotResult-List', 'sdk_element_title': 'CVD Contract Type Listname', 'sdk_element_xpath': '/*/ext:UBLExtensions/ext:UBLExtension/ext:ExtensionContent/efext:EformsExtension/efac:NoticeResult/efac:LotResult/efac:StrategicProcurement/efac:StrategicProcurementInformation/efbc:ProcurementCategoryCode/@listName', 'test_data_xpaths': [], 'is_covered': False, 'xpath_conditions': [{'xpath_condition': '', 'meets_xpath_condition': True}], 'message': None}"
643,2025-04-24 00:48:48.746065+00:00,"{'sdk_element_id': 'BT-745-Lot-Language', 'sdk_element_title': 'Submission Nonelectronic Description Language', 'sdk_element_xpath': ""/*/cac:ProcurementProjectLot[cbc:ID/@schemeName='Lot']/cac:TenderingProcess/cac:ProcessJustification[cbc:ProcessReasonCode/@listName='no-esubmission-justification']/cbc:Description/@languageID"", 'test_data_xpaths': [], 'is_covered': False, 'xpath_conditions': [{'xpath_condition': '', 'meets_xpath_condition': True}], 'message': None}"
644,2025-04-24 00:48:48.746065+00:00,"{'sdk_element_id': 'BT-747-Lot-List', 'sdk_element_title': 'Selection Criteria Type Listname', 'sdk_element_xpath': ""/*/cac:ProcurementProjectLot[cbc:ID/@schemeName='Lot']/cac:TenderingTerms/ext:UBLExtensions/ext:UBLExtension/ext:ExtensionContent/efext:EformsExtension/efac:SelectionCriteria/cbc:CriterionTypeCode[@listName='selection-criterion']/@listName"", 'test_data_xpaths': [{'test_data_suite_oid': '6809839e9090eed3decccd14', 'test_data_suite_id': 'sdk_examples_pin-1.3', 'test_data_oid': '6809839e9090eed3decccd18', 'test_data_id': 'qu-sy_25', 'xpaths': [{'xpath': 'PriorInformationNotice/cac:ProcurementProjectLot/cac:TenderingTerms/ext:UBLExtensions/ext:UBLExtension/ext:ExtensionContent/efext:EformsExtension/efac:SelectionCriteria/cbc:CriterionTypeCode/listName', 'value': 'selection-criterion'}, {'xpath': 'PriorInformationNotice/cac:ProcurementProjectLot/cac:TenderingTerms/ext:UBLExtensions/ext:UBLExtension/ext:ExtensionContent/efext:EformsExtension/efac:SelectionCriteria/cbc:CriterionTypeCode/listName', 'value': 'selection-criterion'}, {'xpath': 'PriorInformationNotice/cac:ProcurementProjectLot/cac:TenderingTerms/ext:UBLExtensions/ext:UBLExtension/ext:ExtensionContent/efext:EformsExtension/efac:SelectionCriteria/cbc:CriterionTypeCode/listName', 'value': 'selection-criterion'}]}, {'test_data_suite_oid': '6809839e9090eed3decccd14', 'test_data_suite_id': 'sdk_examples_pin-1.3', 'test_data_oid': '6809839e9090eed3decccd19', 'test_data_id': 'CEI', 'xpaths': [{'xpath': 'PriorInformationNotice/cac:ProcurementProjectLot/cac:TenderingTerms/ext:UBLExtensions/ext:UBLExtension/ext:ExtensionContent/efext:EformsExtension/efac:SelectionCriteria/cbc:CriterionTypeCode/listName', 'value': 'selection-criterion'}, {'xpath': 'PriorInformationNotice/cac:ProcurementProjectLot/cac:TenderingTerms/ext:UBLExtensions/ext:UBLExtension/ext:ExtensionContent/efext:EformsExtension/efac:SelectionCriteria/cbc:CriterionTypeCode/listName', 'value': 'selection-criterion'}, {'xpath': 'PriorInformationNotice/cac:ProcurementProjectLot/cac:TenderingTerms/ext:UBLExtensions/ext:UBLExtension/ext:ExtensionContent/efext:EformsExtension/efac:SelectionCriteria/cbc:CriterionTypeCode/listName', 'value': 'selection-criterion'}]}, {'test_data_suite_oid': '6809839e9090eed3decccd14', 'test_data_suite_id': 'sdk_examples_pin-1.3', 'test_data_oid': '6809839e9090eed3decccd1a', 'test_data_id': 'pin-cfc_25', 'xpaths': [{'xpath': 'PriorInformationNotice/cac:ProcurementProjectLot/cac:TenderingTerms/ext:UBLExtensions/ext:UBLExtension/ext:ExtensionContent/efext:EformsExtension/efac:SelectionCriteria/cbc:CriterionTypeCode/listName', 'value': 'selection-criterion'}, {'xpath': 'PriorInformationNotice/cac:ProcurementProjectLot/cac:TenderingTerms/ext:UBLExtensions/ext:UBLExtension/ext:ExtensionContent/efext:EformsExtension/efac:SelectionCriteria/cbc:CriterionTypeCode/listName', 'value': 'selection-criterion'}, {'xpath': 'PriorInformationNotice/cac:ProcurementProjectLot/cac:TenderingTerms/ext:UBLExtensions/ext:UBLExtension/ext:ExtensionContent/efext:EformsExtension/efac:SelectionCriteria/cbc:CriterionTypeCode/listName', 'value': 'selection-criterion'}, {'xpath': 'PriorInformationNotice/cac:ProcurementProjectLot/cac:TenderingTerms/ext:UBLExtensions/ext:UBLExtension/ext:ExtensionContent/efext:EformsExtension/efac:SelectionCriteria/cbc:CriterionTypeCode/listName', 'value': 'selection-criterion'}, {'xpath': 'PriorInformationNotice/cac:ProcurementProjectLot/cac:TenderingTerms/ext:UBLExtensions/ext:UBLExtension/ext:ExtensionContent/efext:EformsExtension/efac:SelectionCriteria/cbc:CriterionTypeCode/listName', 'value': 'selection-criterion'}, {'xpath': 'PriorInformationNotice/cac:ProcurementProjectLot/cac:TenderingTerms/ext:UBLExtensions/ext:UBLExtension/ext:ExtensionContent/efext:EformsExtension/efac:SelectionCriteria/cbc:CriterionTypeCode/listName', 'value': 'selection-criterion'}]}], 'is_covered': True, 'xpath_conditions': [{'xpath_condition': '', 'meets_xpath_condition': True}], 'message': None}"
645,2025-04-24 00:48:48.746065+00:00,"{'sdk_element_id': 'BT-748-Lot-List', 'sdk_element_title': 'Selection Criteria Used Listname', 'sdk_element_xpath': ""/*/cac:ProcurementProjectLot[cbc:ID/@schemeName='Lot']/cac:TenderingTerms/ext:UBLExtensions/ext:UBLExtension/ext:ExtensionContent/efext:EformsExtension/efac:SelectionCriteria/cbc:CalculationExpressionCode[@listName='usage']/@listName"", 'test_data_xpaths': [{'test_data_suite_oid': '6809839e9090eed3decccd14', 'test_data_suite_id': 'sdk_examples_pin-1.3', 'test_data_oid': '6809839e9090eed3decccd18', 'test_data_id': 'qu-sy_25', 'xpaths': [{'xpath': 'PriorInformationNotice/cac:ProcurementProjectLot/cac:TenderingTerms/ext:UBLExtensions/ext:UBLExtension/ext:ExtensionContent/efext:EformsExtension/efac:SelectionCriteria/cbc:CalculationExpressionCode/listName', 'value': 'usage'}, {'xpath': 'PriorInformationNotice/cac:ProcurementProjectLot/cac:TenderingTerms/ext:UBLExtensions/ext:UBLExtension/ext:ExtensionContent/efext:EformsExtension/efac:SelectionCriteria/cbc:CalculationExpressionCode/listName', 'value': 'usage'}, {'xpath': 'PriorInformationNotice/cac:ProcurementProjectLot/cac:TenderingTerms/ext:UBLExtensions/ext:UBLExtension/ext:ExtensionContent/efext:EformsExtension/efac:SelectionCriteria/cbc:CalculationExpressionCode/listName', 'value': 'usage'}]}, {'test_data_suite_oid': '6809839e9090eed3decccd14', 'test_data_suite_id': 'sdk_examples_pin-1.3', 'test_data_oid': '6809839e9090eed3decccd19', 'test_data_id': 'CEI', 'xpaths': [{'xpath': 'PriorInformationNotice/cac:ProcurementProjectLot/cac:TenderingTerms/ext:UBLExtensions/ext:UBLExtension/ext:ExtensionContent/efext:EformsExtension/efac:SelectionCriteria/cbc:CalculationExpressionCode/listName', 'value': 'usage'}, {'xpath': 'PriorInformationNotice/cac:ProcurementProjectLot/cac:TenderingTerms/ext:UBLExtensions/ext:UBLExtension/ext:ExtensionContent/efext:EformsExtension/efac:SelectionCriteria/cbc:CalculationExpressionCode/listName', 'value': 'usage'}, {'xpath': 'PriorInformationNotice/cac:ProcurementProjectLot/cac:TenderingTerms/ext:UBLExtensions/ext:UBLExtension/ext:ExtensionContent/efext:EformsExtension/efac:SelectionCriteria/cbc:CalculationExpressionCode/listName', 'value': 'usage'}]}, {'test_data_suite_oid': '6809839e9090eed3decccd14', 'test_data_suite_id': 'sdk_examples_pin-1.3', 'test_data_oid': '6809839e9090eed3decccd1a', 'test_data_id': 'pin-cfc_25', 'xpaths': [{'xpath': 'PriorInformationNotice/cac:ProcurementProjectLot/cac:TenderingTerms/ext:UBLExtensions/ext:UBLExtension/ext:ExtensionContent/efext:EformsExtension/efac:SelectionCriteria/cbc:CalculationExpressionCode/listName', 'value': 'usage'}, {'xpath': 'PriorInformationNotice/cac:ProcurementProjectLot/cac:TenderingTerms/ext:UBLExtensions/ext:UBLExtension/ext:ExtensionContent/efext:EformsExtension/efac:SelectionCriteria/cbc:CalculationExpressionCode/listName', 'value': 'usage'}, {'xpath': 'PriorInformationNotice/cac:ProcurementProjectLot/cac:TenderingTerms/ext:UBLExtensions/ext:UBLExtension/ext:ExtensionContent/efext:EformsExtension/efac:SelectionCriteria/cbc:CalculationExpressionCode/listName', 'value': 'usage'}, {'xpath': 'PriorInformationNotice/cac:ProcurementProjectLot/cac:TenderingTerms/ext:UBLExtensions/ext:UBLExtension/ext:ExtensionContent/efext:EformsExtension/efac:SelectionCriteria/cbc:CalculationExpressionCode/listName', 'value': 'usage'}, {'xpath': 'PriorInformationNotice/cac:ProcurementProjectLot/cac:TenderingTerms/ext:UBLExtensions/ext:UBLExtension/ext:ExtensionContent/efext:EformsExtension/efac:SelectionCriteria/cbc:CalculationExpressionCode/listName', 'value': 'usage'}, {'xpath': 'PriorInformationNotice/cac:ProcurementProjectLot/cac:TenderingTerms/ext:UBLExtensions/ext:UBLExtension/ext:ExtensionContent/efext:EformsExtension/efac:SelectionCriteria/cbc:CalculationExpressionCode/listName', 'value': 'usage'}]}], 'is_covered': True, 'xpath_conditions': [{'xpath_condition': '', 'meets_xpath_condition': True}], 'message': None}"
646,2025-04-24 00:48:48.746065+00:00,"{'sdk_element_id': 'BT-749-Lot-Language', 'sdk_element_title': 'Selection Criteria Name Language', 'sdk_element_xpath': ""/*/cac:ProcurementProjectLot[cbc:ID/@schemeName='Lot']/cac:TenderingTerms/ext:UBLExtensions/ext:UBLExtension/ext:ExtensionContent/efext:EformsExtension/efac:SelectionCriteria/cbc:Name/@languageID"", 'test_data_xpaths': [], 'is_covered': False, 'xpath_conditions': [{'xpath_condition': '', 'meets_xpath_condition': True}], 'message': None}"
647,2025-04-24 00:48:48.746065+00:00,"{'sdk_element_id': 'BT-771-Lot-List', 'sdk_element_title': 'Late Tenderer Information Listname', 'sdk_element_xpath': ""/*/cac:ProcurementProjectLot[cbc:ID/@schemeName='Lot']/cac:TenderingTerms/cac:TendererQualificationRequest[not(cbc:CompanyLegalFormCode)]/cac:SpecificTendererRequirement[cbc:TendererRequirementTypeCode/@listName='missing-info-submission']/cbc:TendererRequirementTypeCode/@listName"", 'test_data_xpaths': [], 'is_covered': False, 'xpath_conditions': [{'xpath_condition': '', 'meets_xpath_condition': True}], 'message': None}"
648,2025-04-24 00:48:48.746065+00:00,"{'sdk_element_id': 'BT-772-Lot-Language', 'sdk_element_title': 'Late Tenderer Information Description Language', 'sdk_element_xpath': ""/*/cac:ProcurementProjectLot[cbc:ID/@schemeName='Lot']/cac:TenderingTerms/cac:TendererQualificationRequest[not(cbc:CompanyLegalFormCode)]/cac:SpecificTendererRequirement[cbc:TendererRequirementTypeCode/@listName='missing-info-submission']/cbc:Description/@languageID"", 'test_data_xpaths': [], 'is_covered': False, 'xpath_conditions': [{'xpath_condition': ""cbc:TendererRequirementTypeCode[@listName='missing-info-submission']"", 'meets_xpath_condition': False}], 'message': None}"
649,2025-04-24 00:48:48.746065+00:00,"{'sdk_element_id': 'BT-779-Tender-Currency', 'sdk_element_title': 'Tender Payment Value Currency', 'sdk_element_xpath': '/*/ext:UBLExtensions/ext:UBLExtension/ext:ExtensionContent/efext:EformsExtension/efac:NoticeResult/efac:LotTender/efac:AggregatedAmounts/cbc:PaidAmount/@currencyID', 'test_data_xpaths': [], 'is_covered': False, 'xpath_conditions': [{'xpath_condition': '', 'meets_xpath_condition': True}], 'message': None}"
650,2025-04-24 00:48:48.746065+00:00,"{'sdk_element_id': 'BT-782-Tender-Currency', 'sdk_element_title': 'Tender Penalties Currency', 'sdk_element_xpath': '/*/ext:UBLExtensions/ext:UBLExtension/ext:ExtensionContent/efext:EformsExtension/efac:NoticeResult/efac:LotTender/efac:AggregatedAmounts/efbc:PenaltiesAmount/@currencyID', 'test_data_xpaths': [], 'is_covered': False, 'xpath_conditions': [{'xpath_condition': '', 'meets_xpath_condition': True}], 'message': None}"
651,2025-04-24 00:48:48.746065+00:00,"{'sdk_element_id': 'BT-783-Review-List', 'sdk_element_title': 'Review Request or Decision Listname', 'sdk_element_xpath': '/*/ext:UBLExtensions/ext:UBLExtension/ext:ExtensionContent/efext:EformsExtension/efac:AppealsInformation/efac:AppealStatus/efbc:AppealStageCode/@listName', 'test_data_xpaths': [], 'is_covered': False, 'xpath_conditions': [{'xpath_condition': '', 'meets_xpath_condition': True}], 'message': None}"
652,2025-04-24 00:48:48.746065+00:00,"{'sdk_element_id': 'BT-788-Review-Language', 'sdk_element_title': 'Review Title Language', 'sdk_element_xpath': '/*/ext:UBLExtensions/ext:UBLExtension/ext:ExtensionContent/efext:EformsExtension/efac:AppealsInformation/efac:AppealStatus/cbc:Title/@languageID', 'test_data_xpaths': [], 'is_covered': False, 'xpath_conditions': [{'xpath_condition': ""efbc:AppealStageCode='dec'"", 'meets_xpath_condition': False}], 'message': None}"
653,2025-04-24 00:48:48.746065+00:00,"{'sdk_element_id': 'BT-789-Review-Language', 'sdk_element_title': 'Review Description Language', 'sdk_element_xpath': '/*/ext:UBLExtensions/ext:UBLExtension/ext:ExtensionContent/efext:EformsExtension/efac:AppealsInformation/efac:AppealStatus/cbc:Description/@languageID', 'test_data_xpaths': [], 'is_covered': False, 'xpath_conditions': [{'xpath_condition': ""efbc:AppealStageCode='dec'"", 'meets_xpath_condition': False}], 'message': None}"
654,2025-04-24 00:48:48.746065+00:00,"{'sdk_element_id': 'BT-790-Review-List', 'sdk_element_title': 'Review Decision Type Listname', 'sdk_element_xpath': '/*/ext:UBLExtensions/ext:UBLExtension/ext:ExtensionContent/efext:EformsExtension/efac:AppealsInformation/efac:AppealStatus/efac:AppealDecision/efbc:DecisionTypeCode/@listName', 'test_data_xpaths': [], 'is_covered': False, 'xpath_conditions': [{'xpath_condition': '', 'meets_xpath_condition': True}], 'message': None}"
655,2025-04-24 00:48:48.746065+00:00,"{'sdk_element_id': 'BT-791-Review-List', 'sdk_element_title': 'Review Irregularity Type Listname', 'sdk_element_xpath': '/*/ext:UBLExtensions/ext:UBLExtension/ext:ExtensionContent/efext:EformsExtension/efac:AppealsInformation/efac:AppealStatus/efac:AppealIrregularity/efbc:IrregularityTypeCode/@listName', 'test_data_xpaths': [], 'is_covered': False, 'xpath_conditions': [{'xpath_condition': ""../efbc:AppealStageCode='dec'"", 'meets_xpath_condition': False}], 'message': None}"
656,2025-04-24 00:48:48.746065+00:00,"{'sdk_element_id': 'BT-792-Review-List', 'sdk_element_title': 'Review Remedy Type Listname', 'sdk_element_xpath': '/*/ext:UBLExtensions/ext:UBLExtension/ext:ExtensionContent/efext:EformsExtension/efac:AppealsInformation/efac:AppealStatus/efac:AppealRemedy/efbc:RemedyTypeCode/@listName', 'test_data_xpaths': [], 'is_covered': False, 'xpath_conditions': [{'xpath_condition': ""../efbc:AppealStageCode='dec'"", 'meets_xpath_condition': False}], 'message': None}"
657,2025-04-24 00:48:48.746065+00:00,"{'sdk_element_id': 'BT-793-Review-Currency', 'sdk_element_title': 'Review Remedy Value Currency', 'sdk_element_xpath': '/*/ext:UBLExtensions/ext:UBLExtension/ext:ExtensionContent/efext:EformsExtension/efac:AppealsInformation/efac:AppealStatus/efbc:RemedyAmount/@currencyID', 'test_data_xpaths': [], 'is_covered': False, 'xpath_conditions': [{'xpath_condition': '', 'meets_xpath_condition': True}], 'message': None}"
658,2025-04-24 00:48:48.746065+00:00,"{'sdk_element_id': 'BT-795-Review-Currency', 'sdk_element_title': 'Review Request Fee Currency', 'sdk_element_xpath': '/*/ext:UBLExtensions/ext:UBLExtension/ext:ExtensionContent/efext:EformsExtension/efac:AppealsInformation/efac:AppealStatus/cbc:FeeAmount/@currencyID', 'test_data_xpaths': [], 'is_covered': False, 'xpath_conditions': [{'xpath_condition': '', 'meets_xpath_condition': True}], 'message': None}"
659,2025-04-24 00:48:48.746065+00:00,"{'sdk_element_id': 'BT-798-Review-Language', 'sdk_element_title': 'Review Request Withdrawn Reasons Language', 'sdk_element_xpath': '/*/ext:UBLExtensions/ext:UBLExtension/ext:ExtensionContent/efext:EformsExtension/efac:AppealsInformation/efac:AppealStatus/efbc:WithdrawnAppealReasons/@languageID', 'test_data_xpaths': [], 'is_covered': False, 'xpath_conditions': [{'xpath_condition': '', 'meets_xpath_condition': True}], 'message': None}"
660,2025-04-24 00:48:48.746065+00:00,"{'sdk_element_id': 'BT-799-ReviewBody-List', 'sdk_element_title': 'Review Body Type Listname', 'sdk_element_xpath': '/*/ext:UBLExtensions/ext:UBLExtension/ext:ExtensionContent/efext:EformsExtension/efac:AppealsInformation/efac:AppealStatus/efac:AppealProcessingParty/efbc:AppealProcessingPartyTypeCode/@listName', 'test_data_xpaths': [], 'is_covered': False, 'xpath_conditions': [{'xpath_condition': '', 'meets_xpath_condition': True}], 'message': None}"
661,2025-04-24 00:48:48.746065+00:00,"{'sdk_element_id': 'OPT-155-LotResult-List', 'sdk_element_title': 'Vehicle Type Listname', 'sdk_element_xpath': '/*/ext:UBLExtensions/ext:UBLExtension/ext:ExtensionContent/efext:EformsExtension/efac:NoticeResult/efac:LotResult/efac:StrategicProcurement/efac:StrategicProcurementInformation/efac:ProcurementDetails/efac:StrategicProcurementStatistics/efbc:StatisticsCode/@listName', 'test_data_xpaths': [], 'is_covered': False, 'xpath_conditions': [{'xpath_condition': '', 'meets_xpath_condition': True}], 'message': None}"
662,2025-04-24 00:48:48.746065+00:00,"{'sdk_element_id': 'OPT-300-Procedure-Buyer-Scheme', 'sdk_element_title': 'Buyer Technical Identifier Reference Schemename', 'sdk_element_xpath': '/*/cac:ContractingParty/cac:Party/cac:PartyIdentification/cbc:ID/@schemeName', 'test_data_xpaths': [{'test_data_suite_oid': '6809839e9090eed3decccd14', 'test_data_suite_id': 'sdk_examples_pin-1.3', 'test_data_oid': '6809839e9090eed3decccd15', 'test_data_id': 't01_PRT', 'xpaths': [{'xpath': 'PriorInformationNotice/cac:ContractingParty/cac:Party/cac:PartyIdentification/cbc:ID/schemeName', 'value': 'organization'}]}, {'test_data_suite_oid': '6809839e9090eed3decccd14', 'test_data_suite_id': 'sdk_examples_pin-1.3', 'test_data_oid': '6809839e9090eed3decccd16', 'test_data_id': 'pin-buyer_24', 'xpaths': [{'xpath': 'PriorInformationNotice/cac:ContractingParty/cac:Party/cac:PartyIdentification/cbc:ID/schemeName', 'value': 'organization'}]}, {'test_data_suite_oid': '6809839e9090eed3decccd14', 'test_data_suite_id': 'sdk_examples_pin-1.3', 'test_data_oid': '6809839e9090eed3decccd17', 'test_data_id': 'pin-buyer_24_published', 'xpaths': [{'xpath': 'PriorInformationNotice/cac:ContractingParty/cac:Party/cac:PartyIdentification/cbc:ID/schemeName', 'value': 'organization'}]}, {'test_data_suite_oid': '6809839e9090eed3decccd14', 'test_data_suite_id': 'sdk_examples_pin-1.3', 'test_data_oid': '6809839e9090eed3decccd18', 'test_data_id': 'qu-sy_25', 'xpaths': [{'xpath': 'PriorInformationNotice/cac:ContractingParty/cac:Party/cac:PartyIdentification/cbc:ID/schemeName', 'value': 'organization'}]}, {'test_data_suite_oid': '6809839e9090eed3decccd14', 'test_data_suite_id': 'sdk_examples_pin-1.3', 'test_data_oid': '6809839e9090eed3decccd19', 'test_data_id': 'CEI', 'xpaths': [{'xpath': 'PriorInformationNotice/cac:ContractingParty/cac:Party/cac:PartyIdentification/cbc:ID/schemeName', 'value': 'organization'}]}, {'test_data_suite_oid': '6809839e9090eed3decccd14', 'test_data_suite_id': 'sdk_examples_pin-1.3', 'test_data_oid': '6809839e9090eed3decccd1a', 'test_data_id': 'pin-cfc_25', 'xpaths': [{'xpath': 'PriorInformationNotice/cac:ContractingParty/cac:Party/cac:PartyIdentification/cbc:ID/schemeName', 'value': 'organization'}]}, {'test_data_suite_oid': '6809839e9090eed3decccd14', 'test_data_suite_id': 'sdk_examples_pin-1.3', 'test_data_oid': '6809839e9090eed3decccd1b', 'test_data_id': 'pin-only_81_FRA', 'xpaths': [{'xpath': 'PriorInformationNotice/cac:ContractingParty/cac:Party/cac:PartyIdentification/cbc:ID/schemeName', 'value': 'organization'}]}, {'test_data_suite_oid': '6809839e9090eed3decccd14', 'test_data_suite_id': 'sdk_examples_pin-1.3', 'test_data_oid': '6809839e9090eed3decccd1c', 'test_data_id': 'pin-only_24_lots', 'xpaths': [{'xpath': 'PriorInformationNotice/cac:ContractingParty/cac:Party/cac:PartyIdentification/cbc:ID/schemeName', 'value': 'organization'}]}, {'test_data_suite_oid': '6809839e9090eed3decccd14', 'test_data_suite_id': 'sdk_examples_pin-1.3', 'test_data_oid': '6809839e9090eed3decccd1d', 'test_data_id': 'pin-only_24_maximal', 'xpaths': [{'xpath': 'PriorInformationNotice/cac:ContractingParty/cac:Party/cac:PartyIdentification/cbc:ID/schemeName', 'value': 'organization'}]}, {'test_data_suite_oid': '6809839e9090eed3decccd14', 'test_data_suite_id': 'sdk_examples_pin-1.3', 'test_data_oid': '6809839e9090eed3decccd1e', 'test_data_id': 'pin-only_fin-reg', 'xpaths': [{'xpath': 'PriorInformationNotice/cac:ContractingParty/cac:Party/cac:PartyIdentification/cbc:ID/schemeName', 'value': 'organization'}]}, {'test_data_suite_oid': '6809839e9090eed3decccd14', 'test_data_suite_id': 'sdk_examples_pin-1.3', 'test_data_oid': '6809839e9090eed3decccd1f', 'test_data_id': 'pin-only_81', 'xpaths': [{'xpath': 'PriorInformationNotice/cac:ContractingParty/cac:Party/cac:PartyIdentification/cbc:ID/schemeName', 'value': 'organization'}]}, {'test_data_suite_oid': '6809839e9090eed3decccd14', 'test_data_suite_id': 'sdk_examples_pin-1.3', 'test_data_oid': '6809839e9090eed3decccd20', 'test_data_id': 'pin-buyer_24_minimal', 'xpaths': [{'xpath': 'PriorInformationNotice/cac:ContractingParty/cac:Party/cac:PartyIdentification/cbc:ID/schemeName', 'value': 'organization'}]}, {'test_data_suite_oid': '6809839e9090eed3decccd14', 'test_data_suite_id': 'sdk_examples_pin-1.3', 'test_data_oid': '6809839e9090eed3decccd21', 'test_data_id': 'pin-only_24', 'xpaths': [{'xpath': 'PriorInformationNotice/cac:ContractingParty/cac:Party/cac:PartyIdentification/cbc:ID/schemeName', 'value': 'organization'}]}], 'is_covered': True, 'xpath_conditions': [{'xpath_condition': '', 'meets_xpath_condition': True}], 'message': None}"
